// Generated by software/tools/make_cjk_font.py -- DO NOT EDIT.
//
// Glyphs are Cubic 11 (俐方體十一號), an 11x11 pixel font, rasterised at size 12.
// Pipeline: https://github.com/pondahai/ime-charset-font-bitmap
// Repacked losslessly from 1 byte/pixel to 1 bit/pixel; see the script for why.
//
// Bit 0 of every row is the leftmost pixel. Each glyph's y_offset is already
// baked into its row positions, so a stored row index is a cell row index.

#pragma once
#include <stdint.h>

#define CJK_CELL_HEIGHT   16
#define CJK_CELL_WIDTH    8
#define CJK_GLYPH_ROWS    13
#define CJK_GLYPH_COUNT   7701
#define CJK_GLYPH_YSHIFT  2
#define ASCII_GLYPH_ROWS  14
#define ASCII_FIRST       0x20
#define ASCII_COUNT       95

static const uint16_t cjk_index[CJK_GLYPH_COUNT] = {
    0x00a7,0x00b0,0x00b1,0x00d7,0x00f7,0x02c7,0x02ca,0x02cb,0x02d9,0x0391,0x0392,0x0393,
    0x0394,0x0395,0x0396,0x0397,0x0398,0x0399,0x039a,0x039b,0x039c,0x039d,0x039e,0x039f,
    0x03a0,0x03a1,0x03a3,0x03a4,0x03a5,0x03a6,0x03a7,0x03a8,0x03a9,0x03b1,0x03b2,0x03b3,
    0x03b4,0x03b5,0x03b6,0x03b7,0x03b8,0x03b9,0x03ba,0x03bb,0x03bc,0x03bd,0x03be,0x03bf,
    0x03c0,0x03c1,0x03c3,0x03c4,0x03c5,0x03c6,0x03c7,0x03c8,0x03c9,0x2013,0x2014,0x2018,
    0x2019,0x201c,0x201d,0x2025,0x2026,0x203b,0x2103,0x2160,0x2161,0x2162,0x2163,0x2164,
    0x2165,0x2166,0x2167,0x2168,0x2169,0x2190,0x2191,0x2192,0x2193,0x221a,0x221e,0x221f,
    0x2220,0x2234,0x2235,0x2252,0x2260,0x2261,0x2266,0x2267,0x22a5,0x22bf,0x22ef,0x2460,
    0x2461,0x2462,0x2463,0x2464,0x2465,0x2466,0x2467,0x2468,0x2469,0x246a,0x246b,0x246c,
    0x246d,0x246e,0x246f,0x2470,0x2471,0x2472,0x2473,0x2500,0x2502,0x250c,0x2510,0x2514,
    0x2518,0x251c,0x2524,0x252c,0x2534,0x253c,0x25a0,0x25a1,0x25b2,0x25b3,0x25bc,0x25bd,
    0x25c6,0x25c7,0x25cb,0x25ce,0x25cf,0x2605,0x2606,0x2640,0x2642,0x3001,0x3002,0x3003,
    0x3008,0x3009,0x300a,0x300b,0x300c,0x300d,0x300e,0x300f,0x3010,0x3011,0x3014,0x3015,
    0x3016,0x3017,0x3105,0x3106,0x3107,0x3108,0x3109,0x310a,0x310b,0x310c,0x310d,0x310e,
    0x310f,0x3110,0x3111,0x3112,0x3113,0x3114,0x3115,0x3116,0x3117,0x3118,0x3119,0x311a,
    0x311b,0x311c,0x311d,0x311e,0x311f,0x3120,0x3121,0x3122,0x3123,0x3124,0x3125,0x3126,
    0x3127,0x3128,0x3129,0x338e,0x338f,0x339c,0x339d,0x339e,0x33a1,0x33c4,0x39df,0x3b4e,
    0x4c9f,0x4e00,0x4e01,0x4e03,0x4e07,0x4e08,0x4e09,0x4e0a,0x4e0b,0x4e0d,0x4e0e,0x4e0f,
    0x4e10,0x4e11,0x4e13,0x4e14,0x4e15,0x4e16,0x4e18,0x4e19,0x4e1a,0x4e1b,0x4e1c,0x4e1d,
    0x4e1e,0x4e1f,0x4e22,0x4e24,0x4e25,0x4e26,0x4e27,0x4e2a,0x4e2b,0x4e2d,0x4e30,0x4e32,
    0x4e34,0x4e38,0x4e39,0x4e3a,0x4e3b,0x4e3d,0x4e3e,0x4e42,0x4e43,0x4e45,0x4e48,0x4e49,
    0x4e4b,0x4e4c,0x4e4d,0x4e4e,0x4e4f,0x4e50,0x4e52,0x4e53,0x4e54,0x4e56,0x4e58,0x4e59,
    0x4e5c,0x4e5d,0x4e5e,0x4e5f,0x4e60,0x4e61,0x4e66,0x4e69,0x4e70,0x4e71,0x4e73,0x4e78,
    0x4e7e,0x4e82,0x4e86,0x4e88,0x4e89,0x4e8b,0x4e8c,0x4e8e,0x4e8f,0x4e91,0x4e92,0x4e93,
    0x4e94,0x4e95,0x4e98,0x4e99,0x4e9a,0x4e9b,0x4e9e,0x4e9f,0x4ea1,0x4ea2,0x4ea4,0x4ea5,
    0x4ea6,0x4ea7,0x4ea8,0x4ea9,0x4eab,0x4eac,0x4ead,0x4eae,0x4eb2,0x4eb3,0x4eb6,0x4eba,
    0x4ebf,0x4ec0,0x4ec1,0x4ec2,0x4ec3,0x4ec4,0x4ec5,0x4ec6,0x4ec7,0x4ec9,0x4eca,0x4ecb,
    0x4ecd,0x4ece,0x4ed1,0x4ed3,0x4ed4,0x4ed5,0x4ed6,0x4ed7,0x4ed8,0x4ed9,0x4edd,0x4ede,
    0x4edf,0x4ee3,0x4ee4,0x4ee5,0x4ee8,0x4eea,0x4eec,0x4ef0,0x4ef2,0x4ef3,0x4ef6,0x4ef7,
    0x4efb,0x4efd,0x4eff,0x4f01,0x4f09,0x4f0a,0x4f0b,0x4f0d,0x4f0e,0x4f0f,0x4f10,0x4f11,
    0x4f15,0x4f17,0x4f18,0x4f19,0x4f1a,0x4f1e,0x4f1f,0x4f20,0x4f24,0x4f26,0x4f2a,0x4f2f,
    0x4f30,0x4f34,0x4f36,0x4f38,0x4f3a,0x4f3c,0x4f3d,0x4f43,0x4f46,0x4f47,0x4f48,0x4f4d,
    0x4f4e,0x4f4f,0x4f50,0x4f51,0x4f53,0x4f54,0x4f55,0x4f57,0x4f58,0x4f59,0x4f5a,0x4f5b,
    0x4f5c,0x4f5d,0x4f5e,0x4f5f,0x4f60,0x4f63,0x4f69,0x4f6c,0x4f6f,0x4f70,0x4f73,0x4f74,
    0x4f75,0x4f76,0x4f7a,0x4f7b,0x4f7c,0x4f7e,0x4f7f,0x4f83,0x4f84,0x4f86,0x4f88,0x4f8b,
    0x4f8d,0x4f8f,0x4f91,0x4f94,0x4f96,0x4f97,0x4f98,0x4f9b,0x4f9d,0x4fa0,0x4fa3,0x4fa5,
    0x4fa6,0x4fa7,0x4fa8,0x4fa9,0x4fae,0x4faf,0x4fb5,0x4fb6,0x4fb7,0x4fbf,0x4fc2,0x4fc3,
    0x4fc4,0x4fca,0x4fce,0x4fcf,0x4fd0,0x4fd1,0x4fd7,0x4fd8,0x4fda,0x4fdb,0x4fdd,0x4fde,
    0x4fdf,0x4fe0,0x4fe1,0x4fe3,0x4fe9,0x4fed,0x4fee,0x4fef,0x4ff1,0x4ff3,0x4ff5,0x4ff6,
    0x4ff8,0x4ffa,0x4ffe,0x5006,0x5009,0x500b,0x500c,0x500d,0x500f,0x5011,0x5012,0x5014,
    0x5016,0x5018,0x5019,0x501a,0x501f,0x5021,0x5023,0x5025,0x5026,0x5028,0x5029,0x502a,
    0x502b,0x502c,0x502d,0x503a,0x503c,0x503e,0x5043,0x5047,0x5048,0x5049,0x504c,0x504e,
    0x504f,0x5055,0x505a,0x505c,0x5065,0x506c,0x506d,0x5072,0x5074,0x5075,0x5076,0x5077,
    0x507d,0x507f,0x5080,0x5085,0x5088,0x508d,0x5091,0x5096,0x5098,0x5099,0x509a,0x50a2,
    0x50a3,0x50a8,0x50ac,0x50ad,0x50af,0x50b2,0x50b3,0x50b4,0x50b5,0x50b7,0x50bb,0x50be,
    0x50c2,0x50c5,0x50c7,0x50c9,0x50ce,0x50cf,0x50d1,0x50d5,0x50d6,0x50da,0x50e5,0x50e7,
    0x50ed,0x50ee,0x50f1,0x50f3,0x50f5,0x50f9,0x50fb,0x5100,0x5102,0x5104,0x5108,0x5109,
    0x5110,0x5112,0x5114,0x5115,0x5118,0x511f,0x5121,0x512a,0x5132,0x5133,0x5137,0x5138,
    0x513a,0x513c,0x513f,0x5140,0x5141,0x5143,0x5144,0x5145,0x5146,0x5147,0x5148,0x5149,
    0x514b,0x514c,0x514d,0x5151,0x5152,0x5154,0x5155,0x5157,0x515a,0x515c,0x5162,0x5165,
    0x5167,0x5168,0x5169,0x516b,0x516c,0x516d,0x516e,0x5170,0x5171,0x5173,0x5174,0x5175,
    0x5176,0x5177,0x5178,0x5179,0x517b,0x517c,0x517d,0x5180,0x5185,0x5188,0x5189,0x518a,
    0x518c,0x518d,0x518f,0x5191,0x5192,0x5195,0x5197,0x5199,0x519b,0x519c,0x51a0,0x51a2,
    0x51a4,0x51a5,0x51aa,0x51ac,0x51af,0x51b0,0x51b1,0x51b2,0x51b3,0x51b5,0x51b6,0x51b7,
    0x51bb,0x51bd,0x51c0,0x51c4,0x51c6,0x51c9,0x51cb,0x51cc,0x51cd,0x51cf,0x51d1,0x51db,
    0x51dc,0x51dd,0x51e0,0x51e1,0x51e4,0x51eb,0x51ed,0x51ef,0x51f0,0x51f1,0x51f3,0x51f6,
    0x51f8,0x51f9,0x51fa,0x51fb,0x51fd,0x51ff,0x5200,0x5201,0x5203,0x5206,0x5207,0x5208,
    0x520a,0x520e,0x5211,0x5212,0x5216,0x5217,0x5218,0x5219,0x521a,0x521b,0x521d,0x5220,
    0x5224,0x5225,0x5228,0x5229,0x522a,0x522b,0x522e,0x5230,0x5233,0x5236,0x5237,0x5238,
    0x5239,0x523a,0x523b,0x523d,0x5241,0x5242,0x5243,0x5247,0x524a,0x524b,0x524c,0x524d,
    0x524e,0x5250,0x5251,0x5254,0x5256,0x525b,0x525c,0x525d,0x525e,0x5265,0x5267,0x5269,
    0x526a,0x526f,0x5272,0x5274,0x5275,0x5277,0x527d,0x527f,0x5282,0x5283,0x5287,0x5288,
    0x5289,0x528a,0x528d,0x5291,0x5293,0x529b,0x529d,0x529e,0x529f,0x52a0,0x52a1,0x52a3,
    0x52a8,0x52a9,0x52aa,0x52ab,0x52ac,0x52ad,0x52b1,0x52b2,0x52b3,0x52bb,0x52bc,0x52be,
    0x52bf,0x52c1,0x52c3,0x52c7,0x52c9,0x52cb,0x52cd,0x52d2,0x52d5,0x52d8,0x52d9,0x52db,
    0x52dd,0x52de,0x52df,0x52e0,0x52e2,0x52e4,0x52f0,0x52f5,0x52f8,0x52fa,0x52fb,0x52fe,
    0x52ff,0x5300,0x5305,0x5306,0x5308,0x530d,0x530f,0x5310,0x5315,0x5316,0x5317,0x5319,
    0x531d,0x5320,0x5321,0x5323,0x532a,0x532f,0x5331,0x5339,0x533a,0x533b,0x533e,0x533f,
    0x5340,0x5341,0x5343,0x5344,0x5345,0x5347,0x5348,0x5349,0x534a,0x534d,0x534e,0x534f,
    0x5351,0x5352,0x5353,0x5354,0x5355,0x5356,0x5357,0x535a,0x535c,0x535e,0x5360,0x5361,
    0x5362,0x5364,0x5366,0x5367,0x536b,0x536e,0x536f,0x5370,0x5371,0x5373,0x5374,0x5375,
    0x5377,0x5378,0x5379,0x537b,0x537f,0x5382,0x5384,0x5385,0x5386,0x5389,0x538b,0x538c,
    0x5395,0x5396,0x5398,0x539a,0x539d,0x539f,0x53a2,0x53a5,0x53a6,0x53a8,0x53a9,0x53ad,
    0x53ae,0x53b2,0x53bb,0x53bf,0x53c1,0x53c2,0x53c3,0x53c8,0x53c9,0x53ca,0x53cb,0x53cc,
    0x53cd,0x53d1,0x53d4,0x53d6,0x53d7,0x53d8,0x53d9,0x53db,0x53df,0x53e0,0x53e2,0x53e3,
    0x53e4,0x53e5,0x53e6,0x53e8,0x53e9,0x53ea,0x53eb,0x53ec,0x53ed,0x53ee,0x53ef,0x53f0,
    0x53f1,0x53f2,0x53f3,0x53f5,0x53f6,0x53f7,0x53f8,0x53f9,0x53fb,0x53fc,0x53fd,0x5401,
    0x5403,0x5404,0x5406,0x5408,0x5409,0x540a,0x540b,0x540c,0x540d,0x540e,0x540f,0x5410,
    0x5411,0x5412,0x5413,0x5415,0x5416,0x5417,0x541b,0x541d,0x541e,0x541f,0x5420,0x5426,
    0x5427,0x5428,0x5429,0x542b,0x542c,0x542d,0x542e,0x542f,0x5431,0x5433,0x5434,0x5435,
    0x5436,0x5438,0x5439,0x543b,0x543c,0x543d,0x543e,0x5440,0x5442,0x5443,0x5446,0x5448,
    0x544a,0x544e,0x5450,0x5454,0x5455,0x5457,0x5458,0x545b,0x545c,0x5462,0x5464,0x5466,
    0x5468,0x546f,0x5471,0x5472,0x5473,0x5475,0x5476,0x5477,0x5478,0x547b,0x547c,0x547d,
    0x5480,0x5484,0x5486,0x5487,0x548b,0x548c,0x548e,0x548f,0x5490,0x5492,0x5494,0x5495,
    0x5496,0x5499,0x549a,0x54a4,0x54a5,0x54a6,0x54a7,0x54a8,0x54a9,0x54aa,0x54ab,0x54ac,
    0x54af,0x54b1,0x54b3,0x54b8,0x54bb,0x54bd,0x54bf,0x54c0,0x54c1,0x54c2,0x54c4,0x54c6,
    0x54c7,0x54c8,0x54c9,0x54cd,0x54ce,0x54cf,0x54d1,0x54d7,0x54de,0x54df,0x54e1,0x54e2,
    0x54e5,0x54e6,0x54e8,0x54e9,0x54ea,0x54ed,0x54ee,0x54f2,0x54fa,0x54fc,0x54fd,0x5501,
    0x5506,0x5507,0x5509,0x550f,0x5510,0x5511,0x5514,0x5520,0x5524,0x5527,0x552c,0x552e,
    0x552f,0x5530,0x5531,0x5533,0x5537,0x5538,0x553e,0x5541,0x5543,0x5544,0x5546,0x554a,
    0x554f,0x5555,0x5556,0x5557,0x555c,0x555e,0x555f,0x5561,0x5563,0x5564,0x5565,0x5566,
    0x556a,0x556b,0x556c,0x556e,0x5570,0x5575,0x5576,0x5578,0x557b,0x557c,0x557e,0x5580,
    0x5582,0x5583,0x5584,0x5586,0x5587,0x5589,0x558a,0x558b,0x558f,0x5594,0x5598,0x5599,
    0x559a,0x559c,0x559d,0x559f,0x55a7,0x55aa,0x55ab,0x55ac,0x55ae,0x55b1,0x55b2,0x55b3,
    0x55b5,0x55b7,0x55bb,0x55c4,0x55c5,0x55c6,0x55c7,0x55c9,0x55cc,0x55ce,0x55d1,0x55d2,
    0x55d3,0x55d4,0x55d6,0x55da,0x55dc,0x55dd,0x55df,0x55e1,0x55e3,0x55e4,0x55e5,0x55e6,
    0x55e8,0x55ef,0x55f2,0x55f6,0x55f7,0x55fd,0x55fe,0x5600,0x5601,0x5606,0x5608,0x5609,
    0x560c,0x560d,0x560e,0x5614,0x5616,0x5617,0x5618,0x561b,0x561c,0x561e,0x561f,0x5629,
    0x562d,0x562e,0x562f,0x5630,0x5631,0x5632,0x5634,0x5636,0x5639,0x563b,0x563f,0x5641,
    0x5642,0x564c,0x564e,0x5653,0x5657,0x5658,0x5659,0x565a,0x5660,0x5662,0x5664,0x5665,
    0x5668,0x5669,0x566a,0x566b,0x566c,0x566f,0x5671,0x5674,0x5676,0x5678,0x5679,0x567c,
    0x5680,0x5685,0x5686,0x5687,0x568e,0x568f,0x5690,0x5693,0x5695,0x56a3,0x56a5,0x56a8,
    0x56ae,0x56af,0x56b4,0x56b6,0x56b7,0x56bc,0x56c0,0x56c1,0x56c2,0x56c8,0x56c9,0x56ca,
    0x56cc,0x56cd,0x56d1,0x56da,0x56db,0x56dd,0x56de,0x56df,0x56e0,0x56e1,0x56e2,0x56e4,
    0x56ea,0x56eb,0x56ed,0x56f0,0x56f1,0x56f4,0x56f9,0x56fa,0x56fd,0x56fe,0x56ff,0x5703,
    0x5704,0x5706,0x5707,0x5708,0x5709,0x570b,0x570d,0x5712,0x5713,0x5716,0x5718,0x571c,
    0x571f,0x5723,0x5728,0x5729,0x572c,0x572d,0x572e,0x572f,0x5730,0x5733,0x573a,0x573b,
    0x573e,0x5740,0x5742,0x5747,0x574a,0x574c,0x574d,0x574e,0x574f,0x5750,0x5751,0x5757,
    0x575a,0x575b,0x575d,0x575e,0x575f,0x5760,0x5761,0x5764,0x5766,0x5768,0x5769,0x576a,
    0x576d,0x576f,0x5777,0x577c,0x5782,0x5783,0x5784,0x5788,0x578b,0x5792,0x5793,0x579b,
    0x57a0,0x57a2,0x57a3,0x57a4,0x57a6,0x57ab,0x57ae,0x57b5,0x57c2,0x57c3,0x57c6,0x57cb,
    0x57ce,0x57d2,0x57d4,0x57d5,0x57d7,0x57df,0x57e0,0x57e4,0x57ea,0x57f4,0x57f7,0x57f9,
    0x57fa,0x57fc,0x5802,0x5803,0x5805,0x5806,0x5807,0x5809,0x580a,0x580b,0x5811,0x5815,
    0x5819,0x5820,0x5821,0x5824,0x582a,0x582f,0x5830,0x5831,0x5834,0x5835,0x583d,0x584a,
    0x584b,0x584c,0x584d,0x5851,0x5852,0x5854,0x5857,0x5858,0x585a,0x585e,0x5862,0x586b,
    0x586d,0x5871,0x5875,0x5879,0x587e,0x5880,0x5883,0x5885,0x588a,0x5892,0x5893,0x5898,
    0x5899,0x589c,0x589e,0x589f,0x58a6,0x58a8,0x58a9,0x58ae,0x58b3,0x58be,0x58c1,0x58c5,
    0x58c6,0x58c7,0x58d1,0x58d3,0x58d5,0x58d8,0x58de,0x58df,0x58e2,0x58e4,0x58e9,0x58eb,
    0x58ec,0x58ee,0x58ef,0x58f0,0x58f3,0x58f6,0x58f9,0x58fa,0x58fd,0x5904,0x5907,0x590d,
    0x590f,0x5910,0x5914,0x5915,0x5916,0x5919,0x591a,0x591c,0x591f,0x5920,0x5922,0x5924,
    0x5925,0x5927,0x5929,0x592a,0x592b,0x592c,0x592d,0x592e,0x592f,0x5931,0x5934,0x5937,
    0x5938,0x5939,0x593a,0x593e,0x5944,0x5947,0x5948,0x5949,0x594b,0x594e,0x594f,0x5950,
    0x5951,0x5954,0x5955,0x5956,0x5957,0x5958,0x595a,0x5960,0x5962,0x5965,0x5967,0x596a,
    0x596d,0x596e,0x5973,0x5974,0x5976,0x5978,0x5979,0x597d,0x5981,0x5982,0x5983,0x5984,
    0x5986,0x5987,0x5988,0x598a,0x598d,0x5992,0x5993,0x5996,0x5999,0x599d,0x599e,0x59a3,
    0x59a4,0x59a5,0x59a8,0x59ae,0x59af,0x59b2,0x59b3,0x59b9,0x59bb,0x59be,0x59c6,0x59ca,
    0x59cb,0x59cd,0x59d0,0x59d1,0x59d2,0x59d3,0x59d4,0x59d8,0x59da,0x59dc,0x59e3,0x59e5,
    0x59e6,0x59e8,0x59ea,0x59ec,0x59f6,0x59fb,0x59ff,0x5a01,0x5a03,0x5a04,0x5a07,0x5a09,
    0x5a0c,0x5a11,0x5a13,0x5a18,0x5a1b,0x5a1c,0x5a1f,0x5a20,0x5a23,0x5a25,0x5a29,0x5a31,
    0x5a35,0x5a36,0x5a3c,0x5a40,0x5a41,0x5a46,0x5a49,0x5a4a,0x5a55,0x5a5a,0x5a62,0x5a66,
    0x5a67,0x5a6a,0x5a74,0x5a76,0x5a77,0x5a7a,0x5a7f,0x5a92,0x5a96,0x5a9a,0x5a9b,0x5a9c,
    0x5aa7,0x5ab2,0x5ab3,0x5abd,0x5abe,0x5abf,0x5ac1,0x5ac2,0x5ac9,0x5acb,0x5acc,0x5ad6,
    0x5ad7,0x5ad8,0x5ae1,0x5ae3,0x5ae6,0x5ae9,0x5af5,0x5afa,0x5afb,0x5b09,0x5b0b,0x5b0c,
    0x5b16,0x5b1b,0x5b1d,0x5b24,0x5b2a,0x5b2c,0x5b30,0x5b34,0x5b38,0x5b3f,0x5b40,0x5b43,
    0x5b45,0x5b50,0x5b51,0x5b53,0x5b54,0x5b55,0x5b56,0x5b57,0x5b58,0x5b59,0x5b5a,0x5b5b,
    0x5b5c,0x5b5d,0x5b5f,0x5b62,0x5b63,0x5b64,0x5b65,0x5b66,0x5b69,0x5b6a,0x5b6b,0x5b70,
    0x5b71,0x5b73,0x5b75,0x5b78,0x5b7a,0x5b7d,0x5b7f,0x5b81,0x5b83,0x5b85,0x5b87,0x5b88,
    0x5b89,0x5b8b,0x5b8c,0x5b8f,0x5b93,0x5b95,0x5b97,0x5b98,0x5b99,0x5b9a,0x5b9b,0x5b9c,
    0x5b9d,0x5b9e,0x5ba0,0x5ba1,0x5ba2,0x5ba3,0x5ba4,0x5ba5,0x5ba6,0x5baa,0x5bab,0x5bae,
    0x5bb0,0x5bb3,0x5bb4,0x5bb5,0x5bb6,0x5bb8,0x5bb9,0x5bbd,0x5bbe,0x5bbf,0x5bc2,0x5bc4,
    0x5bc5,0x5bc6,0x5bc7,0x5bcc,0x5bd0,0x5bd2,0x5bd3,0x5bdd,0x5bde,0x5bdf,0x5be1,0x5be2,
    0x5be4,0x5be5,0x5be6,0x5be7,0x5be8,0x5be9,0x5beb,0x5bec,0x5bee,0x5bf0,0x5bf5,0x5bf6,
    0x5bf8,0x5bf9,0x5bfa,0x5bfb,0x5bfc,0x5bff,0x5c01,0x5c04,0x5c06,0x5c07,0x5c08,0x5c09,
    0x5c0a,0x5c0b,0x5c0d,0x5c0e,0x5c0f,0x5c11,0x5c14,0x5c16,0x5c18,0x5c1a,0x5c1d,0x5c22,
    0x5c24,0x5c27,0x5c28,0x5c2a,0x5c2c,0x5c31,0x5c34,0x5c37,0x5c38,0x5c39,0x5c3a,0x5c3b,
    0x5c3c,0x5c3d,0x5c3e,0x5c3f,0x5c40,0x5c41,0x5c42,0x5c45,0x5c46,0x5c48,0x5c49,0x5c4a,
    0x5c4b,0x5c4d,0x5c4e,0x5c4f,0x5c50,0x5c51,0x5c55,0x5c58,0x5c59,0x5c5c,0x5c5e,0x5c60,
    0x5c61,0x5c62,0x5c64,0x5c65,0x5c6c,0x5c6f,0x5c71,0x5c79,0x5c7f,0x5c81,0x5c82,0x5c8c,
    0x5c90,0x5c91,0x5c94,0x5c96,0x5c97,0x5c9b,0x5ca1,0x5ca8,0x5ca9,0x5cab,0x5cac,0x5cad,
    0x5cb1,0x5cb3,0x5cb7,0x5cb8,0x5cbf,0x5cc7,0x5cd2,0x5cd9,0x5ce1,0x5ce6,0x5ce8,0x5cea,
    0x5ced,0x5cf0,0x5cf4,0x5cf6,0x5cfb,0x5cfd,0x5d01,0x5d06,0x5d07,0x5d0e,0x5d11,0x5d14,
    0x5d16,0x5d17,0x5d19,0x5d1a,0x5d1b,0x5d1f,0x5d22,0x5d24,0x5d27,0x5d29,0x5d2d,0x5d34,
    0x5d3d,0x5d47,0x5d4a,0x5d4b,0x5d4c,0x5d4e,0x5d50,0x5d59,0x5d69,0x5d6c,0x5d6f,0x5d82,
    0x5d84,0x5d87,0x5d94,0x5d99,0x5d9d,0x5db7,0x5db8,0x5dba,0x5dbc,0x5dbd,0x5dc5,0x5dc9,
    0x5dcd,0x5dd2,0x5dd4,0x5dd6,0x5ddd,0x5dde,0x5de1,0x5de2,0x5de5,0x5de6,0x5de7,0x5de8,
    0x5de9,0x5deb,0x5dee,0x5df1,0x5df2,0x5df3,0x5df4,0x5df7,0x5dfd,0x5dfe,0x5e01,0x5e02,
    0x5e03,0x5e05,0x5e06,0x5e08,0x5e0c,0x5e10,0x5e11,0x5e15,0x5e16,0x5e18,0x5e19,0x5e1a,
    0x5e1b,0x5e1c,0x5e1d,0x5e25,0x5e26,0x5e27,0x5e2b,0x5e2d,0x5e2e,0x5e33,0x5e36,0x5e37,
    0x5e38,0x5e3d,0x5e40,0x5e42,0x5e43,0x5e44,0x5e45,0x5e4c,0x5e54,0x5e55,0x5e57,0x5e5b,
    0x5e5f,0x5e61,0x5e62,0x5e63,0x5e6b,0x5e72,0x5e73,0x5e74,0x5e76,0x5e78,0x5e79,0x5e7a,
    0x5e7b,0x5e7c,0x5e7d,0x5e7e,0x5e7f,0x5e84,0x5e86,0x5e87,0x5e8a,0x5e8f,0x5e90,0x5e93,
    0x5e94,0x5e95,0x5e96,0x5e97,0x5e99,0x5e9a,0x5e9c,0x5e9e,0x5e9f,0x5ea0,0x5ea6,0x5ea7,
    0x5eab,0x5ead,0x5eb5,0x5eb6,0x5eb7,0x5eb8,0x5ebe,0x5ec1,0x5ec2,0x5ec4,0x5ec8,0x5ec9,
    0x5eca,0x5ed3,0x5ed6,0x5eda,0x5edb,0x5edd,0x5edf,0x5ee0,0x5ee1,0x5ee2,0x5ee3,0x5ee8,
    0x5ee9,0x5eec,0x5ef3,0x5ef6,0x5ef7,0x5efa,0x5eff,0x5f00,0x5f01,0x5f02,0x5f03,0x5f04,
    0x5f07,0x5f08,0x5f0a,0x5f0b,0x5f0f,0x5f11,0x5f13,0x5f14,0x5f15,0x5f17,0x5f18,0x5f1b,
    0x5f1f,0x5f20,0x5f25,0x5f26,0x5f27,0x5f29,0x5f2d,0x5f2f,0x5f31,0x5f35,0x5f37,0x5f38,
    0x5f39,0x5f3a,0x5f3c,0x5f46,0x5f48,0x5f4c,0x5f4e,0x5f52,0x5f53,0x5f55,0x5f56,0x5f57,
    0x5f59,0x5f5d,0x5f62,0x5f64,0x5f65,0x5f66,0x5f69,0x5f6a,0x5f6c,0x5f6d,0x5f70,0x5f71,
    0x5f73,0x5f77,0x5f79,0x5f7b,0x5f7c,0x5f7f,0x5f80,0x5f81,0x5f82,0x5f84,0x5f85,0x5f87,
    0x5f88,0x5f89,0x5f8a,0x5f8b,0x5f8c,0x5f90,0x5f91,0x5f92,0x5f97,0x5f98,0x5f99,0x5f9c,
    0x5f9e,0x5fa0,0x5fa1,0x5fa8,0x5fa9,0x5faa,0x5fac,0x5fad,0x5fae,0x5fb5,0x5fb7,0x5fb9,
    0x5fbc,0x5fbd,0x5fc3,0x5fc5,0x5fc6,0x5fcc,0x5fcd,0x5fd0,0x5fd1,0x5fd2,0x5fd6,0x5fd7,
    0x5fd8,0x5fd9,0x5fdd,0x5fe0,0x5fe1,0x5fe4,0x5fe7,0x5fea,0x5feb,0x5ff1,0x5ff5,0x5ff8,
    0x5ffb,0x5ffd,0x5fff,0x6000,0x6001,0x6002,0x600e,0x600f,0x6012,0x6014,0x6015,0x6016,
    0x6019,0x601b,0x601c,0x601d,0x6020,0x6021,0x6025,0x6026,0x6027,0x6028,0x6029,0x602a,
    0x602b,0x602f,0x6035,0x603b,0x6041,0x6042,0x6043,0x6046,0x604b,0x604d,0x6050,0x6052,
    0x6055,0x6059,0x605a,0x6062,0x6063,0x6064,0x6065,0x6068,0x6069,0x606a,0x606b,0x606c,
    0x606d,0x606f,0x6070,0x6073,0x6076,0x607c,0x607f,0x6083,0x6084,0x6085,0x6089,0x608c,
    0x608d,0x6092,0x6094,0x6096,0x609a,0x609b,0x609f,0x60a0,0x60a3,0x60a6,0x60a8,0x60ac,
    0x60af,0x60b1,0x60b2,0x60b4,0x60b5,0x60b6,0x60b8,0x60bb,0x60bc,0x60bd,0x60c5,0x60c6,
    0x60c7,0x60ca,0x60cb,0x60d1,0x60d3,0x60d5,0x60d8,0x60da,0x60dc,0x60df,0x60e0,0x60e1,
    0x60e6,0x60e7,0x60e8,0x60e9,0x60eb,0x60ed,0x60ee,0x60ef,0x60f0,0x60f1,0x60f3,0x60f4,
    0x60f6,0x60f9,0x60fa,0x60fb,0x6100,0x6101,0x6103,0x6106,0x6108,0x6109,0x610d,0x610e,
    0x610f,0x6112,0x6115,0x611a,0x611b,0x611c,0x611f,0x6123,0x6124,0x6127,0x6128,0x6134,
    0x6137,0x613e,0x613f,0x6144,0x6147,0x6148,0x614a,0x614b,0x614c,0x614d,0x614e,0x6151,
    0x6153,0x6155,0x6158,0x615a,0x615d,0x615f,0x6162,0x6163,0x6165,0x6167,0x6168,0x616b,
    0x616e,0x6170,0x6173,0x6175,0x6176,0x6177,0x617e,0x6182,0x618a,0x618b,0x618e,0x6190,
    0x6191,0x6194,0x6199,0x619a,0x61a4,0x61a7,0x61a8,0x61a9,0x61ab,0x61ac,0x61b2,0x61b6,
    0x61ba,0x61be,0x61c2,0x61c7,0x61c8,0x61c9,0x61ca,0x61cb,0x61d2,0x61df,0x61e3,0x61e6,
    0x61f2,0x61f5,0x61f6,0x61f7,0x61f8,0x61fa,0x61fc,0x61fe,0x61ff,0x6200,0x6208,0x620a,
    0x620c,0x620d,0x620e,0x620f,0x6210,0x6211,0x6212,0x6214,0x6215,0x6216,0x6218,0x621a,
    0x621b,0x621f,0x6221,0x6222,0x622a,0x622e,0x6230,0x6232,0x6233,0x6234,0x6236,0x6237,
    0x623e,0x623f,0x6240,0x6241,0x6247,0x6248,0x6249,0x624b,0x624d,0x624e,0x6251,0x6252,
    0x6253,0x6254,0x6258,0x625b,0x625e,0x6263,0x6266,0x6267,0x6269,0x626b,0x626c,0x626d,
    0x626e,0x626f,0x6270,0x6273,0x6276,0x6279,0x627c,0x627e,0x627f,0x6280,0x6283,0x6284,
    0x6289,0x628a,0x6291,0x6292,0x6293,0x6294,0x6295,0x6296,0x6297,0x6298,0x629a,0x629b,
    0x62a0,0x62a1,0x62a2,0x62a4,0x62a5,0x62a8,0x62ab,0x62ac,0x62b1,0x62b5,0x62b9,0x62bb,
    0x62bc,0x62bd,0x62bf,0x62c2,0x62c3,0x62c4,0x62c5,0x62c6,0x62c7,0x62c8,0x62c9,0x62ca,
    0x62cb,0x62cc,0x62cd,0x62ce,0x62cf,0x62d0,0x62d2,0x62d3,0x62d4,0x62d6,0x62d7,0x62d8,
    0x62d9,0x62da,0x62db,0x62dc,0x62df,0x62e2,0x62e3,0x62e5,0x62e6,0x62e7,0x62e8,0x62e9,
    0x62ec,0x62ed,0x62ee,0x62ef,0x62f1,0x62f3,0x62f4,0x62f6,0x62f7,0x62fc,0x62fd,0x62fe,
    0x62ff,0x6301,0x6302,0x6307,0x6308,0x6309,0x630e,0x6311,0x6316,0x631a,0x631b,0x631d,
    0x631e,0x631f,0x6320,0x6321,0x6323,0x6324,0x6325,0x6328,0x632a,0x632b,0x632f,0x6339,
    0x633a,0x633d,0x633e,0x6342,0x6345,0x6346,0x6349,0x634b,0x634c,0x634d,0x634e,0x634f,
    0x6350,0x6355,0x635e,0x635f,0x6361,0x6362,0x6363,0x6367,0x6368,0x6369,0x636b,0x636e,
    0x6371,0x6372,0x6376,0x6377,0x637a,0x637b,0x637d,0x6380,0x6382,0x6383,0x6384,0x6387,
    0x6388,0x6389,0x638c,0x638e,0x638f,0x6390,0x6392,0x6396,0x6398,0x6399,0x639b,0x63a0,
    0x63a1,0x63a2,0x63a3,0x63a5,0x63a7,0x63a8,0x63a9,0x63aa,0x63ac,0x63ae,0x63b0,0x63b3,
    0x63b4,0x63b7,0x63b8,0x63ba,0x63be,0x63c0,0x63c4,0x63c6,0x63c9,0x63cd,0x63cf,0x63d0,
    0x63d2,0x63d6,0x63da,0x63db,0x63e0,0x63e1,0x63e3,0x63e9,0x63ea,0x63ed,0x63ee,0x63f4,
    0x63f6,0x63f8,0x63f9,0x63fd,0x6400,0x6401,0x6402,0x6405,0x6406,0x640d,0x640f,0x6410,
    0x6413,0x6414,0x6416,0x6417,0x641c,0x641e,0x6425,0x6426,0x6427,0x642a,0x642c,0x642d,
    0x6434,0x6436,0x643a,0x643d,0x6440,0x6441,0x6444,0x6446,0x6447,0x6448,0x644a,0x6451,
    0x6452,0x6454,0x6458,0x645e,0x645f,0x6467,0x6469,0x646d,0x646f,0x6476,0x6478,0x6479,
    0x647a,0x647b,0x6482,0x6485,0x6487,0x6488,0x6490,0x6491,0x6492,0x6493,0x6495,0x6499,
    0x649a,0x649e,0x64a2,0x64a4,0x64a5,0x64a9,0x64ab,0x64ac,0x64ad,0x64ae,0x64b0,0x64b2,
    0x64b5,0x64bb,0x64bc,0x64bf,0x64c0,0x64c1,0x64c2,0x64c4,0x64c5,0x64c7,0x64ca,0x64cb,
    0x64cd,0x64ce,0x64d2,0x64d4,0x64d8,0x64da,0x64de,0x64e0,0x64e2,0x64e3,0x64e4,0x64e6,
    0x64ec,0x64ef,0x64f0,0x64f1,0x64f2,0x64f4,0x64f7,0x64fa,0x64fb,0x64fe,0x6500,0x6506,
    0x650f,0x6512,0x6514,0x6518,0x6519,0x651c,0x651d,0x6522,0x6523,0x6524,0x652a,0x652b,
    0x652c,0x652f,0x6536,0x6538,0x6539,0x653b,0x653e,0x653f,0x6545,0x6548,0x6549,0x654c,
    0x654f,0x6551,0x6554,0x6555,0x6556,0x6557,0x6558,0x6559,0x655b,0x655d,0x655e,0x6562,
    0x6563,0x6566,0x656c,0x6570,0x6572,0x6574,0x6575,0x6577,0x6578,0x6582,0x6583,0x6587,
    0x658b,0x658c,0x6590,0x6591,0x6595,0x6597,0x6599,0x659b,0x659c,0x659f,0x65a1,0x65a4,
    0x65a5,0x65a7,0x65a9,0x65ab,0x65ac,0x65ad,0x65af,0x65b0,0x65b7,0x65b9,0x65bc,0x65bd,
    0x65c1,0x65c3,0x65c4,0x65c5,0x65c6,0x65cb,0x65cc,0x65ce,0x65cf,0x65d2,0x65d6,0x65d7,
    0x65db,0x65e0,0x65e2,0x65e5,0x65e6,0x65e7,0x65e8,0x65e9,0x65ec,0x65ed,0x65f1,0x65f6,
    0x65f7,0x65fa,0x65fb,0x6600,0x6602,0x6603,0x6606,0x6607,0x660a,0x660c,0x660e,0x660f,
    0x6613,0x6614,0x6615,0x6619,0x661d,0x661f,0x6620,0x6624,0x6625,0x6627,0x6628,0x662d,
    0x662f,0x6631,0x6634,0x6635,0x6636,0x663c,0x663e,0x6641,0x6642,0x6643,0x6645,0x6649,
    0x664b,0x664c,0x664f,0x6652,0x6653,0x6655,0x665a,0x665d,0x665e,0x665f,0x6662,0x6664,
    0x6666,0x6668,0x666e,0x666f,0x6670,0x6674,0x6676,0x6677,0x667a,0x667e,0x6682,0x6684,
    0x6687,0x6688,0x6689,0x6691,0x6696,0x6697,0x669d,0x66a2,0x66a8,0x66ab,0x66ae,0x66b1,
    0x66b4,0x66b9,0x66be,0x66c4,0x66c6,0x66c7,0x66c9,0x66d6,0x66d9,0x66dc,0x66dd,0x66e0,
    0x66e6,0x66e9,0x66f0,0x66f2,0x66f3,0x66f4,0x66f7,0x66f8,0x66f9,0x66fc,0x66fe,0x66ff,
    0x6700,0x6703,0x6708,0x6709,0x670b,0x670d,0x670f,0x6714,0x6715,0x6717,0x671b,0x671d,
    0x671f,0x6726,0x6727,0x6728,0x672a,0x672b,0x672c,0x672d,0x672e,0x672f,0x6731,0x6734,
    0x6735,0x6738,0x673a,0x673d,0x6740,0x6742,0x6743,0x6746,0x6748,0x6749,0x674e,0x674f,
    0x6750,0x6751,0x6753,0x6756,0x6759,0x675c,0x675e,0x675f,0x6760,0x6761,0x6765,0x6767,
    0x6768,0x676a,0x676d,0x676f,0x6770,0x6771,0x6772,0x6773,0x6775,0x6777,0x677c,0x677e,
    0x677f,0x6781,0x6784,0x6785,0x6787,0x6789,0x678b,0x6790,0x6792,0x6793,0x6795,0x6797,
    0x679a,0x679c,0x679d,0x67a2,0x67a3,0x67aa,0x67ab,0x67af,0x67b0,0x67b3,0x67b4,0x67b6,
    0x67b7,0x67b8,0x67b9,0x67c1,0x67c4,0x67ca,0x67cf,0x67d0,0x67d1,0x67d2,0x67d3,0x67d4,
    0x67d8,0x67d9,0x67da,0x67dc,0x67dd,0x67de,0x67e0,0x67e2,0x67e5,0x67e9,0x67ec,0x67ef,
    0x67f1,0x67f3,0x67f4,0x67f5,0x67ff,0x6805,0x6807,0x6808,0x680b,0x680f,0x6811,0x6813,
    0x6816,0x6817,0x6821,0x6829,0x682a,0x6832,0x6834,0x6837,0x6838,0x6839,0x683c,0x683d,
    0x6840,0x6841,0x6842,0x6843,0x6845,0x6846,0x6848,0x684c,0x684e,0x6850,0x6851,0x6853,
    0x6854,0x6855,0x6863,0x6865,0x6866,0x6867,0x6868,0x6869,0x6874,0x6876,0x6877,0x687f,
    0x6881,0x6883,0x6885,0x6886,0x688f,0x6893,0x6894,0x6897,0x689d,0x689f,0x68a0,0x68a2,
    0x68a6,0x68a7,0x68a8,0x68ad,0x68af,0x68b0,0x68b3,0x68b5,0x68bc,0x68c0,0x68c4,0x68c9,
    0x68cb,0x68cd,0x68d2,0x68d5,0x68d7,0x68d8,0x68da,0x68df,0x68e0,0x68e3,0x68e7,0x68e8,
    0x68ee,0x68f1,0x68f2,0x68f5,0x68f9,0x68fa,0x68fb,0x6900,0x6901,0x6905,0x690b,0x690d,
    0x690e,0x690f,0x6912,0x692a,0x692d,0x6930,0x6934,0x6939,0x693d,0x693f,0x694a,0x6953,
    0x6954,0x6959,0x695a,0x695d,0x695e,0x6960,0x6962,0x6963,0x6968,0x696a,0x696b,0x696d,
    0x696e,0x696f,0x6975,0x6977,0x6978,0x6979,0x697c,0x6982,0x6984,0x6986,0x6991,0x6994,
    0x6995,0x699b,0x699c,0x69a7,0x69a8,0x69ab,0x69ad,0x69ae,0x69b1,0x69b4,0x69b7,0x69bb,
    0x69c1,0x69c3,0x69ca,0x69cb,0x69cc,0x69cd,0x69ce,0x69d0,0x69d3,0x69d9,0x69db,0x69e8,
    0x69ed,0x69f2,0x69f3,0x69fd,0x69ff,0x6a01,0x6a02,0x6a05,0x6a0a,0x6a13,0x6a17,0x6a19,
    0x6a1e,0x6a1f,0x6a21,0x6a23,0x6a2a,0x6a31,0x6a35,0x6a38,0x6a39,0x6a3a,0x6a3d,0x6a44,
    0x6a47,0x6a48,0x6a4b,0x6a58,0x6a59,0x6a5b,0x6a5f,0x6a61,0x6a62,0x6a66,0x6a6b,0x6a71,
    0x6a7f,0x6a80,0x6a84,0x6a8e,0x6a90,0x6a94,0x6a97,0x6a9c,0x6aa0,0x6aa2,0x6aa3,0x6aa9,
    0x6aac,0x6aae,0x6aaf,0x6ab3,0x6ab8,0x6abb,0x6ac3,0x6ada,0x6adb,0x6adf,0x6ae5,0x6aea,
    0x6afa,0x6afb,0x6b04,0x6b0a,0x6b12,0x6b16,0x6b20,0x6b21,0x6b22,0x6b23,0x6b27,0x6b32,
    0x6b37,0x6b38,0x6b39,0x6b3a,0x6b3d,0x6b3e,0x6b43,0x6b46,0x6b47,0x6b49,0x6b4c,0x6b4e,
    0x6b50,0x6b54,0x6b59,0x6b5f,0x6b61,0x6b62,0x6b63,0x6b64,0x6b65,0x6b66,0x6b67,0x6b6a,
    0x6b72,0x6b77,0x6b78,0x6b79,0x6b7b,0x6b7c,0x6b7f,0x6b83,0x6b84,0x6b86,0x6b89,0x6b8a,
    0x6b8b,0x6b8d,0x6b96,0x6b98,0x6b9e,0x6ba4,0x6baa,0x6bab,0x6bad,0x6bae,0x6baf,0x6bb2,
    0x6bb3,0x6bb4,0x6bb5,0x6bb7,0x6bba,0x6bbc,0x6bbf,0x6bc0,0x6bc1,0x6bc5,0x6bc6,0x6bcb,
    0x6bcd,0x6bcf,0x6bd2,0x6bd3,0x6bd4,0x6bd5,0x6bd6,0x6bd7,0x6bd9,0x6bdb,0x6be1,0x6beb,
    0x6bec,0x6bef,0x6bf3,0x6bfd,0x6c05,0x6c08,0x6c0f,0x6c10,0x6c11,0x6c13,0x6c14,0x6c15,
    0x6c16,0x6c18,0x6c19,0x6c1a,0x6c1b,0x6c1f,0x6c21,0x6c22,0x6c23,0x6c24,0x6c26,0x6c27,
    0x6c28,0x6c2a,0x6c2b,0x6c2c,0x6c2e,0x6c2f,0x6c30,0x6c33,0x6c34,0x6c38,0x6c3e,0x6c40,
    0x6c41,0x6c42,0x6c47,0x6c49,0x6c4a,0x6c4e,0x6c50,0x6c55,0x6c57,0x6c59,0x6c5b,0x6c5d,
    0x6c5e,0x6c5f,0x6c60,0x6c61,0x6c64,0x6c68,0x6c6a,0x6c70,0x6c72,0x6c74,0x6c76,0x6c79,
    0x6c7a,0x6c7d,0x6c7e,0x6c81,0x6c82,0x6c83,0x6c85,0x6c86,0x6c88,0x6c89,0x6c8c,0x6c8f,
    0x6c90,0x6c92,0x6c93,0x6c94,0x6c96,0x6c98,0x6c99,0x6c9a,0x6c9b,0x6c9f,0x6ca1,0x6ca4,
    0x6ca5,0x6ca6,0x6ca7,0x6caa,0x6cab,0x6cae,0x6cb1,0x6cb3,0x6cb8,0x6cb9,0x6cba,0x6cbb,
    0x6cbc,0x6cbd,0x6cbe,0x6cbf,0x6cc1,0x6cc4,0x6cc5,0x6cc9,0x6cca,0x6ccc,0x6cd3,0x6cd5,
    0x6cd6,0x6cd7,0x6cd9,0x6cdb,0x6cdc,0x6cde,0x6ce0,0x6ce1,0x6ce2,0x6ce3,0x6ce5,0x6ce8,
    0x6cea,0x6cef,0x6cf0,0x6cf1,0x6cf3,0x6cf5,0x6cfb,0x6cfc,0x6cfd,0x6d01,0x6d04,0x6d0b,
    0x6d0c,0x6d0e,0x6d12,0x6d17,0x6d19,0x6d1b,0x6d1e,0x6d22,0x6d25,0x6d27,0x6d28,0x6d29,
    0x6d2a,0x6d2b,0x6d2e,0x6d31,0x6d32,0x6d33,0x6d35,0x6d36,0x6d38,0x6d39,0x6d3b,0x6d3c,
    0x6d3d,0x6d3e,0x6d41,0x6d45,0x6d46,0x6d47,0x6d4a,0x6d4b,0x6d4e,0x6d4f,0x6d51,0x6d53,
    0x6d59,0x6d5a,0x6d5c,0x6d5e,0x6d63,0x6d65,0x6d66,0x6d69,0x6d6a,0x6d6c,0x6d6e,0x6d6f,
    0x6d74,0x6d77,0x6d78,0x6d82,0x6d85,0x6d87,0x6d88,0x6d89,0x6d8c,0x6d8e,0x6d93,0x6d94,
    0x6d95,0x6d9b,0x6d9d,0x6d9f,0x6da1,0x6da3,0x6da4,0x6da6,0x6da7,0x6da8,0x6da9,0x6daa,
    0x6dae,0x6daf,0x6db2,0x6db5,0x6db8,0x6dbc,0x6dbf,0x6dc0,0x6dc4,0x6dc5,0x6dc6,0x6dc7,
    0x6dcb,0x6dcc,0x6dd1,0x6dd2,0x6dd6,0x6dd8,0x6dd9,0x6dda,0x6dde,0x6de1,0x6de4,0x6de6,
    0x6de8,0x6dea,0x6deb,0x6dec,0x6dee,0x6df1,0x6df3,0x6df5,0x6df7,0x6df9,0x6dfa,0x6dfb,
    0x6dfc,0x6e05,0x6e0a,0x6e0d,0x6e10,0x6e14,0x6e17,0x6e19,0x6e1a,0x6e1b,0x6e1d,0x6e1f,
    0x6e20,0x6e21,0x6e23,0x6e24,0x6e25,0x6e26,0x6e29,0x6e2b,0x6e2c,0x6e2d,0x6e2f,0x6e32,
    0x6e34,0x6e38,0x6e3a,0x6e3c,0x6e3e,0x6e43,0x6e44,0x6e4a,0x6e4d,0x6e4e,0x6e54,0x6e56,
    0x6e58,0x6e5b,0x6e5f,0x6e63,0x6e67,0x6e6b,0x6e6e,0x6e6f,0x6e72,0x6e73,0x6e7e,0x6e7f,
    0x6e83,0x6e85,0x6e89,0x6e8f,0x6e90,0x6e96,0x6e98,0x6e9c,0x6e9d,0x6e9f,0x6ea2,0x6ea5,
    0x6ea7,0x6eaa,0x6eab,0x6eaf,0x6eb2,0x6eb4,0x6eb6,0x6eb7,0x6eba,0x6ebc,0x6ebd,0x6ec1,
    0x6ec2,0x6ec4,0x6ec5,0x6ec7,0x6ec9,0x6ecb,0x6ecc,0x6ed1,0x6ed3,0x6ed4,0x6ed5,0x6ed8,
    0x6eda,0x6ede,0x6ee1,0x6ee4,0x6ee5,0x6ee6,0x6ee8,0x6ee9,0x6eec,0x6eef,0x6ef2,0x6ef4,
    0x6ef7,0x6ef8,0x6efe,0x6eff,0x6f01,0x6f02,0x6f06,0x6f09,0x6f0f,0x6f13,0x6f14,0x6f15,
    0x6f1a,0x6f20,0x6f22,0x6f23,0x6f29,0x6f2a,0x6f2b,0x6f2c,0x6f2f,0x6f31,0x6f32,0x6f33,
    0x6f38,0x6f3e,0x6f3f,0x6f41,0x6f47,0x6f4d,0x6f51,0x6f54,0x6f58,0x6f5b,0x6f5c,0x6f5e,
    0x6f5f,0x6f62,0x6f64,0x6f66,0x6f6d,0x6f6e,0x6f70,0x6f74,0x6f78,0x6f7a,0x6f7c,0x6f80,
    0x6f82,0x6f84,0x6f86,0x6f87,0x6f88,0x6f8e,0x6f97,0x6f9c,0x6fa1,0x6fa3,0x6fa4,0x6fa7,
    0x6faa,0x6fb1,0x6fb3,0x6fb4,0x6fb6,0x6fb9,0x6fc0,0x6fc1,0x6fc2,0x6fc3,0x6fd2,0x6fd5,
    0x6fd8,0x6fdb,0x6fdf,0x6fe0,0x6fe1,0x6fe4,0x6fe9,0x6feb,0x6fec,0x6fee,0x6fef,0x6ff0,
    0x6ff1,0x6ffa,0x6ffe,0x7006,0x7009,0x700b,0x700f,0x7011,0x7015,0x701a,0x701b,0x701d,
    0x701f,0x7023,0x7026,0x7027,0x7028,0x7030,0x7032,0x703e,0x704c,0x7051,0x7058,0x705d,
    0x705e,0x7063,0x7064,0x706b,0x706d,0x706f,0x7070,0x7075,0x7076,0x7078,0x707c,0x707d,
    0x707e,0x707f,0x7086,0x7089,0x708a,0x708e,0x7092,0x7094,0x7095,0x7099,0x70a4,0x70ab,
    0x70ac,0x70ad,0x70ae,0x70af,0x70b3,0x70b8,0x70b9,0x70ba,0x70bc,0x70bd,0x70c1,0x70c2,
    0x70c3,0x70c8,0x70ca,0x70cf,0x70d8,0x70d9,0x70db,0x70dd,0x70df,0x70e4,0x70e6,0x70e7,
    0x70e9,0x70eb,0x70ec,0x70ed,0x70ef,0x70f7,0x70f9,0x70fd,0x7109,0x710a,0x7115,0x7117,
    0x7119,0x711a,0x711c,0x7121,0x7122,0x7126,0x7130,0x7136,0x7149,0x714a,0x714c,0x714e,
    0x7159,0x715c,0x715e,0x7164,0x7165,0x7166,0x7167,0x7168,0x7169,0x716c,0x716e,0x7172,
    0x717d,0x7184,0x718a,0x718f,0x7194,0x7199,0x719f,0x71a8,0x71ac,0x71b1,0x71b5,0x71b9,
    0x71be,0x71c1,0x71c3,0x71c4,0x71c8,0x71c9,0x71ca,0x71ce,0x71d2,0x71d4,0x71d5,0x71d9,
    0x71dc,0x71df,0x71e0,0x71e5,0x71e6,0x71e7,0x71ec,0x71ed,0x71ee,0x71f4,0x71f9,0x71fb,
    0x71fc,0x71fe,0x71ff,0x7206,0x720d,0x7210,0x721b,0x7228,0x722a,0x722c,0x722d,0x7230,
    0x7231,0x7235,0x7236,0x7237,0x7238,0x7239,0x723a,0x723b,0x723d,0x723e,0x723f,0x7246,
    0x7247,0x7248,0x724c,0x724d,0x7252,0x7256,0x7258,0x7259,0x725b,0x725d,0x725f,0x7260,
    0x7261,0x7262,0x7267,0x7269,0x726f,0x7272,0x7274,0x7275,0x7279,0x727a,0x727b,0x727d,
    0x727e,0x7280,0x7281,0x7284,0x7287,0x728a,0x7292,0x7296,0x729b,0x729f,0x72a2,0x72a7,
    0x72ac,0x72af,0x72b0,0x72b6,0x72b9,0x72c0,0x72c2,0x72c3,0x72c4,0x72c8,0x72ce,0x72d0,
    0x72d2,0x72d7,0x72d9,0x72de,0x72e0,0x72e1,0x72e9,0x72ec,0x72ed,0x72ee,0x72f0,0x72f1,
    0x72f3,0x72f7,0x72f8,0x72f9,0x72fc,0x72fd,0x7301,0x730a,0x730e,0x7316,0x7317,0x7319,
    0x731b,0x731c,0x731d,0x731e,0x7325,0x7329,0x732a,0x732b,0x732c,0x732e,0x732f,0x7334,
    0x7336,0x7337,0x733e,0x733f,0x7344,0x7345,0x734e,0x7350,0x7357,0x7360,0x7368,0x736a,
    0x736d,0x7370,0x7372,0x7375,0x7377,0x7378,0x737a,0x737b,0x737c,0x737e,0x7380,0x7384,
    0x7387,0x7389,0x738b,0x7396,0x739b,0x739f,0x73a0,0x73a5,0x73a9,0x73ab,0x73af,0x73b0,
    0x73b2,0x73b3,0x73b7,0x73bb,0x73c0,0x73c2,0x73c8,0x73c9,0x73ca,0x73cd,0x73cf,0x73d0,
    0x73dd,0x73de,0x73e0,0x73e5,0x73ea,0x73ed,0x73ee,0x73f8,0x73fa,0x73fe,0x7403,0x7405,
    0x7406,0x7407,0x7409,0x740a,0x740d,0x7410,0x741b,0x7422,0x7425,0x7426,0x7428,0x742a,
    0x742c,0x742e,0x742f,0x7432,0x7433,0x7434,0x7435,0x7436,0x743a,0x743c,0x7440,0x7441,
    0x7444,0x744b,0x7455,0x7459,0x745a,0x745b,0x745c,0x745e,0x745f,0x7462,0x7463,0x7464,
    0x7469,0x746a,0x746d,0x746f,0x7470,0x7473,0x7476,0x747e,0x7480,0x7483,0x7487,0x748b,
    0x7490,0x7498,0x749c,0x749e,0x749f,0x74a3,0x74a7,0x74a8,0x74a9,0x74b0,0x74bd,0x74bf,
    0x74ca,0x74cf,0x74d6,0x74da,0x74dc,0x74e0,0x74e2,0x74e3,0x74e4,0x74e6,0x74ee,0x74f6,
    0x74f7,0x7504,0x750c,0x750d,0x7511,0x7513,0x7515,0x7518,0x751a,0x751c,0x751f,0x7522,
    0x7525,0x7526,0x7528,0x7529,0x752b,0x752c,0x752d,0x752f,0x7530,0x7531,0x7532,0x7533,
    0x7535,0x7537,0x7538,0x753a,0x753b,0x753e,0x7540,0x7545,0x754b,0x754c,0x754e,0x754f,
    0x7554,0x7559,0x755a,0x755b,0x755c,0x755d,0x7562,0x7564,0x7565,0x7566,0x756a,0x756b,
    0x756f,0x7570,0x7574,0x7576,0x7578,0x757f,0x7586,0x7587,0x758a,0x758b,0x758f,0x7591,
    0x7594,0x7597,0x7599,0x759a,0x759d,0x759f,0x75a1,0x75a2,0x75a3,0x75a4,0x75a5,0x75ab,
    0x75ae,0x75af,0x75b1,0x75b2,0x75b3,0x75b4,0x75b5,0x75b8,0x75b9,0x75bc,0x75bd,0x75be,
    0x75c2,0x75c3,0x75c5,0x75c7,0x75c8,0x75c9,0x75ca,0x75cd,0x75d2,0x75d4,0x75d5,0x75d8,
    0x75d9,0x75db,0x75de,0x75e0,0x75e2,0x75e3,0x75ea,0x75f0,0x75f1,0x75f2,0x75f4,0x75f9,
    0x75fa,0x75fc,0x75fe,0x75ff,0x7600,0x7601,0x760b,0x760d,0x7613,0x7616,0x761f,0x7620,
    0x7621,0x7622,0x7624,0x7626,0x7627,0x7629,0x762a,0x762b,0x7630,0x7634,0x7638,0x763e,
    0x7642,0x7646,0x7647,0x7648,0x764c,0x7652,0x7656,0x7658,0x765c,0x765e,0x765f,0x7662,
    0x7663,0x7664,0x7665,0x7669,0x766c,0x766e,0x7671,0x7672,0x7678,0x767b,0x767c,0x767d,
    0x767e,0x7682,0x7684,0x7686,0x7687,0x7688,0x768b,0x768e,0x7691,0x7693,0x7696,0x7699,
    0x769a,0x76ae,0x76b0,0x76b1,0x76b4,0x76b8,0x76ba,0x76bf,0x76c2,0x76c3,0x76c5,0x76c6,
    0x76c8,0x76ca,0x76cd,0x76ce,0x76cf,0x76d0,0x76d1,0x76d2,0x76d4,0x76d6,0x76d7,0x76d8,
    0x76db,0x76dc,0x76de,0x76df,0x76e1,0x76e3,0x76e4,0x76e5,0x76e7,0x76ea,0x76ee,0x76ef,
    0x76f1,0x76f2,0x76f4,0x76f8,0x76f9,0x76fc,0x76fe,0x7701,0x7704,0x7707,0x7708,0x7709,
    0x770b,0x7719,0x771b,0x771f,0x7720,0x7725,0x7726,0x7728,0x7729,0x772f,0x7736,0x7737,
    0x7738,0x773a,0x773c,0x773e,0x7740,0x7741,0x7747,0x774f,0x7750,0x775a,0x775b,0x775c,
    0x775e,0x7761,0x7762,0x7763,0x7765,0x7766,0x7768,0x776a,0x776b,0x776c,0x7779,0x777d,
    0x777e,0x777f,0x7784,0x7785,0x7787,0x778b,0x778c,0x778e,0x7791,0x7792,0x779e,0x779f,
    0x77a0,0x77a5,0x77a7,0x77a9,0x77aa,0x77ac,0x77ad,0x77b0,0x77b3,0x77bb,0x77bc,0x77bd,
    0x77bf,0x77c7,0x77cd,0x77d3,0x77d7,0x77da,0x77db,0x77dc,0x77e2,0x77e3,0x77e5,0x77e7,
    0x77e9,0x77eb,0x77ed,0x77ee,0x77ef,0x77f3,0x77f8,0x77fc,0x77fd,0x77fe,0x77ff,0x7801,
    0x7802,0x780c,0x780d,0x7812,0x7814,0x7816,0x781a,0x781d,0x781f,0x7820,0x7825,0x7826,
    0x7827,0x782d,0x7830,0x7832,0x7834,0x7837,0x7838,0x783a,0x783e,0x7840,0x7843,0x7845,
    0x784e,0x7850,0x7852,0x7855,0x785d,0x786b,0x786c,0x786e,0x786f,0x787c,0x787f,0x7887,
    0x7889,0x788c,0x788d,0x788e,0x7891,0x7893,0x7897,0x7898,0x789a,0x789f,0x78a3,0x78a7,
    0x78a9,0x78b0,0x78b1,0x78b2,0x78b3,0x78b4,0x78ba,0x78bc,0x78be,0x78c1,0x78c5,0x78ca,
    0x78cb,0x78d0,0x78d4,0x78d5,0x78da,0x78e7,0x78e8,0x78ec,0x78ef,0x78f4,0x78f7,0x78fa,
    0x78fd,0x7901,0x790e,0x7919,0x7926,0x792a,0x792b,0x792c,0x7934,0x793a,0x793c,0x793e,
    0x7940,0x7941,0x7942,0x7946,0x7947,0x7948,0x7949,0x7950,0x7953,0x7955,0x7956,0x7957,
    0x795a,0x795b,0x795d,0x795e,0x795f,0x7960,0x7962,0x7965,0x7968,0x796d,0x7977,0x7978,
    0x797a,0x797f,0x7980,0x7981,0x7984,0x7985,0x798a,0x798d,0x798e,0x798f,0x79a6,0x79a7,
    0x79aa,0x79ae,0x79b1,0x79b3,0x79b9,0x79ba,0x79bb,0x79bd,0x79be,0x79bf,0x79c0,0x79c1,
    0x79c3,0x79c6,0x79c9,0x79cb,0x79cd,0x79d1,0x79d2,0x79d5,0x79d8,0x79df,0x79e3,0x79e4,
    0x79e6,0x79e7,0x79e9,0x79eb,0x79ec,0x79ef,0x79f0,0x79f8,0x79fb,0x79fd,0x7a00,0x7a03,
    0x7a05,0x7a08,0x7a0b,0x7a0d,0x7a0e,0x7a14,0x7a17,0x7a19,0x7a1a,0x7a1c,0x7a1e,0x7a1f,
    0x7a20,0x7a2e,0x7a31,0x7a33,0x7a37,0x7a3b,0x7a3c,0x7a3d,0x7a3f,0x7a40,0x7a46,0x7a4c,
    0x7a4d,0x7a4e,0x7a57,0x7a60,0x7a62,0x7a69,0x7a6b,0x7a70,0x7a74,0x7a76,0x7a77,0x7a79,
    0x7a7a,0x7a7f,0x7a81,0x7a83,0x7a84,0x7a88,0x7a8d,0x7a91,0x7a92,0x7a95,0x7a96,0x7a97,
    0x7a98,0x7a9c,0x7a9d,0x7a9f,0x7aa0,0x7aa3,0x7aa5,0x7aa9,0x7aaa,0x7aae,0x7aaf,0x7ab8,
    0x7aba,0x7abf,0x7ac4,0x7ac5,0x7ac7,0x7aca,0x7acb,0x7ad1,0x7ad6,0x7ad9,0x7ade,0x7adf,
    0x7ae0,0x7ae3,0x7ae5,0x7ae6,0x7aed,0x7aef,0x7af6,0x7af9,0x7afa,0x7afd,0x7aff,0x7b04,
    0x7b06,0x7b08,0x7b0a,0x7b0b,0x7b0f,0x7b11,0x7b14,0x7b19,0x7b1b,0x7b1e,0x7b20,0x7b24,
    0x7b25,0x7b26,0x7b28,0x7b2a,0x7b2c,0x7b2e,0x7b33,0x7b3a,0x7b3c,0x7b45,0x7b46,0x7b49,
    0x7b4b,0x7b4c,0x7b4d,0x7b4f,0x7b50,0x7b51,0x7b52,0x7b54,0x7b56,0x7b5b,0x7b5d,0x7b60,
    0x7b65,0x7b67,0x7b6e,0x7b71,0x7b75,0x7b77,0x7b79,0x7b7e,0x7b80,0x7b87,0x7b8b,0x7b8d,
    0x7b8f,0x7b94,0x7b95,0x7b97,0x7b9c,0x7b9d,0x7ba1,0x7ba9,0x7baa,0x7bab,0x7bac,0x7bad,
    0x7bb1,0x7bb4,0x7bb8,0x7bc0,0x7bc1,0x7bc4,0x7bc6,0x7bc7,0x7bc9,0x7bcb,0x7bcc,0x7bd3,
    0x7bd9,0x7bdd,0x7be0,0x7be1,0x7be4,0x7be5,0x7be6,0x7be9,0x7bee,0x7bf1,0x7bf3,0x7bf7,
    0x7bfe,0x7c07,0x7c0c,0x7c0d,0x7c11,0x7c1e,0x7c1f,0x7c21,0x7c23,0x7c27,0x7c2a,0x7c2b,
    0x7c37,0x7c38,0x7c3d,0x7c3e,0x7c3f,0x7c40,0x7c43,0x7c4c,0x7c4d,0x7c50,0x7c5f,0x7c60,
    0x7c64,0x7c65,0x7c6c,0x7c6e,0x7c72,0x7c73,0x7c7b,0x7c7d,0x7c89,0x7c91,0x7c92,0x7c95,
    0x7c97,0x7c98,0x7c9f,0x7ca2,0x7ca4,0x7ca5,0x7caa,0x7cae,0x7cb1,0x7cb2,0x7cb3,0x7cb5,
    0x7cb9,0x7cbd,0x7cbe,0x7cbf,0x7cc5,0x7cca,0x7ccd,0x7cd2,0x7cd5,0x7cd6,0x7cd7,0x7cd9,
    0x7cdc,0x7cdd,0x7cde,0x7cdf,0x7ce0,0x7ce7,0x7cef,0x7cf4,0x7cf8,0x7cfb,0x7cfe,0x7d00,
    0x7d02,0x7d04,0x7d05,0x7d06,0x7d07,0x7d09,0x7d0a,0x7d0b,0x7d0d,0x7d10,0x7d13,0x7d14,
    0x7d15,0x7d17,0x7d19,0x7d1a,0x7d1b,0x7d1c,0x7d20,0x7d21,0x7d22,0x7d27,0x7d2b,0x7d2e,
    0x7d2f,0x7d30,0x7d33,0x7d39,0x7d3a,0x7d3f,0x7d40,0x7d42,0x7d43,0x7d44,0x7d46,0x7d50,
    0x7d55,0x7d5b,0x7d5e,0x7d61,0x7d62,0x7d66,0x7d68,0x7d6e,0x7d71,0x7d72,0x7d73,0x7d79,
    0x7d81,0x7d8f,0x7d91,0x7d93,0x7d9c,0x7da0,0x7da2,0x7da3,0x7dac,0x7dad,0x7dae,0x7db0,
    0x7db1,0x7db2,0x7db4,0x7db5,0x7db8,0x7dba,0x7dbb,0x7dbd,0x7dbe,0x7dbf,0x7dc7,0x7dca,
    0x7dcb,0x7dd2,0x7dd8,0x7dd9,0x7dda,0x7ddd,0x7dde,0x7de0,0x7de3,0x7de8,0x7de9,0x7dec,
    0x7def,0x7df2,0x7df4,0x7df9,0x7dfb,0x7e08,0x7e09,0x7e0a,0x7e0b,0x7e10,0x7e11,0x7e1b,
    0x7e1d,0x7e1f,0x7e22,0x7e23,0x7e2b,0x7e2e,0x7e31,0x7e34,0x7e35,0x7e37,0x7e39,0x7e3b,
    0x7e3d,0x7e3e,0x7e41,0x7e43,0x7e45,0x7e46,0x7e52,0x7e54,0x7e55,0x7e5a,0x7e5e,0x7e61,
    0x7e69,0x7e6a,0x7e6b,0x7e6d,0x7e73,0x7e79,0x7e7c,0x7e7d,0x7e82,0x7e8c,0x7e8d,0x7e8f,
    0x7e93,0x7e94,0x7e96,0x7e9b,0x7e9c,0x7ea0,0x7ea2,0x7ea4,0x7ea6,0x7ea7,0x7eaa,0x7eab,
    0x7eac,0x7eaf,0x7eb0,0x7eb1,0x7eb2,0x7eb3,0x7eb5,0x7eb6,0x7eb7,0x7eb8,0x7eb9,0x7eba,
    0x7ebd,0x7ebf,0x7ec3,0x7ec4,0x7ec5,0x7ec6,0x7ec7,0x7ec8,0x7eca,0x7ecd,0x7ece,0x7ecf,
    0x7ed1,0x7ed2,0x7ed3,0x7ed5,0x7ed8,0x7ed9,0x7eda,0x7edc,0x7edd,0x7ede,0x7edf,0x7ee2,
    0x7ee3,0x7ee5,0x7ee6,0x7ee7,0x7ee9,0x7eea,0x7eed,0x7eef,0x7ef0,0x7ef3,0x7ef4,0x7ef5,
    0x7ef7,0x7ef8,0x7efc,0x7efd,0x7eff,0x7f00,0x7f04,0x7f05,0x7f06,0x7f09,0x7f0e,0x7f13,
    0x7f14,0x7f15,0x7f16,0x7f18,0x7f1a,0x7f1d,0x7f20,0x7f24,0x7f28,0x7f29,0x7f2d,0x7f2e,
    0x7f30,0x7f34,0x7f36,0x7f38,0x7f3a,0x7f3d,0x7f44,0x7f45,0x7f48,0x7f4c,0x7f4d,0x7f50,
    0x7f51,0x7f54,0x7f55,0x7f57,0x7f58,0x7f5a,0x7f5f,0x7f62,0x7f63,0x7f68,0x7f69,0x7f6a,
    0x7f6e,0x7f70,0x7f72,0x7f75,0x7f77,0x7f79,0x7f85,0x7f86,0x7f88,0x7f8a,0x7f8c,0x7f8e,
    0x7f94,0x7f9a,0x7f9d,0x7f9e,0x7fa1,0x7fa4,0x7fa7,0x7fa8,0x7fa9,0x7faf,0x7fb0,0x7fb2,
    0x7fb6,0x7fb8,0x7fb9,0x7fbc,0x7fbd,0x7fbf,0x7fc1,0x7fc5,0x7fca,0x7fcc,0x7fce,0x7fd2,
    0x7fd4,0x7fd5,0x7fd8,0x7fdf,0x7fe0,0x7fe1,0x7fe6,0x7fe9,0x7fee,0x7ff0,0x7ff1,0x7ff3,
    0x7ff9,0x7ffb,0x7ffc,0x8000,0x8001,0x8003,0x8004,0x8005,0x8006,0x800b,0x800c,0x800d,
    0x8010,0x8011,0x8012,0x8015,0x8017,0x8018,0x8019,0x801c,0x8026,0x8028,0x802a,0x8033,
    0x8036,0x8037,0x8038,0x803b,0x803d,0x803f,0x8042,0x8046,0x804a,0x804b,0x804c,0x8052,
    0x8054,0x8056,0x8058,0x805a,0x805e,0x806a,0x806f,0x8070,0x8071,0x8072,0x8073,0x8076,
    0x8077,0x807d,0x807e,0x807f,0x8083,0x8084,0x8085,0x8086,0x8087,0x8089,0x808b,0x808c,
    0x8093,0x8096,0x8098,0x809a,0x809b,0x809d,0x80a0,0x80a1,0x80a2,0x80a4,0x80a5,0x80a9,
    0x80aa,0x80ab,0x80ad,0x80ae,0x80af,0x80b1,0x80b2,0x80b4,0x80ba,0x80bd,0x80be,0x80bf,
    0x80c0,0x80c1,0x80c3,0x80c4,0x80c6,0x80cc,0x80ce,0x80d6,0x80d9,0x80da,0x80db,0x80dc,
    0x80dd,0x80de,0x80e1,0x80e4,0x80e5,0x80e7,0x80ed,0x80ef,0x80f0,0x80f1,0x80f3,0x80f4,
    0x80f6,0x80f8,0x80fa,0x80fc,0x80fd,0x8102,0x8105,0x8106,0x8108,0x8109,0x810a,0x810f,
    0x8110,0x8111,0x8113,0x8116,0x811a,0x811b,0x8123,0x8129,0x812b,0x812f,0x8131,0x8138,
    0x8139,0x813e,0x8146,0x814a,0x814b,0x814c,0x814e,0x8150,0x8151,0x8153,0x8154,0x8155,
    0x815a,0x8165,0x8166,0x8169,0x816b,0x816e,0x8170,0x8171,0x8173,0x8174,0x8178,0x8179,
    0x817a,0x817b,0x817e,0x817f,0x8180,0x8182,0x8188,0x818a,0x818f,0x8195,0x8198,0x819a,
    0x819b,0x819c,0x819d,0x81a0,0x81a8,0x81a9,0x81b3,0x81ba,0x81bd,0x81be,0x81bf,0x81c0,
    0x81c2,0x81c3,0x81c6,0x81c9,0x81ca,0x81cd,0x81cf,0x81d1,0x81d8,0x81da,0x81df,0x81e0,
    0x81e2,0x81e3,0x81e5,0x81e7,0x81e8,0x81ea,0x81ec,0x81ed,0x81f3,0x81f4,0x81fa,0x81fb,
    0x81fc,0x81fe,0x8200,0x8201,0x8202,0x8205,0x8206,0x8207,0x8208,0x8209,0x820a,0x820c,
    0x820d,0x8210,0x8212,0x8214,0x821b,0x821c,0x821e,0x821f,0x8222,0x8228,0x822a,0x822b,
    0x822c,0x8230,0x8231,0x8233,0x8235,0x8236,0x8237,0x8238,0x8239,0x823a,0x8247,0x824b,
    0x8258,0x8259,0x825a,0x825f,0x8264,0x8266,0x8268,0x826b,0x826e,0x826f,0x8270,0x8271,
    0x8272,0x8273,0x827a,0x827e,0x8282,0x8283,0x828a,0x828b,0x828d,0x828e,0x8292,0x8299,
    0x829c,0x829d,0x829f,0x82a1,0x82a3,0x82a5,0x82a6,0x82a9,0x82ab,0x82ac,0x82ad,0x82ae,
    0x82af,0x82b0,0x82b1,0x82b3,0x82b7,0x82b8,0x82b9,0x82bb,0x82bd,0x82be,0x82c7,0x82cd,
    0x82cf,0x82d1,0x82d2,0x82d3,0x82d4,0x82d7,0x82db,0x82dc,0x82de,0x82df,0x82e1,0x82e3,
    0x82e5,0x82e6,0x82e7,0x82eb,0x82ef,0x82f1,0x82f3,0x82f4,0x82f7,0x82f9,0x82fa,0x82fb,
    0x8301,0x8302,0x8303,0x8304,0x8305,0x8306,0x8309,0x830e,0x8317,0x831b,0x831c,0x8327,
    0x8328,0x832b,0x832c,0x832d,0x832f,0x8331,0x8332,0x8334,0x8335,0x8336,0x8338,0x8339,
    0x833a,0x833c,0x8340,0x8343,0x8346,0x8349,0x834a,0x834f,0x8350,0x8352,0x8354,0x8356,
    0x835a,0x835e,0x8360,0x8361,0x8363,0x8364,0x8367,0x836b,0x836f,0x8373,0x8377,0x8378,
    0x837b,0x837c,0x837d,0x8385,0x8386,0x8389,0x838a,0x838e,0x8392,0x8393,0x8396,0x8398,
    0x839e,0x83a0,0x83a2,0x83a7,0x83a8,0x83a9,0x83aa,0x83ab,0x83b1,0x83b2,0x83b7,0x83b9,
    0x83ba,0x83bd,0x83bf,0x83c1,0x83c5,0x83c7,0x83ca,0x83cc,0x83cf,0x83d4,0x83d6,0x83d8,
    0x83dc,0x83df,0x83e0,0x83e9,0x83ef,0x83f0,0x83f1,0x83f2,0x83f8,0x83fd,0x8403,0x8404,
    0x840a,0x840b,0x840c,0x840d,0x840e,0x8418,0x841d,0x8423,0x8424,0x8425,0x8427,0x8428,
    0x8429,0x842c,0x8431,0x8438,0x843c,0x843d,0x8446,0x8449,0x844e,0x8456,0x8457,0x845a,
    0x845b,0x8461,0x8463,0x8466,0x8469,0x846b,0x846c,0x846d,0x8471,0x8473,0x8475,0x8476,
    0x8477,0x847a,0x8482,0x8484,0x848b,0x8490,0x8494,0x8499,0x849c,0x849e,0x849f,0x84a1,
    0x84a8,0x84af,0x84b2,0x84b4,0x84b8,0x84b9,0x84bb,0x84bc,0x84bd,0x84bf,0x84c0,0x84c1,
    0x84c4,0x84c6,0x84c7,0x84c9,0x84ca,0x84cb,0x84cd,0x84d0,0x84d1,0x84d3,0x84d6,0x84dd,
    0x84df,0x84ec,0x84ee,0x84fc,0x84ff,0x8500,0x8511,0x8513,0x8514,0x8517,0x851a,0x851f,
    0x8521,0x8523,0x8525,0x852b,0x852c,0x852d,0x8537,0x853b,0x853c,0x853d,0x8541,0x8543,
    0x8548,0x8549,0x854a,0x854e,0x8557,0x8559,0x855e,0x8564,0x8568,0x8569,0x856a,0x856d,
    0x8574,0x857e,0x8584,0x8587,0x8588,0x858a,0x858c,0x858f,0x8591,0x8594,0x859b,0x859c,
    0x85a4,0x85a6,0x85a8,0x85a9,0x85aa,0x85ae,0x85af,0x85b0,0x85b8,0x85b9,0x85ba,0x85c1,
    0x85c9,0x85cd,0x85cf,0x85d0,0x85d5,0x85dc,0x85dd,0x85e4,0x85e5,0x85e6,0x85e8,0x85e9,
    0x85ea,0x85f7,0x85f9,0x85fa,0x85fb,0x8606,0x8607,0x860a,0x860b,0x8611,0x8616,0x861a,
    0x8622,0x862d,0x8638,0x863f,0x864e,0x864f,0x8650,0x8651,0x8654,0x8655,0x865a,0x865b,
    0x865c,0x865e,0x865f,0x8662,0x8667,0x866b,0x866c,0x866f,0x8671,0x8679,0x867a,0x867b,
    0x867d,0x867e,0x8680,0x8681,0x8682,0x868a,0x868b,0x868c,0x8693,0x8695,0x869c,0x86a3,
    0x86a4,0x86a9,0x86aa,0x86af,0x86b0,0x86b1,0x86b5,0x86b6,0x86c0,0x86c4,0x86c6,0x86c7,
    0x86c9,0x86ca,0x86cb,0x86ce,0x86d0,0x86d4,0x86d9,0x86db,0x86de,0x86df,0x86e4,0x86e9,
    0x86ed,0x86ee,0x86f0,0x86f8,0x86f9,0x86fb,0x86fe,0x8700,0x8702,0x8703,0x8706,0x8707,
    0x8708,0x8709,0x870a,0x870d,0x8712,0x8713,0x8715,0x8717,0x8718,0x871a,0x871c,0x871e,
    0x8721,0x8722,0x8725,0x8729,0x8731,0x8734,0x8737,0x873b,0x873f,0x8747,0x8749,0x874c,
    0x874e,0x8753,0x8755,0x8757,0x8759,0x875f,0x8760,0x8763,0x8766,0x8768,0x876e,0x8770,
    0x8774,0x8776,0x8778,0x8782,0x8783,0x8785,0x8788,0x878d,0x879e,0x879f,0x87a2,0x87ab,
    0x87af,0x87b3,0x87ba,0x87bb,0x87bd,0x87c0,0x87c4,0x87c6,0x87cb,0x87d1,0x87d2,0x87db,
    0x87e0,0x87ec,0x87ef,0x87f2,0x87f9,0x87fb,0x87fe,0x8805,0x880d,0x8814,0x8815,0x8816,
    0x881f,0x8821,0x8822,0x8823,0x8831,0x8836,0x8839,0x883b,0x8840,0x8844,0x8845,0x884a,
    0x884c,0x884d,0x8852,0x8853,0x8854,0x8857,0x8859,0x885b,0x885d,0x8861,0x8862,0x8863,
    0x8865,0x8868,0x8869,0x886b,0x886c,0x8870,0x8872,0x8877,0x8879,0x887d,0x887e,0x887f,
    0x8881,0x8882,0x8884,0x8888,0x888b,0x888d,0x8892,0x8896,0x8897,0x889c,0x889e,0x88a2,
    0x88a4,0x88ab,0x88ad,0x88b1,0x88b7,0x88c1,0x88c2,0x88c5,0x88c6,0x88ca,0x88d2,0x88d4,
    0x88d5,0x88d8,0x88d9,0x88dc,0x88dd,0x88df,0x88e1,0x88e4,0x88e8,0x88f1,0x88f3,0x88f4,
    0x88f8,0x88f9,0x88fc,0x88fd,0x88fe,0x8902,0x8907,0x890a,0x8910,0x8912,0x8913,0x8915,
    0x891a,0x8921,0x8925,0x892a,0x892b,0x8932,0x8936,0x8938,0x893b,0x8941,0x8944,0x8956,
    0x895e,0x895f,0x8960,0x8964,0x8966,0x896a,0x896c,0x896f,0x8972,0x897f,0x8981,0x8983,
    0x8986,0x8988,0x898b,0x898f,0x8993,0x8996,0x89a6,0x89aa,0x89ac,0x89b2,0x89b7,0x89ba,
    0x89bd,0x89c0,0x89c1,0x89c2,0x89c4,0x89c5,0x89c6,0x89c8,0x89c9,0x89ce,0x89d2,0x89d4,
    0x89da,0x89dc,0x89dd,0x89e3,0x89e6,0x89f4,0x89f8,0x8a00,0x8a02,0x8a03,0x8a08,0x8a0a,
    0x8a0c,0x8a0e,0x8a0f,0x8a10,0x8a13,0x8a15,0x8a16,0x8a17,0x8a18,0x8a1b,0x8a1d,0x8a1f,
    0x8a23,0x8a25,0x8a2a,0x8a2d,0x8a31,0x8a34,0x8a36,0x8a3a,0x8a3b,0x8a3e,0x8a41,0x8a46,
    0x8a48,0x8a50,0x8a54,0x8a55,0x8a5b,0x8a5e,0x8a60,0x8a62,0x8a63,0x8a66,0x8a69,0x8a6b,
    0x8a6c,0x8a6d,0x8a6e,0x8a70,0x8a71,0x8a72,0x8a73,0x8a79,0x8a7c,0x8a85,0x8a87,0x8a89,
    0x8a8a,0x8a8c,0x8a8d,0x8a91,0x8a93,0x8a95,0x8a98,0x8a9a,0x8a9e,0x8aa0,0x8aa1,0x8aa3,
    0x8aa4,0x8aa5,0x8aa6,0x8aa8,0x8aaa,0x8ab0,0x8ab2,0x8ab9,0x8abc,0x8abf,0x8ac2,0x8ac4,
    0x8ac7,0x8acb,0x8acd,0x8ad2,0x8ad6,0x8adb,0x8adc,0x8ae2,0x8ae6,0x8ae7,0x8aeb,0x8aed,
    0x8aee,0x8af1,0x8af3,0x8af6,0x8af7,0x8af8,0x8afa,0x8afe,0x8b00,0x8b01,0x8b02,0x8b04,
    0x8b05,0x8b07,0x8b0a,0x8b0e,0x8b10,0x8b14,0x8b17,0x8b19,0x8b1b,0x8b1d,0x8b20,0x8b28,
    0x8b2b,0x8b2c,0x8b33,0x8b39,0x8b3e,0x8b41,0x8b49,0x8b4e,0x8b4f,0x8b58,0x8b5a,0x8b5c,
    0x8b5f,0x8b66,0x8b6c,0x8b6f,0x8b70,0x8b74,0x8b77,0x8b7d,0x8b80,0x8b8a,0x8b8c,0x8b8e,
    0x8b92,0x8b93,0x8b96,0x8b9a,0x8ba1,0x8ba2,0x8ba3,0x8ba4,0x8ba5,0x8ba8,0x8ba9,0x8bab,
    0x8bad,0x8bae,0x8baf,0x8bb0,0x8bb2,0x8bb3,0x8bb6,0x8bb8,0x8bb9,0x8bba,0x8bbc,0x8bbd,
    0x8bbe,0x8bbf,0x8bc0,0x8bc1,0x8bc4,0x8bc5,0x8bc6,0x8bc8,0x8bc9,0x8bca,0x8bcc,0x8bcd,
    0x8bd1,0x8bd5,0x8bd7,0x8bd9,0x8bda,0x8bdb,0x8bdd,0x8bde,0x8be1,0x8be2,0x8be3,0x8be5,
    0x8be6,0x8be7,0x8beb,0x8bec,0x8bed,0x8bef,0x8bf1,0x8bf2,0x8bf4,0x8bf5,0x8bf7,0x8bf8,
    0x8bfa,0x8bfb,0x8bfd,0x8bfe,0x8c01,0x8c03,0x8c05,0x8c06,0x8c08,0x8c0a,0x8c0b,0x8c0d,
    0x8c0e,0x8c10,0x8c12,0x8c13,0x8c17,0x8c1a,0x8c1c,0x8c22,0x8c23,0x8c24,0x8c26,0x8c28,
    0x8c29,0x8c2c,0x8c2d,0x8c30,0x8c31,0x8c34,0x8c37,0x8c3f,0x8c41,0x8c46,0x8c48,0x8c49,
    0x8c4a,0x8c4c,0x8c4e,0x8c50,0x8c54,0x8c55,0x8c5a,0x8c61,0x8c62,0x8c6a,0x8c6b,0x8c6c,
    0x8c73,0x8c78,0x8c79,0x8c7a,0x8c82,0x8c85,0x8c89,0x8c8a,0x8c8c,0x8c93,0x8c94,0x8c98,
    0x8c9d,0x8c9e,0x8ca0,0x8ca1,0x8ca2,0x8ca7,0x8ca8,0x8ca9,0x8caa,0x8cab,0x8cac,0x8caf,
    0x8cb2,0x8cb4,0x8cb6,0x8cb7,0x8cb8,0x8cbb,0x8cbc,0x8cbd,0x8cbf,0x8cc0,0x8cc1,0x8cc2,
    0x8cc3,0x8cc4,0x8cc7,0x8cc8,0x8cca,0x8cd1,0x8cd2,0x8cd3,0x8cdc,0x8cde,0x8ce0,0x8ce1,
    0x8ce2,0x8ce3,0x8ce4,0x8ce6,0x8cea,0x8cec,0x8ced,0x8cf4,0x8cf8,0x8cfa,0x8cfc,0x8cfd,
    0x8d05,0x8d08,0x8d0a,0x8d0f,0x8d13,0x8d16,0x8d17,0x8d1b,0x8d1d,0x8d1e,0x8d1f,0x8d21,
    0x8d22,0x8d23,0x8d24,0x8d25,0x8d26,0x8d27,0x8d28,0x8d29,0x8d2a,0x8d2b,0x8d2c,0x8d2d,
    0x8d2e,0x8d2f,0x8d30,0x8d31,0x8d34,0x8d35,0x8d37,0x8d38,0x8d39,0x8d3a,0x8d3b,0x8d3c,
    0x8d3e,0x8d3f,0x8d41,0x8d42,0x8d43,0x8d44,0x8d4a,0x8d4b,0x8d4c,0x8d4e,0x8d4f,0x8d50,
    0x8d54,0x8d56,0x8d58,0x8d5a,0x8d5b,0x8d5e,0x8d60,0x8d61,0x8d62,0x8d63,0x8d64,0x8d66,
    0x8d67,0x8d6b,0x8d6d,0x8d70,0x8d73,0x8d74,0x8d75,0x8d76,0x8d77,0x8d81,0x8d85,0x8d8a,
    0x8d8b,0x8d95,0x8d99,0x8d9f,0x8da3,0x8da8,0x8daf,0x8db3,0x8db4,0x8dba,0x8dbe,0x8dc2,
    0x8dc3,0x8dc6,0x8dcb,0x8dcc,0x8dce,0x8dcf,0x8dd1,0x8dd6,0x8dda,0x8ddb,0x8ddd,0x8ddf,
    0x8de1,0x8de3,0x8de4,0x8de8,0x8dea,0x8def,0x8df3,0x8df5,0x8df7,0x8dfa,0x8dfc,0x8e05,
    0x8e09,0x8e0a,0x8e0c,0x8e0f,0x8e10,0x8e1d,0x8e1e,0x8e1f,0x8e22,0x8e29,0x8e2a,0x8e2b,
    0x8e2e,0x8e30,0x8e31,0x8e34,0x8e35,0x8e39,0x8e42,0x8e44,0x8e47,0x8e48,0x8e49,0x8e4a,
    0x8e4b,0x8e4c,0x8e50,0x8e55,0x8e59,0x8e5f,0x8e63,0x8e64,0x8e66,0x8e69,0x8e6c,0x8e6d,
    0x8e72,0x8e74,0x8e76,0x8e7a,0x8e7c,0x8e7f,0x8e81,0x8e82,0x8e85,0x8e87,0x8e8a,0x8e8b,
    0x8e8d,0x8e8f,0x8e91,0x8e93,0x8e94,0x8ea1,0x8eaa,0x8eab,0x8eac,0x8eaf,0x8eb2,0x8eba,
    0x8ec0,0x8eca,0x8ecb,0x8ecc,0x8ecd,0x8ed2,0x8ed4,0x8edb,0x8edf,0x8ef8,0x8efb,0x8efc,
    0x8efe,0x8f03,0x8f09,0x8f0a,0x8f12,0x8f13,0x8f14,0x8f15,0x8f1b,0x8f1d,0x8f1e,0x8f1f,
    0x8f29,0x8f2a,0x8f2f,0x8f38,0x8f3b,0x8f3e,0x8f3f,0x8f42,0x8f44,0x8f45,0x8f46,0x8f49,
    0x8f4d,0x8f4e,0x8f5f,0x8f61,0x8f66,0x8f67,0x8f68,0x8f69,0x8f6c,0x8f6e,0x8f6f,0x8f70,
    0x8f74,0x8f7b,0x8f7d,0x8f7f,0x8f83,0x8f85,0x8f86,0x8f88,0x8f89,0x8f8a,0x8f90,0x8f91,
    0x8f93,0x8f95,0x8f96,0x8f97,0x8f99,0x8f9b,0x8f9c,0x8f9e,0x8f9f,0x8fa3,0x8fa6,0x8fa8,
    0x8fa9,0x8fab,0x8fad,0x8fae,0x8faf,0x8fb0,0x8fb1,0x8fb2,0x8fb9,0x8fbd,0x8fbe,0x8fbf,
    0x8fc1,0x8fc2,0x8fc4,0x8fc5,0x8fc7,0x8fc8,0x8fce,0x8fd0,0x8fd1,0x8fd4,0x8fd8,0x8fd9,
    0x8fdb,0x8fdc,0x8fdd,0x8fde,0x8fdf,0x8fe2,0x8fe4,0x8fe5,0x8fe6,0x8fe8,0x8fe9,0x8fea,
    0x8feb,0x8fed,0x8ff0,0x8ff4,0x8ff7,0x8ff8,0x8ff9,0x8ffa,0x8ffd,0x9000,0x9001,0x9002,
    0x9003,0x9004,0x9005,0x9006,0x9009,0x900a,0x900b,0x900d,0x900f,0x9010,0x9011,0x9012,
    0x9014,0x9015,0x9016,0x9017,0x9019,0x901a,0x901b,0x901d,0x901e,0x901f,0x9020,0x9021,
    0x9022,0x9023,0x902e,0x902f,0x9031,0x9032,0x9035,0x9036,0x9038,0x903b,0x903c,0x903e,
    0x9041,0x9042,0x9047,0x904a,0x904b,0x904d,0x904e,0x904f,0x9050,0x9051,0x9052,0x9053,
    0x9054,0x9055,0x9057,0x9058,0x9059,0x905b,0x905c,0x905e,0x9060,0x9062,0x9063,0x9065,
    0x9068,0x9069,0x906d,0x906e,0x9072,0x9074,0x9075,0x9077,0x9078,0x907a,0x907c,0x907d,
    0x907f,0x9080,0x9081,0x9082,0x9083,0x9084,0x9087,0x9088,0x908a,0x908b,0x908f,0x9090,
    0x9091,0x9093,0x9095,0x909b,0x90a2,0x90a3,0x90a6,0x90a8,0x90aa,0x90ae,0x90af,0x90b0,
    0x90b1,0x90b3,0x90b4,0x90b5,0x90b6,0x90b8,0x90b9,0x90bb,0x90c1,0x90c3,0x90ca,0x90ce,
    0x90d1,0x90d7,0x90db,0x90dc,0x90dd,0x90e1,0x90e2,0x90e4,0x90e7,0x90e8,0x90ed,0x90f4,
    0x90f5,0x90f8,0x90fd,0x90fe,0x9102,0x9109,0x9112,0x9117,0x9118,0x9119,0x911e,0x9122,
    0x9127,0x912d,0x9130,0x9131,0x9132,0x9139,0x9146,0x9148,0x9149,0x914a,0x914b,0x914c,
    0x914d,0x914e,0x9152,0x9157,0x915a,0x915d,0x915e,0x9161,0x9162,0x9163,0x9165,0x9169,
    0x916a,0x916c,0x916e,0x9171,0x9172,0x9174,0x9175,0x9176,0x9177,0x9178,0x917f,0x9183,
    0x9187,0x9189,0x918b,0x918d,0x9190,0x9192,0x919a,0x919b,0x919c,0x919e,0x91a2,0x91a3,
    0x91aa,0x91ab,0x91ac,0x91ae,0x91af,0x91b1,0x91b4,0x91b5,0x91ba,0x91c0,0x91c1,0x91c7,
    0x91c9,0x91ca,0x91cb,0x91cc,0x91cd,0x91ce,0x91cf,0x91d0,0x91d1,0x91d7,0x91d8,0x91dc,
    0x91dd,0x91e3,0x91e6,0x91e7,0x91f5,0x9209,0x920d,0x9211,0x9214,0x9215,0x921e,0x9223,
    0x9234,0x9238,0x923e,0x9240,0x9245,0x9249,0x924d,0x9257,0x925b,0x9264,0x9266,0x9274,
    0x9278,0x927b,0x9280,0x9283,0x9285,0x9293,0x9296,0x9298,0x929c,0x92a8,0x92ac,0x92b2,
    0x92b3,0x92b7,0x92c1,0x92c5,0x92d0,0x92d2,0x92e4,0x92ea,0x92f8,0x92fc,0x9304,0x9310,
    0x9315,0x9318,0x9319,0x931a,0x9320,0x9321,0x9322,0x9326,0x9328,0x932b,0x932e,0x932f,
    0x9333,0x9336,0x934a,0x934b,0x934d,0x9358,0x935b,0x9365,0x936c,0x9375,0x937e,0x9382,
    0x938a,0x938c,0x9394,0x9396,0x9397,0x939a,0x939d,0x93a2,0x93a7,0x93ac,0x93ae,0x93c8,
    0x93d0,0x93d6,0x93d7,0x93d8,0x93dc,0x93df,0x93e1,0x93e2,0x93e4,0x93fd,0x9403,0x9410,
    0x9418,0x9419,0x942b,0x942e,0x9432,0x9433,0x9435,0x9438,0x943a,0x9444,0x944a,0x9451,
    0x9452,0x9460,0x9463,0x946b,0x9470,0x9472,0x947c,0x947d,0x947e,0x947f,0x9488,0x9489,
    0x948e,0x9492,0x9493,0x9499,0x949d,0x949e,0x949f,0x94a0,0x94a1,0x94a2,0x94a5,0x94a6,
    0x94a7,0x94a8,0x94a9,0x94ae,0x94b1,0x94b3,0x94b5,0x94bb,0x94be,0x94c0,0x94c1,0x94c2,
    0x94c3,0x94c5,0x94c6,0x94d0,0x94db,0x94dc,0x94dd,0x94e0,0x94e1,0x94e3,0x94ec,0x94ed,
    0x94f0,0x94f1,0x94f2,0x94f6,0x94f8,0x94fa,0x94fe,0x9500,0x9501,0x9504,0x9505,0x9508,
    0x9509,0x950b,0x950c,0x9510,0x9511,0x9517,0x9519,0x951a,0x9521,0x9523,0x9524,0x9525,
    0x9526,0x9528,0x952d,0x952e,0x952f,0x9530,0x9539,0x953b,0x9540,0x9541,0x9547,0x954a,
    0x954d,0x9550,0x9551,0x9556,0x955c,0x9563,0x956d,0x9570,0x9576,0x9577,0x957f,0x9580,
    0x9582,0x9583,0x9589,0x958b,0x958e,0x958f,0x9591,0x9592,0x9593,0x9594,0x9598,0x95a1,
    0x95a3,0x95a4,0x95a5,0x95a8,0x95a9,0x95ad,0x95b1,0x95b9,0x95bb,0x95c3,0x95c6,0x95c7,
    0x95c8,0x95ca,0x95cb,0x95cc,0x95d0,0x95d4,0x95d5,0x95d6,0x95dc,0x95e1,0x95e2,0x95e5,
    0x95e8,0x95ea,0x95ed,0x95ee,0x95ef,0x95f0,0x95f2,0x95f4,0x95f5,0x95f7,0x95f8,0x95f9,
    0x95fa,0x95fb,0x95fd,0x9600,0x9601,0x9602,0x9605,0x9609,0x960e,0x9610,0x9611,0x9614,
    0x961c,0x961f,0x9621,0x9628,0x962a,0x962e,0x962f,0x9631,0x9632,0x9633,0x9634,0x9635,
    0x9636,0x963b,0x963f,0x9640,0x9642,0x9644,0x9645,0x9646,0x9647,0x9648,0x964b,0x964c,
    0x964d,0x9650,0x9655,0x965b,0x965d,0x965e,0x965f,0x9661,0x9662,0x9663,0x9664,0x9668,
    0x9669,0x966a,0x966c,0x9670,0x9672,0x9673,0x9674,0x9675,0x9676,0x9677,0x9678,0x967d,
    0x9685,0x9686,0x9688,0x968a,0x968b,0x968d,0x968e,0x968f,0x9690,0x9694,0x9695,0x9697,
    0x9698,0x9699,0x969b,0x969c,0x96a7,0x96a8,0x96aa,0x96b0,0x96b1,0x96b4,0x96b6,0x96b8,
    0x96b9,0x96bb,0x96bc,0x96be,0x96c0,0x96c1,0x96c4,0x96c5,0x96c6,0x96c7,0x96c9,0x96ca,
    0x96cb,0x96cc,0x96cd,0x96ce,0x96cf,0x96d2,0x96d5,0x96d6,0x96d9,0x96db,0x96dc,0x96de,
    0x96e2,0x96e3,0x96e8,0x96e9,0x96ea,0x96ef,0x96f2,0x96f3,0x96f6,0x96f7,0x96f9,0x96fb,
    0x96fe,0x9700,0x9704,0x9706,0x9707,0x9708,0x9709,0x970d,0x970e,0x970f,0x9711,0x9713,
    0x9716,0x971c,0x971e,0x9724,0x9727,0x972a,0x9730,0x9732,0x9738,0x9739,0x973d,0x973e,
    0x9742,0x9744,0x9748,0x9749,0x9752,0x9756,0x9759,0x975a,0x975b,0x975c,0x975e,0x9760,
    0x9761,0x9762,0x9766,0x9768,0x9769,0x9773,0x9774,0x9776,0x977a,0x977c,0x9781,0x9785,
    0x978b,0x978d,0x978f,0x9798,0x97a0,0x97a3,0x97a6,0x97a8,0x97ab,0x97ad,0x97b3,0x97b4,
    0x97c1,0x97c3,0x97c6,0x97c9,0x97cb,0x97cc,0x97d3,0x97dc,0x97e6,0x97e7,0x97e9,0x97ed,
    0x97f3,0x97f5,0x97f6,0x97fb,0x97ff,0x9801,0x9802,0x9803,0x9805,0x9806,0x9807,0x9808,
    0x980c,0x9810,0x9811,0x9812,0x9813,0x9817,0x9818,0x9821,0x9824,0x982b,0x982d,0x9830,
    0x9837,0x9838,0x9839,0x983b,0x9846,0x984c,0x984d,0x984e,0x984f,0x9853,0x9858,0x985b,
    0x985e,0x9862,0x9865,0x9867,0x986b,0x986f,0x9870,0x9871,0x9873,0x9875,0x9876,0x9877,
    0x9879,0x987a,0x987b,0x987d,0x987e,0x987f,0x9881,0x9882,0x9884,0x9885,0x9886,0x9887,
    0x9888,0x988a,0x9890,0x9891,0x9893,0x9896,0x9897,0x9898,0x989c,0x989d,0x98a0,0x98a4,
    0x98a7,0x98a8,0x98af,0x98b1,0x98b3,0x98b6,0x98ba,0x98bc,0x98c4,0x98c6,0x98ce,0x98d2,
    0x98d8,0x98db,0x98de,0x98df,0x98e2,0x98e7,0x98e9,0x98ea,0x98eb,0x98ed,0x98ef,0x98f2,
    0x98f4,0x98fc,0x98fd,0x98fe,0x9903,0x9905,0x9909,0x990a,0x990c,0x9910,0x9912,0x9913,
    0x9918,0x991a,0x991b,0x991e,0x9921,0x9928,0x992c,0x992e,0x9935,0x993d,0x993e,0x993f,
    0x9945,0x9948,0x9949,0x994b,0x994c,0x9951,0x9952,0x9955,0x9957,0x995c,0x995e,0x9965,
    0x9968,0x996d,0x996e,0x996f,0x9970,0x9971,0x9972,0x9975,0x9976,0x997a,0x997c,0x997f,
    0x9981,0x9984,0x9985,0x9986,0x9988,0x998b,0x998d,0x998f,0x9992,0x9996,0x9997,0x9998,
    0x9999,0x99a5,0x99a8,0x99ac,0x99ad,0x99ae,0x99b1,0x99b3,0x99b4,0x99c1,0x99d0,0x99d1,
    0x99d2,0x99d5,0x99d8,0x99d9,0x99db,0x99dd,0x99df,0x99e2,0x99ed,0x99f1,0x99ff,0x9a01,
    0x9a05,0x9a0e,0x9a16,0x9a19,0x9a2b,0x9a30,0x9a37,0x9a3e,0x9a40,0x9a41,0x9a43,0x9a45,
    0x9a4a,0x9a4d,0x9a55,0x9a57,0x9a5a,0x9a5b,0x9a5f,0x9a62,0x9a64,0x9a65,0x9a6a,0x9a6c,
    0x9a6d,0x9a6e,0x9a6f,0x9a70,0x9a71,0x9a73,0x9a74,0x9a76,0x9a79,0x9a7b,0x9a7c,0x9a7e,
    0x9a82,0x9a84,0x9a86,0x9a87,0x9a8b,0x9a8c,0x9a8f,0x9a91,0x9a97,0x9a9a,0x9aa1,0x9aa4,
    0x9aa8,0x9aaf,0x9ab0,0x9ab7,0x9ab8,0x9abc,0x9ac0,0x9ac1,0x9ac5,0x9acf,0x9ad1,0x9ad2,
    0x9ad3,0x9ad4,0x9ad6,0x9ad8,0x9ae1,0x9ae2,0x9ae3,0x9ae6,0x9aeb,0x9aed,0x9aee,0x9aef,
    0x9afb,0x9b03,0x9b06,0x9b0d,0x9b13,0x9b18,0x9b1a,0x9b1f,0x9b22,0x9b23,0x9b25,0x9b27,
    0x9b28,0x9b29,0x9b2f,0x9b31,0x9b32,0x9b3b,0x9b3c,0x9b41,0x9b42,0x9b43,0x9b44,0x9b45,
    0x9b4d,0x9b4f,0x9b51,0x9b54,0x9b58,0x9b5a,0x9b68,0x9b6f,0x9b77,0x9b91,0x9baa,0x9bad,
    0x9bae,0x9bc0,0x9bc9,0x9bca,0x9bd6,0x9bdb,0x9be8,0x9bf0,0x9bfd,0x9c08,0x9c0d,0x9c12,
    0x9c13,0x9c25,0x9c2d,0x9c32,0x9c39,0x9c3b,0x9c3e,0x9c48,0x9c49,0x9c52,0x9c54,0x9c56,
    0x9c57,0x9c77,0x9c78,0x9c7c,0x9c81,0x9c8d,0x9c9c,0x9ca4,0x9ca8,0x9cab,0x9cb2,0x9cb8,
    0x9cc3,0x9cc4,0x9ccd,0x9cd0,0x9cd6,0x9cde,0x9ce5,0x9ce7,0x9ce9,0x9cf3,0x9cf4,0x9cf6,
    0x9d03,0x9d07,0x9d09,0x9d12,0x9d15,0x9d1b,0x9d1f,0x9d23,0x9d26,0x9d28,0x9d3b,0x9d3f,
    0x9d51,0x9d5c,0x9d5d,0x9d60,0x9d61,0x9d6a,0x9d6c,0x9d6f,0x9d70,0x9d72,0x9d87,0x9d89,
    0x9d98,0x9da9,0x9daf,0x9db2,0x9db4,0x9dba,0x9dbb,0x9dd3,0x9dd7,0x9de5,0x9de6,0x9def,
    0x9df2,0x9df8,0x9df9,0x9dfa,0x9e1a,0x9e1b,0x9e1d,0x9e1e,0x9e1f,0x9e20,0x9e21,0x9e23,
    0x9e25,0x9e26,0x9e2d,0x9e2f,0x9e33,0x9e35,0x9e3d,0x9e3f,0x9e43,0x9e45,0x9e49,0x9e4a,
    0x9e4f,0x9e64,0x9e66,0x9e70,0x9e75,0x9e79,0x9e7c,0x9e7d,0x9e7f,0x9e82,0x9e88,0x9e8b,
    0x9e91,0x9e92,0x9e93,0x9e97,0x9e9d,0x9e9f,0x9ea5,0x9ea6,0x9ea9,0x9eb4,0x9eb5,0x9eb8,
    0x9eb9,0x9ebb,0x9ebc,0x9ebd,0x9ebe,0x9ec3,0x9ec4,0x9ecc,0x9ecd,0x9ece,0x9ecf,0x9ed1,
    0x9ed4,0x9ed8,0x9edb,0x9edc,0x9edd,0x9ede,0x9ee0,0x9ee2,0x9ee5,0x9ee8,0x9eef,0x9ef4,
    0x9ef9,0x9efb,0x9efc,0x9f0e,0x9f13,0x9f19,0x9f20,0x9f2c,0x9f2f,0x9f34,0x9f3b,0x9f3e,
    0x9f41,0x9f4a,0x9f4b,0x9f4e,0x9f50,0x9f52,0x9f54,0x9f5c,0x9f61,0x9f63,0x9f66,0x9f67,
    0x9f72,0x9f7f,0x9f84,0x9f8b,0x9f8d,0x9f90,0x9f94,0x9f95,0x9f99,0x9f9a,0x9f9c,0x9f9f,
    0x9fa0,0xfe30,0xfe34,0xfe35,0xfe36,0xfe37,0xfe38,0xfe39,0xfe3a,0xfe3b,0xfe3c,0xfe3d,
    0xfe3e,0xfe3f,0xfe40,0xfe41,0xfe42,0xfe43,0xfe44,0xff01,0xff03,0xff04,0xff05,0xff06,
    0xff08,0xff09,0xff0a,0xff0b,0xff0c,0xff0d,0xff0e,0xff0f,0xff10,0xff11,0xff12,0xff13,
    0xff14,0xff15,0xff16,0xff17,0xff18,0xff19,0xff1a,0xff1b,0xff1d,0xff1f,0xff20,0xff21,
    0xff22,0xff23,0xff24,0xff25,0xff26,0xff27,0xff28,0xff29,0xff2a,0xff2b,0xff2c,0xff2d,
    0xff2e,0xff2f,0xff30,0xff31,0xff32,0xff33,0xff34,0xff35,0xff36,0xff37,0xff38,0xff39,
    0xff3a,0xff3c,0xff3f,0xff41,0xff42,0xff43,0xff44,0xff45,0xff46,0xff47,0xff48,0xff49,
    0xff4a,0xff4b,0xff4c,0xff4d,0xff4e,0xff4f,0xff50,0xff51,0xff52,0xff53,0xff54,0xff55,
    0xff56,0xff57,0xff58,0xff59,0xff5a,0xff5b,0xff5c,0xff5d,0xff5e,
};

static const uint16_t cjk_bitmap[CJK_GLYPH_COUNT * CJK_GLYPH_ROWS] = {
    0x00e0,0x0110,0x0110,0x0020,0x00e0,0x0110,0x0110,0x00e0,0x0080,0x0110,0x0110,0x00e0,
    0x0000,0x0000,0x0006,0x0009,0x0009,0x0006,0x0000,0x0000,0x0000,0x0000,0x0000,0x0000,
    0x0000,0x0000,0x0000,0x0000,0x0008,0x0008,0x0008,0x007f,0x0008,0x0008,0x0008,0x0000,
    0x007f,0x0000,0x0000,0x0000,0x0000,0x0000,0x0041,0x0022,0x0014,0x0008,0x0014,0x0022,
    0x0041,0x0000,0x0000,0x0000,0x0000,0x0000,0x0010,0x0038,0x0010,0x0000,0x01ff,0x0000,
    0x0010,0x0038,0x0010,0x0000,0x0000,0x0000,0x0022,0x0014,0x0008,0x0000,0x0000,0x0000,
    0x0000,0x0000,0x0000,0x0000,0x0000,0x0000,0x0000,0x0010,0x0008,0x0004,0x0002,0x0000,
    0x0000,0x0000,0x0000,0x0000,0x0000,0x0000,0x0000,0x0000,0x0002,0x0004,0x0008,0x0010,
    0x0000,0x0000,0x0000,0x0000,0x0000,0x0000,0x0000,0x0000,0x0000,0x0000,0x0006,0x0006,
    0x0000,0x0000,0x0000,0x0000,0x0000,0x0000,0x0000,0x0000,0x0000,0x0000,0x0070,0x0040,
    0x00a0,0x00a0,0x0110,0x0110,0x01f0,0x0208,0x0208,0x0f1e,0x0000,0x0000,0x0000,0x01fc,
    0x0210,0x0210,0x0210,0x01f0,0x0210,0x0410,0x0410,0x0210,0x01fc,0x0000,0x0000,0x0000,
    0x07f8,0x0420,0x0420,0x0020,0x0020,0x0020,0x0020,0x0020,0x0020,0x00f8,0x0000,0x0000,
    0x0000,0x0040,0x0040,0x00a0,0x00a0,0x0110,0x0110,0x0208,0x0208,0x0404,0x07fc,0x0000,
    0x0000,0x0000,0x07f8,0x0420,0x0020,0x0120,0x01e0,0x0120,0x0020,0x0420,0x0420,0x07f8,
    0x0000,0x0000,0x0000,0x03f8,0x0208,0x0108,0x0080,0x0040,0x0020,0x0010,0x0208,0x0208,
    0x03f8,0x0000,0x0000,0x0000,0x0f3c,0x0210,0x0210,0x0210,0x03f0,0x0210,0x0210,0x0210,
    0x0210,0x0f3c,0x0000,0x0000,0x0000,0x03f0,0x0408,0x0804,0x0a14,0x0bf4,0x0a14,0x0804,
    0x0804,0x0408,0x03f0,0x0000,0x0000,0x0000,0x01f0,0x0040,0x0040,0x0040,0x0040,0x0040,
    0x0040,0x0040,0x0040,0x01f0,0x0000,0x0000,0x0000,0x0f3c,0x0210,0x0110,0x0090,0x0050,
    0x0070,0x0090,0x0110,0x0210,0x0f3c,0x0000,0x0000,0x0000,0x0070,0x0040,0x00a0,0x00a0,
    0x0110,0x0110,0x0110,0x0208,0x0208,0x0f1e,0x0000,0x0000,0x0000,0x0f1e,0x0318,0x0318,
    0x02a8,0x02a8,0x02a8,0x0248,0x0248,0x0248,0x0f1e,0x0000,0x0000,0x0000,0x0f3c,0x0230,
    0x0250,0x0250,0x0290,0x0290,0x0310,0x0310,0x0210,0x023c,0x0000,0x0000,0x0000,0x0ff0,
    0x0408,0x0000,0x0210,0x01f0,0x0108,0x0000,0x0204,0x0102,0x01fe,0x0000,0x0000,0x0000,
    0x01f0,0x0208,0x0404,0x0404,0x0404,0x0404,0x0404,0x0404,0x0208,0x01f0,0x0000,0x0000,
    0x0000,0x07f8,0x0210,0x0210,0x0210,0x0210,0x0210,0x0210,0x0210,0x0210,0x0f3c,0x0000,
    0x0000,0x0000,0x01fc,0x0210,0x0410,0x0410,0x0210,0x01f0,0x0010,0x0010,0x0010,0x003c,
    0x0000,0x0000,0x0200,0x03f8,0x0210,0x0220,0x0040,0x0080,0x0040,0x0020,0x0210,0x0208,
    0x03f8,0x0200,0x0000,0x0000,0x07fc,0x0444,0x0444,0x0040,0x0040,0x0040,0x0040,0x0040,
    0x0040,0x01f0,0x0000,0x0000,0x0000,0x0318,0x04a4,0x0842,0x0040,0x0040,0x0040,0x0040,
    0x0040,0x0040,0x01f0,0x0000,0x0000,0x0000,0x01f0,0x0040,0x01f0,0x0248,0x0444,0x0444,
    0x0248,0x01f0,0x0040,0x01f0,0x0000,0x0000,0x0000,0x07bc,0x0110,0x0110,0x00a0,0x0040,
    0x0040,0x00a0,0x0110,0x0110,0x07bc,0x0000,0x0000,0x0000,0x01f0,0x0040,0x0444,0x0a4a,
    0x0248,0x0248,0x01f0,0x0040,0x0040,0x01f0,0x0000,0x0000,0x0000,0x01e0,0x0210,0x0408,
    0x0408,0x0408,0x0408,0x0210,0x0120,0x0528,0x0738,0x0000,0x0000,0x0000,0x0000,0x0000,
    0x0000,0x0460,0x0298,0x0108,0x0104,0x0084,0x00c4,0x0338,0x0000,0x0000,0x0000,0x0180,
    0x0240,0x0220,0x02a0,0x0110,0x0210,0x0210,0x0228,0x01c8,0x0008,0x0008,0x0000,0x0000,
    0x0000,0x0000,0x0000,0x0318,0x04a0,0x0040,0x0040,0x0020,0x0020,0x0010,0x0010,0x0000,
    0x0000,0x00c0,0x0320,0x0020,0x0040,0x00a0,0x0110,0x0108,0x0108,0x0088,0x0070,0x0000,
    0x0000,0x0000,0x0000,0x0000,0x03c0,0x0420,0x0020,0x01c0,0x0060,0x0010,0x0210,0x01e0,
    0x0000,0x0000,0x0000,0x0020,0x0310,0x00d0,0x0020,0x0010,0x0008,0x0008,0x0030,0x00c0,
    0x0100,0x00e0,0x0000,0x0000,0x0000,0x0000,0x0198,0x0260,0x0220,0x0210,0x0110,0x0108,
    0x0088,0x0080,0x0000,0x0000,0x0000,0x0180,0x0240,0x0220,0x0220,0x0210,0x03f0,0x0210,
    0x0110,0x0110,0x0090,0x0060,0x0000,0x0000,0x0000,0x0000,0x0020,0x0020,0x0020,0x0010,
    0x0210,0x0208,0x0108,0x00f0,0x0000,0x0000,0x0000,0x0000,0x0000,0x0610,0x0120,0x00a0,
    0x0060,0x0050,0x0090,0x0288,0x0108,0x0000,0x0000,0x0000,0x0070,0x0080,0x0080,0x0080,
    0x00e0,0x0090,0x0088,0x0108,0x0104,0x0604,0x0000,0x0000,0x0000,0x0000,0x0000,0x0400,
    0x0420,0x0220,0x0220,0x0110,0x0190,0x0170,0x0608,0x0008,0x0000,0x0000,0x0000,0x0000,
    0x0400,0x0418,0x0220,0x0220,0x0120,0x0110,0x0090,0x0070,0x0000,0x0000,0x0000,0x03c0,
    0x0020,0x03e0,0x0010,0x03f0,0x0008,0x0008,0x00f0,0x0100,0x0100,0x00e0,0x0000,0x0000,
    0x0000,0x0000,0x01c0,0x0230,0x0210,0x0208,0x0208,0x0108,0x0188,0x0070,0x0000,0x0000,
    0x0000,0x0000,0x0000,0x0400,0x03f8,0x0120,0x0120,0x0090,0x0490,0x0448,0x0384,0x0000,
    0x0000,0x0000,0x0000,0x0000,0x0380,0x0460,0x0420,0x0410,0x0210,0x0318,0x00e8,0x0008,
    0x0008,0x0000,0x0000,0x0000,0x0800,0x07e0,0x0118,0x0108,0x0104,0x0104,0x0084,0x00c4,
    0x0038,0x0000,0x0000,0x0000,0x0000,0x0000,0x0400,0x03f8,0x0040,0x0040,0x0020,0x0420,
    0x0220,0x01c0,0x0000,0x0000,0x0000,0x0000,0x0000,0x0220,0x0420,0x0420,0x0210,0x0210,
    0x0108,0x0088,0x0070,0x0000,0x0000,0x0000,0x0080,0x0080,0x01e0,0x0250,0x0248,0x0248,
    0x0248,0x0148,0x00f0,0x0020,0x0020,0x0000,0x0000,0x0000,0x0000,0x0460,0x0290,0x0180,
    0x0080,0x0080,0x00c0,0x08a0,0x0490,0x0308,0x0000,0x0000,0x0100,0x0100,0x0080,0x088c,
    0x0490,0x0450,0x0248,0x0248,0x01f0,0x0020,0x0020,0x0000,0x0000,0x0000,0x0000,0x0220,
    0x0410,0x0490,0x0488,0x0448,0x0448,0x0248,0x01b0,0x0000,0x0000,0x0000,0x0000,0x0000,
    0x0000,0x0000,0x0000,0x0000,0x007f,0x0000,0x0000,0x0000,0x0000,0x0000,0x0000,0x0000,
    0x0000,0x0000,0x0000,0x0000,0x1fff,0x0000,0x0000,0x0000,0x0000,0x0000,0x0000,0x0002,
    0x0001,0x0001,0x0000,0x0000,0x0000,0x0000,0x0000,0x0000,0x0000,0x0000,0x0000,0x0000,
    0x0002,0x0002,0x0001,0x0000,0x0000,0x0000,0x0000,0x0000,0x0000,0x0000,0x0000,0x0000,
    0x0000,0x000a,0x0005,0x0005,0x0000,0x0000,0x0000,0x0000,0x0000,0x0000,0x0000,0x0000,
    0x0000,0x0000,0x000a,0x000a,0x0005,0x0000,0x0000,0x0000,0x0000,0x0000,0x0000,0x0000,
    0x0000,0x0000,0x0000,0x0000,0x0000,0x0000,0x0000,0x0000,0x0000,0x0318,0x0318,0x0000,
    0x0000,0x0000,0x0000,0x0000,0x0000,0x0000,0x0000,0x0000,0x0000,0x0000,0x0ccc,0x0ccc,
    0x0000,0x0000,0x0000,0x0000,0x0000,0x0000,0x0040,0x04e4,0x0248,0x0110,0x04a4,0x0e4e,
    0x04a4,0x0110,0x0248,0x04e4,0x0040,0x0000,0x0018,0x0024,0x0024,0x0398,0x0440,0x0020,
    0x0020,0x0020,0x0020,0x0440,0x0380,0x0000,0x0000,0x0000,0x01f0,0x0040,0x0040,0x0040,
    0x0040,0x0040,0x0040,0x0040,0x0040,0x01f0,0x0000,0x0000,0x0000,0x03f0,0x0120,0x0120,
    0x0120,0x0120,0x0120,0x0120,0x0120,0x0120,0x03f0,0x0000,0x0000,0x0000,0x07fc,0x0248,
    0x0248,0x0248,0x0248,0x0248,0x0248,0x0248,0x0248,0x07fc,0x0000,0x0000,0x0000,0x077c,
    0x0228,0x0228,0x0228,0x0148,0x0148,0x0148,0x0088,0x0088,0x009c,0x0000,0x0000,0x0000,
    0x071c,0x0208,0x0208,0x0110,0x0110,0x0110,0x00a0,0x00a0,0x0040,0x0040,0x0000,0x0000,
    0x0000,0x07dc,0x0288,0x0288,0x0288,0x0250,0x0250,0x0250,0x0220,0x0220,0x0720,0x0000,
    0x0000,0x0000,0x0fee,0x0544,0x0544,0x0544,0x0528,0x0528,0x0528,0x0510,0x0510,0x0f90,
    0x0000,0x0000,0x0000,0x0ff6,0x0554,0x0554,0x0554,0x0554,0x0554,0x0548,0x0548,0x0548,
    0x0fe8,0x0000,0x0000,0x0000,0x077c,0x0228,0x0148,0x0148,0x0088,0x0088,0x0148,0x0148,
    0x0228,0x077c,0x0000,0x0000,0x0000,0x071c,0x0208,0x0110,0x00a0,0x0040,0x0040,0x00a0,
    0x0110,0x0208,0x071c,0x0000,0x0000,0x0000,0x0000,0x0020,0x0010,0x0008,0x0004,0x0ffe,
    0x0004,0x0008,0x0010,0x0020,0x0000,0x0000,0x0000,0x0040,0x00e0,0x0150,0x0248,0x0444,
    0x0040,0x0040,0x0040,0x0040,0x0040,0x0040,0x0000,0x0000,0x0000,0x0080,0x0100,0x0200,
    0x0400,0x0ffe,0x0400,0x0200,0x0100,0x0080,0x0000,0x0000,0x0000,0x0040,0x0040,0x0040,
    0x0040,0x0040,0x0040,0x0444,0x0248,0x0150,0x00e0,0x0040,0x0000,0x0f80,0x0080,0x0080,
    0x0040,0x0040,0x0044,0x0024,0x002a,0x002a,0x0010,0x0010,0x0000,0x0000,0x0000,0x0000,
    0x0000,0x0000,0x0318,0x04a4,0x0842,0x0842,0x04a4,0x0318,0x0000,0x0000,0x0000,0x0000,
    0x0000,0x0008,0x0008,0x0008,0x0008,0x0008,0x0008,0x0008,0x07f8,0x0000,0x0000,0x0000,
    0x0000,0x0000,0x0200,0x0100,0x0080,0x0040,0x0020,0x0010,0x0008,0x07fc,0x0000,0x0000,
    0x0000,0x0000,0x0000,0x0040,0x00e0,0x0040,0x0000,0x0000,0x0208,0x071c,0x0208,0x0000,
    0x0000,0x0000,0x0000,0x0000,0x0208,0x071c,0x0208,0x0000,0x0000,0x0040,0x00e0,0x0040,
    0x0000,0x0000,0x0000,0x0000,0x0010,0x0038,0x0010,0x0000,0x07fc,0x0000,0x07fc,0x0000,
    0x0100,0x0380,0x0100,0x0000,0x0000,0x0000,0x0000,0x0200,0x0100,0x07fc,0x0040,0x0020,
    0x07fc,0x0008,0x0004,0x0000,0x0000,0x0000,0x0000,0x0000,0x07fc,0x0000,0x0000,0x07fc,
    0x0000,0x0000,0x07fc,0x0000,0x0000,0x0000,0x0000,0x0000,0x0700,0x00e0,0x001c,0x00e0,
    0x0700,0x0000,0x07fc,0x0000,0x07fc,0x0000,0x0000,0x0000,0x0000,0x001c,0x00e0,0x0700,
    0x00e0,0x001c,0x0000,0x07fc,0x0000,0x07fc,0x0000,0x0000,0x0000,0x0000,0x0040,0x0040,
    0x0040,0x0040,0x0040,0x0040,0x0040,0x07fc,0x0000,0x0000,0x0000,0x0000,0x0000,0x0200,
    0x0300,0x0280,0x0240,0x0220,0x0210,0x0208,0x03fc,0x0000,0x0000,0x0000,0x0000,0x0000,
    0x0000,0x0000,0x0000,0x0000,0x0ccc,0x0ccc,0x0000,0x0000,0x0000,0x0000,0x0000,0x0000,
    0x00e0,0x0318,0x0444,0x0464,0x0852,0x0842,0x0842,0x0444,0x0444,0x0318,0x00e0,0x0000,
    0x0000,0x00e0,0x0318,0x04e4,0x0514,0x0902,0x08c2,0x0822,0x0414,0x05f4,0x0318,0x00e0,
    0x0000,0x0000,0x00e0,0x0318,0x04e4,0x0514,0x0902,0x08c2,0x0902,0x0514,0x04e4,0x0318,
    0x00e0,0x0000,0x0000,0x00e0,0x0318,0x04c4,0x04c4,0x08a2,0x08a2,0x0892,0x05f4,0x0484,
    0x0318,0x00e0,0x0000,0x0000,0x00e0,0x0318,0x05f4,0x0414,0x08f2,0x0902,0x0902,0x0514,
    0x04e4,0x0318,0x00e0,0x0000,0x0000,0x00e0,0x0318,0x04e4,0x0414,0x08f2,0x0912,0x0912,
    0x0514,0x04e4,0x0318,0x00e0,0x0000,0x0000,0x00e0,0x0318,0x05f4,0x0504,0x0882,0x0842,
    0x0842,0x0424,0x0424,0x0318,0x00e0,0x0000,0x0000,0x00e0,0x0318,0x04e4,0x0514,0x0912,
    0x08e2,0x0912,0x0514,0x04e4,0x0318,0x00e0,0x0000,0x0000,0x00e0,0x0318,0x04e4,0x0514,
    0x0912,0x0912,0x09e2,0x0504,0x04e4,0x0318,0x00e0,0x0000,0x0000,0x00e0,0x0318,0x0594,
    0x065c,0x0a52,0x0a52,0x0a52,0x0654,0x0594,0x0318,0x00e0,0x0000,0x0000,0x00e0,0x0318,
    0x0514,0x059c,0x0912,0x0912,0x0912,0x0514,0x0514,0x0318,0x00e0,0x0000,0x0000,0x00e0,
    0x0318,0x0594,0x065c,0x0a12,0x0912,0x0892,0x0454,0x07d4,0x0318,0x00e0,0x0000,0x0000,
    0x00e0,0x0318,0x0594,0x065c,0x0a12,0x0992,0x0a12,0x0654,0x0594,0x0318,0x00e0,0x0000,
    0x0000,0x00e0,0x0318,0x0594,0x059c,0x0952,0x0952,0x0952,0x07d4,0x0514,0x0318,0x00e0,
    0x0000,0x0000,0x00e0,0x0318,0x07d4,0x045c,0x09d2,0x0a12,0x0a12,0x0654,0x0594,0x0318,
    0x00e0,0x0000,0x0000,0x00e0,0x0318,0x0594,0x045c,0x09d2,0x0a52,0x0a52,0x0654,0x0594,
    0x0318,0x00e0,0x0000,0x0000,0x00e0,0x0318,0x07d4,0x061c,0x0912,0x0912,0x0892,0x0494,
    0x0494,0x0318,0x00e0,0x0000,0x0000,0x00e0,0x0318,0x0594,0x065c,0x0a52,0x0992,0x0a52,
    0x0654,0x0594,0x0318,0x00e0,0x0000,0x0000,0x00e0,0x0318,0x0594,0x065c,0x0a52,0x0a52,
    0x0b92,0x0614,0x05d4,0x0318,0x00e0,0x0000,0x0000,0x00e0,0x0318,0x0574,0x06d4,0x0ac2,
    0x0aa2,0x0a92,0x0694,0x0574,0x0318,0x00e0,0x0000,0x0000,0x0000,0x0000,0x0000,0x0000,
    0x0000,0x1ffe,0x0000,0x0000,0x0000,0x0000,0x0000,0x0000,0x0040,0x0040,0x0040,0x0040,
    0x0040,0x0040,0x0040,0x0040,0x0040,0x0040,0x0040,0x0040,0x0040,0x0000,0x0000,0x0000,
    0x0000,0x0000,0x0000,0x1fc0,0x0040,0x0040,0x0040,0x0040,0x0040,0x0040,0x0000,0x0000,
    0x0000,0x0000,0x0000,0x0000,0x007e,0x0040,0x0040,0x0040,0x0040,0x0040,0x0040,0x0040,
    0x0040,0x0040,0x0040,0x0040,0x0040,0x1fc0,0x0000,0x0000,0x0000,0x0000,0x0000,0x0000,
    0x0040,0x0040,0x0040,0x0040,0x0040,0x0040,0x007e,0x0000,0x0000,0x0000,0x0000,0x0000,
    0x0000,0x0040,0x0040,0x0040,0x0040,0x0040,0x0040,0x1fc0,0x0040,0x0040,0x0040,0x0040,
    0x0040,0x0040,0x0040,0x0040,0x0040,0x0040,0x0040,0x0040,0x007e,0x0040,0x0040,0x0040,
    0x0040,0x0040,0x0040,0x0000,0x0000,0x0000,0x0000,0x0000,0x0000,0x1ffe,0x0040,0x0040,
    0x0040,0x0040,0x0040,0x0040,0x0040,0x0040,0x0040,0x0040,0x0040,0x0040,0x1ffe,0x0000,
    0x0000,0x0000,0x0000,0x0000,0x0000,0x0040,0x0040,0x0040,0x0040,0x0040,0x0040,0x1ffe,
    0x0040,0x0040,0x0040,0x0040,0x0040,0x0040,0x0000,0x0000,0x07fc,0x07fc,0x07fc,0x07fc,
    0x07fc,0x07fc,0x07fc,0x07fc,0x07fc,0x0000,0x0000,0x0000,0x0000,0x07fc,0x0404,0x0404,
    0x0404,0x0404,0x0404,0x0404,0x0404,0x07fc,0x0000,0x0000,0x0000,0x0000,0x0040,0x00e0,
    0x00e0,0x01f0,0x01f0,0x03f8,0x03f8,0x07fc,0x07fc,0x0000,0x0000,0x0000,0x0000,0x0040,
    0x00a0,0x00a0,0x0110,0x0110,0x0208,0x0208,0x0404,0x07fc,0x0000,0x0000,0x0000,0x0000,
    0x07fc,0x07fc,0x03f8,0x03f8,0x01f0,0x01f0,0x00e0,0x00e0,0x0040,0x0000,0x0000,0x0000,
    0x0000,0x07fc,0x0404,0x0208,0x0208,0x0110,0x0110,0x00a0,0x00a0,0x0040,0x0000,0x0000,
    0x0000,0x0040,0x00e0,0x01f0,0x03f8,0x07fc,0x0ffe,0x07fc,0x03f8,0x01f0,0x00e0,0x0040,
    0x0000,0x0000,0x0040,0x00a0,0x0110,0x0208,0x0404,0x0802,0x0404,0x0208,0x0110,0x00a0,
    0x0040,0x0000,0x0000,0x00c0,0x0330,0x0408,0x0408,0x0804,0x0804,0x0408,0x0408,0x0330,
    0x00c0,0x0000,0x0000,0x0000,0x00c0,0x0330,0x0408,0x04c8,0x0924,0x0924,0x04c8,0x0408,
    0x0330,0x00c0,0x0000,0x0000,0x0000,0x00c0,0x03f0,0x07f8,0x07f8,0x0ffc,0x0ffc,0x07f8,
    0x07f8,0x03f0,0x00c0,0x0000,0x0000,0x0040,0x0040,0x00e0,0x00e0,0x0ffe,0x03f8,0x01f0,
    0x01f0,0x03b8,0x0318,0x0404,0x0000,0x0000,0x0040,0x0040,0x00a0,0x00a0,0x0fbe,0x0208,
    0x0110,0x0150,0x02a8,0x0318,0x0404,0x0000,0x0000,0x0000,0x00e0,0x0110,0x0110,0x0110,
    0x00e0,0x0040,0x0040,0x03f8,0x0040,0x0040,0x0000,0x0000,0x0000,0x0000,0x07c0,0x0600,
    0x0500,0x0480,0x0478,0x0044,0x0044,0x0044,0x0038,0x0000,0x0000,0x0000,0x0000,0x0000,
    0x0000,0x0000,0x0000,0x0020,0x0040,0x0000,0x0000,0x0000,0x0000,0x0000,0x0000,0x0000,
    0x0000,0x0000,0x0000,0x0060,0x0090,0x0090,0x0060,0x0000,0x0000,0x0000,0x0000,0x0000,
    0x0000,0x0000,0x0120,0x0120,0x0120,0x0090,0x0090,0x0090,0x0000,0x0000,0x0000,0x0000,
    0x0000,0x0400,0x0400,0x0200,0x0200,0x0100,0x0100,0x0100,0x0200,0x0200,0x0400,0x0400,
    0x0000,0x0000,0x0004,0x0004,0x0008,0x0008,0x0010,0x0010,0x0010,0x0008,0x0008,0x0004,
    0x0004,0x0000,0x0000,0x0900,0x0900,0x0480,0x0480,0x0240,0x0240,0x0240,0x0480,0x0480,
    0x0900,0x0900,0x0000,0x0000,0x0012,0x0012,0x0024,0x0024,0x0048,0x0048,0x0048,0x0024,
    0x0024,0x0012,0x0012,0x0000,0x0780,0x0080,0x0080,0x0080,0x0080,0x0080,0x0080,0x0080,
    0x0000,0x0000,0x0000,0x0000,0x0000,0x0000,0x0000,0x0000,0x0000,0x0000,0x0020,0x0020,
    0x0020,0x0020,0x0020,0x0020,0x0020,0x003c,0x07e0,0x0420,0x07a0,0x00a0,0x00a0,0x00a0,
    0x00a0,0x00a0,0x00e0,0x0000,0x0000,0x0000,0x0000,0x0000,0x0000,0x0000,0x0000,0x00e0,
    0x00a0,0x00a0,0x00a0,0x00a0,0x00a0,0x00bc,0x0084,0x00fc,0x0780,0x0380,0x0180,0x0180,
    0x0080,0x0080,0x0080,0x0080,0x0080,0x0180,0x0180,0x0380,0x0780,0x003c,0x0038,0x0030,
    0x0030,0x0020,0x0020,0x0020,0x0020,0x0020,0x0030,0x0030,0x0038,0x003c,0x0400,0x0200,
    0x0100,0x0100,0x0100,0x0100,0x0100,0x0100,0x0100,0x0100,0x0100,0x0200,0x0400,0x0004,
    0x0008,0x0010,0x0010,0x0010,0x0010,0x0010,0x0010,0x0010,0x0010,0x0010,0x0008,0x0004,
    0x07e0,0x0220,0x0120,0x0120,0x00a0,0x00a0,0x00a0,0x00a0,0x00a0,0x0120,0x0120,0x0220,
    0x07e0,0x00fc,0x0088,0x0090,0x0090,0x00a0,0x00a0,0x00a0,0x00a0,0x00a0,0x0090,0x0090,
    0x0088,0x00fc,0x0000,0x0000,0x0008,0x0008,0x07fc,0x0400,0x0400,0x0400,0x0400,0x0400,
    0x0200,0x01c0,0x0000,0x0000,0x0000,0x0008,0x07f8,0x0400,0x0200,0x0218,0x0160,0x0080,
    0x0140,0x0230,0x040c,0x0000,0x0000,0x0000,0x0000,0x07fc,0x0404,0x0404,0x0404,0x0404,
    0x0404,0x0404,0x0404,0x0404,0x0000,0x0000,0x0000,0x0000,0x07fc,0x0004,0x0004,0x0004,
    0x0004,0x0004,0x0004,0x0004,0x07f8,0x0000,0x0000,0x0000,0x0008,0x0008,0x07fc,0x0420,
    0x0420,0x0420,0x0410,0x0410,0x0208,0x0184,0x0000,0x0000,0x0000,0x0040,0x0040,0x07fc,
    0x0020,0x0020,0x0010,0x0210,0x0208,0x05c4,0x043c,0x0000,0x0000,0x0000,0x01fc,0x0080,
    0x0040,0x07e0,0x0400,0x0400,0x0400,0x0400,0x0200,0x01c0,0x0000,0x0000,0x0000,0x0088,
    0x0088,0x07fc,0x0440,0x0440,0x0420,0x0420,0x0410,0x0208,0x0184,0x0000,0x0000,0x0000,
    0x0210,0x0210,0x0108,0x0108,0x0084,0x0084,0x0108,0x0210,0x0420,0x0420,0x0000,0x0000,
    0x0000,0x07fc,0x0020,0x0020,0x0010,0x03f8,0x0200,0x0200,0x0200,0x0100,0x00c0,0x0000,
    0x0000,0x0000,0x07f8,0x0008,0x0008,0x0008,0x0008,0x0008,0x0008,0x0004,0x0004,0x0004,
    0x0000,0x0000,0x0000,0x0200,0x0208,0x0208,0x0208,0x0208,0x0388,0x0268,0x021c,0x0200,
    0x0200,0x0000,0x0000,0x0000,0x0100,0x0080,0x0040,0x0020,0x0010,0x0020,0x0040,0x0080,
    0x0100,0x0200,0x0000,0x0000,0x0000,0x07fc,0x0040,0x0040,0x0040,0x0040,0x0040,0x0040,
    0x0040,0x0040,0x0040,0x0000,0x0000,0x0000,0x0040,0x0444,0x0444,0x0444,0x0444,0x07fc,
    0x0040,0x0040,0x0040,0x07fc,0x0000,0x0000,0x0000,0x0180,0x0060,0x0018,0x0600,0x0180,
    0x00e0,0x009c,0x0080,0x0080,0x0080,0x0000,0x0000,0x0000,0x07f8,0x0400,0x0400,0x07f8,
    0x0008,0x0008,0x0008,0x0008,0x0004,0x0004,0x0000,0x0000,0x0000,0x07fc,0x0404,0x0404,
    0x0424,0x0444,0x0484,0x0404,0x0404,0x0404,0x07fc,0x0000,0x0000,0x0000,0x07fc,0x0420,
    0x0420,0x0420,0x0420,0x0420,0x0320,0x0020,0x0020,0x0020,0x0000,0x0000,0x0000,0x0040,
    0x0040,0x07fc,0x0020,0x0010,0x03f8,0x0200,0x0200,0x0100,0x0080,0x0000,0x0000,0x0000,
    0x0020,0x0020,0x0020,0x0010,0x0110,0x0110,0x0208,0x0208,0x05c4,0x043c,0x0000,0x0000,
    0x0000,0x0404,0x0208,0x0110,0x00a0,0x0040,0x0040,0x0040,0x0040,0x0040,0x0040,0x0000,
    0x0000,0x0000,0x07fc,0x0040,0x0040,0x0060,0x0010,0x0008,0x0008,0x0008,0x0210,0x01e0,
    0x0000,0x0000,0x0000,0x0040,0x07fc,0x0040,0x0040,0x0070,0x0008,0x0008,0x0008,0x0210,
    0x01e0,0x0000,0x0000,0x0000,0x0110,0x0110,0x0110,0x07fc,0x0110,0x0110,0x0110,0x0010,
    0x0010,0x03e0,0x0000,0x0000,0x0000,0x07fc,0x0090,0x0090,0x0088,0x07fc,0x0440,0x0440,
    0x0420,0x0210,0x010c,0x0000,0x0000,0x0000,0x0070,0x004c,0x0040,0x0040,0x0080,0x0080,
    0x0100,0x0100,0x0200,0x0400,0x0000,0x0000,0x0000,0x0020,0x0220,0x0210,0x010c,0x00b0,
    0x0040,0x0220,0x0210,0x0588,0x047c,0x0000,0x0000,0x0000,0x07fc,0x0400,0x0200,0x0218,
    0x0160,0x0080,0x0140,0x0220,0x0410,0x040c,0x0000,0x0000,0x0000,0x03fc,0x0210,0x0210,
    0x0108,0x07fc,0x0400,0x0400,0x0400,0x0200,0x0100,0x0000,0x0000,0x0000,0x0008,0x0008,
    0x0008,0x0004,0x07fc,0x0400,0x0400,0x0200,0x0100,0x0080,0x0000,0x0000,0x0000,0x0040,
    0x0040,0x07fc,0x00a0,0x00a0,0x00a0,0x0090,0x0090,0x0088,0x0704,0x0000,0x0000,0x0000,
    0x0040,0x0040,0x0020,0x0020,0x0010,0x0010,0x0008,0x0008,0x0004,0x07fc,0x0000,0x0000,
    0x0000,0x0090,0x0090,0x0090,0x0090,0x0090,0x0090,0x0088,0x0088,0x0084,0x0704,0x0000,
    0x0000,0x0000,0x0000,0x0000,0x0000,0x0000,0x07fc,0x0000,0x0000,0x0000,0x0000,0x0000,
    0x0000,0x0000,0x0000,0x0400,0x0408,0x0210,0x0220,0x0140,0x0080,0x0140,0x0220,0x0410,
    0x040c,0x0000,0x0000,0x0000,0x0000,0x0404,0x0404,0x0404,0x0404,0x0404,0x0404,0x0404,
    0x0404,0x07fc,0x0000,0x0000,0x0000,0x0000,0x0000,0x0c00,0x031e,0x04aa,0x032a,0x00aa,
    0x072a,0x08aa,0x0700,0x0000,0x0000,0x0000,0x0002,0x0002,0x0c02,0x0312,0x048a,0x0306,
    0x008a,0x0712,0x08a2,0x0700,0x0000,0x0000,0x0000,0x0000,0x0000,0x0000,0x079e,0x0aaa,
    0x0aaa,0x0aaa,0x0aaa,0x0aaa,0x0000,0x0000,0x0000,0x0000,0x0000,0x0000,0x0000,0x079c,
    0x0aa2,0x0a82,0x0a82,0x0aa2,0x0a9c,0x0000,0x0000,0x0000,0x0000,0x0002,0x0002,0x0002,
    0x0792,0x0a8a,0x0a86,0x0a8a,0x0a92,0x0aa2,0x0000,0x0000,0x0000,0x0600,0x0900,0x0400,
    0x0200,0x0f7e,0x0092,0x0092,0x0092,0x0092,0x0092,0x0000,0x0000,0x0000,0x0000,0x0000,
    0x0000,0x0000,0x071c,0x08a2,0x0082,0x0082,0x08a2,0x071c,0x0000,0x0000,0x0000,0x0f84,
    0x0094,0x00ae,0x0084,0x0094,0x00a4,0x008c,0x00a6,0x00a4,0x0094,0x0f96,0x0000,0x0000,
    0x0fe8,0x0828,0x0a3e,0x0a68,0x0aa8,0x092c,0x092c,0x0aaa,0x0c6a,0x0828,0x0c28,0x0000,
    0x0000,0x0f1c,0x0ad2,0x0a48,0x0a7e,0x0bca,0x0a7e,0x0a4a,0x0a7e,0x0b40,0x0ed8,0x0206,
    0x0000,0x0000,0x0000,0x0000,0x0000,0x0000,0x0000,0x0ffe,0x0000,0x0000,0x0000,0x0000,
    0x0000,0x0000,0x0000,0x0ffe,0x0080,0x0080,0x0080,0x0080,0x0080,0x0080,0x0080,0x0080,
    0x0080,0x00f0,0x0000,0x0000,0x0010,0x0010,0x0e10,0x01f0,0x001e,0x0010,0x0010,0x0010,
    0x0810,0x0810,0x0fe0,0x0000,0x0000,0x0ffe,0x0020,0x0020,0x0020,0x07e0,0x0420,0x0410,
    0x0410,0x0408,0x0208,0x01c0,0x0000,0x0000,0x0080,0x0080,0x0ffe,0x0080,0x0080,0x0090,
    0x00a0,0x0040,0x00a0,0x0318,0x0c06,0x0000,0x0000,0x0000,0x07fc,0x0000,0x0000,0x0000,
    0x03f8,0x0000,0x0000,0x0000,0x0000,0x0ffe,0x0000,0x0000,0x0020,0x0020,0x0020,0x0020,
    0x07e0,0x0020,0x0020,0x0020,0x0020,0x0020,0x0ffe,0x0000,0x0000,0x0ffe,0x0020,0x0020,
    0x0060,0x01a0,0x0620,0x0020,0x0020,0x0020,0x0020,0x0020,0x0000,0x0000,0x0ffe,0x0100,
    0x0080,0x0040,0x0160,0x0258,0x0446,0x0840,0x0040,0x0040,0x0040,0x0000,0x0000,0x0010,
    0x07f0,0x0010,0x0008,0x0ff8,0x0800,0x0800,0x09fe,0x0800,0x0400,0x0300,0x0000,0x0000,
    0x0ffe,0x0040,0x0040,0x0fc4,0x0844,0x0844,0x0ffc,0x0800,0x0800,0x0400,0x0380,0x0000,
    0x0000,0x0ffe,0x0040,0x0040,0x07c4,0x0044,0x0044,0x0ffc,0x0800,0x0800,0x0400,0x0380,
    0x0000,0x0000,0x03fc,0x0220,0x0220,0x0220,0x0220,0x0ffe,0x0110,0x0110,0x0110,0x0110,
    0x0ffe,0x0000,0x0000,0x0040,0x07fc,0x0040,0x0020,0x0ffe,0x0010,0x03f8,0x0200,0x0130,
    0x00c0,0x0100,0x0000,0x0000,0x03f8,0x0208,0x0208,0x03f8,0x0208,0x0208,0x03f8,0x0208,
    0x0208,0x0208,0x0ffe,0x0000,0x0000,0x0ffe,0x0100,0x0080,0x0040,0x0260,0x0458,0x0846,
    0x0040,0x0040,0x0000,0x0ffe,0x0000,0x0000,0x0248,0x0248,0x0248,0x0ffe,0x0248,0x0248,
    0x0248,0x03c8,0x0008,0x0008,0x07f8,0x0000,0x0000,0x0300,0x00f8,0x0008,0x0008,0x07f8,
    0x0108,0x0108,0x0108,0x0108,0x0108,0x0ffe,0x0000,0x0000,0x0ffe,0x0040,0x0040,0x0ffe,
    0x0842,0x0842,0x08a2,0x0912,0x0a0a,0x0802,0x0c02,0x0000,0x0000,0x00a0,0x00a0,0x00a0,
    0x08a2,0x04a4,0x02a8,0x00a0,0x00a0,0x00a0,0x00a0,0x0ffe,0x0000,0x0000,0x0110,0x0110,
    0x0110,0x0110,0x0110,0x02a8,0x02a8,0x0444,0x0822,0x0000,0x0ffe,0x0000,0x0000,0x0020,
    0x0ffe,0x0010,0x0048,0x0044,0x07fc,0x0040,0x0248,0x0444,0x0842,0x0060,0x0000,0x0000,
    0x0410,0x0208,0x0104,0x08a2,0x079e,0x0208,0x0104,0x0082,0x0fbe,0x0000,0x0ffe,0x0000,
    0x0000,0x03f8,0x0100,0x0080,0x095e,0x0550,0x0248,0x0444,0x0842,0x0070,0x0000,0x0ffe,
    0x0000,0x0000,0x07fc,0x0040,0x0040,0x07fc,0x0040,0x0040,0x0ffe,0x0220,0x0210,0x0588,
    0x047c,0x0000,0x0000,0x0780,0x007c,0x0040,0x07fc,0x0040,0x0040,0x0ffe,0x0020,0x0210,
    0x0588,0x047c,0x0000,0x0000,0x0ffe,0x0110,0x0110,0x0ffe,0x0912,0x0912,0x0aaa,0x0aaa,
    0x0c46,0x0802,0x0c02,0x0000,0x0000,0x0ffe,0x00a0,0x04a4,0x02a8,0x00a0,0x0ffc,0x0004,
    0x0004,0x0004,0x0002,0x0002,0x0000,0x0000,0x0210,0x0110,0x0ffe,0x00a0,0x00a0,0x04a4,
    0x02a8,0x00a0,0x00a0,0x00a0,0x0ffe,0x0000,0x0000,0x0040,0x0ffe,0x0040,0x0444,0x0248,
    0x0040,0x0ffe,0x0448,0x0488,0x0308,0x0c3e,0x0000,0x0000,0x00e0,0x0110,0x0208,0x0444,
    0x0842,0x0040,0x0040,0x0040,0x0040,0x0040,0x0040,0x0000,0x0000,0x0404,0x0208,0x0110,
    0x00a0,0x0040,0x0040,0x0040,0x0040,0x0040,0x0040,0x0040,0x0000,0x0000,0x0040,0x0040,
    0x0ffe,0x0842,0x0842,0x0842,0x0ffe,0x0040,0x0040,0x0040,0x0040,0x0000,0x0000,0x0040,
    0x0740,0x00fc,0x0040,0x0040,0x07fc,0x0040,0x0040,0x0ffe,0x0040,0x0040,0x0000,0x0000,
    0x0040,0x07fc,0x0444,0x0444,0x07fc,0x0040,0x0ffe,0x0842,0x0ffe,0x0040,0x0040,0x0000,
    0x0000,0x0048,0x0048,0x0fca,0x012a,0x022a,0x000a,0x0fea,0x092a,0x092a,0x0928,0x0fe8,
    0x0000,0x0000,0x0010,0x0010,0x01fe,0x0110,0x0110,0x0114,0x0118,0x0110,0x0928,0x0944,
    0x0e02,0x0000,0x0000,0x07f8,0x0408,0x0448,0x0488,0x0408,0x0ffe,0x0408,0x0408,0x0408,
    0x0404,0x0704,0x0000,0x0000,0x0044,0x0048,0x0040,0x0ffe,0x0820,0x0820,0x0890,0x0910,
    0x0808,0x0804,0x0602,0x0000,0x0000,0x0020,0x0040,0x0ffe,0x0040,0x0040,0x0040,0x07fc,
    0x0040,0x0040,0x0040,0x0ffe,0x0000,0x0000,0x0fbe,0x0000,0x0000,0x0fbe,0x08a2,0x08a2,
    0x09a6,0x0aaa,0x08a2,0x08a2,0x0cb2,0x0000,0x0000,0x0424,0x0248,0x0ffe,0x0110,0x0248,
    0x0c46,0x03f8,0x0040,0x0ffe,0x0040,0x0040,0x0000,0x0000,0x0200,0x0208,0x0208,0x0110,
    0x0110,0x00a0,0x00a0,0x0040,0x00a0,0x0318,0x0c06,0x0000,0x0000,0x03fc,0x0220,0x0220,
    0x0220,0x0e20,0x0810,0x0810,0x0808,0x0808,0x0404,0x0384,0x0000,0x0000,0x0010,0x03f0,
    0x0210,0x0208,0x0108,0x0100,0x0080,0x0140,0x0220,0x0418,0x0806,0x0000,0x0000,0x0020,
    0x0020,0x0110,0x0108,0x0084,0x0082,0x0040,0x0420,0x0410,0x0b08,0x08fc,0x0000,0x0000,
    0x0020,0x0240,0x0208,0x0208,0x0110,0x0110,0x00a0,0x0040,0x00a0,0x0318,0x0c06,0x0000,
    0x0000,0x0040,0x0040,0x07fc,0x0400,0x0200,0x0100,0x0088,0x0048,0x0034,0x00c2,0x0f02,
    0x0000,0x0000,0x0040,0x03f8,0x0208,0x0208,0x0308,0x0008,0x0ff8,0x0800,0x09fe,0x0800,
    0x0600,0x0000,0x0000,0x0008,0x0ff8,0x0048,0x0044,0x07c4,0x0042,0x0042,0x0fc0,0x0040,
    0x0040,0x0040,0x0000,0x0000,0x0780,0x007c,0x0040,0x0444,0x0248,0x0040,0x0ffe,0x0040,
    0x0040,0x0040,0x0070,0x0000,0x0000,0x0780,0x007c,0x0040,0x0040,0x07fe,0x0200,0x0100,
    0x0088,0x0048,0x0034,0x0fc2,0x0000,0x0000,0x0780,0x007c,0x0004,0x0044,0x0042,0x0ffe,
    0x0040,0x0248,0x0444,0x0842,0x0060,0x0000,0x0000,0x0300,0x00f8,0x0008,0x07f8,0x0108,
    0x0108,0x0108,0x0ffe,0x0000,0x0018,0x0006,0x0000,0x0000,0x0300,0x00f8,0x0008,0x07f8,
    0x0108,0x0108,0x0108,0x0ffe,0x0000,0x0300,0x0c00,0x0000,0x0000,0x0780,0x007c,0x0040,
    0x0ffe,0x00a0,0x0110,0x0318,0x0d16,0x0110,0x0108,0x0108,0x0000,0x0000,0x07fc,0x0040,
    0x0ffe,0x0040,0x0950,0x055e,0x0350,0x0150,0x0958,0x0e56,0x0040,0x0000,0x0000,0x07fc,
    0x0040,0x0ffe,0x0150,0x0d5e,0x0350,0x0958,0x0e56,0x00e0,0x0358,0x0c46,0x0000,0x0000,
    0x03fe,0x0100,0x0080,0x0040,0x0020,0x0010,0x0008,0x0804,0x0802,0x0802,0x07fc,0x0000,
    0x0000,0x0008,0x0608,0x05c8,0x0438,0x040e,0x0408,0x0608,0x0008,0x0808,0x0808,0x0ff0,
    0x0000,0x0000,0x0020,0x0020,0x01fe,0x0120,0x0120,0x0120,0x0120,0x0110,0x0910,0x0908,
    0x0e06,0x0000,0x0000,0x0004,0x0ffc,0x0004,0x03f2,0x0202,0x0180,0x0060,0x0818,0x0804,
    0x0804,0x07f8,0x0000,0x0000,0x0040,0x0648,0x05c8,0x0478,0x044e,0x0448,0x0648,0x0048,
    0x0848,0x0808,0x0ff0,0x0000,0x0000,0x0ffc,0x0800,0x0810,0x0820,0x0840,0x0800,0x0900,
    0x08c0,0x0830,0x080c,0x0700,0x0000,0x0000,0x0080,0x0040,0x0220,0x0118,0x00a0,0x0440,
    0x0220,0x01f8,0x0080,0x0060,0x001c,0x0000,0x0000,0x0420,0x0820,0x03fc,0x0220,0x0220,
    0x0220,0x0ffe,0x0820,0x0820,0x0820,0x0e20,0x0000,0x0000,0x0108,0x0108,0x0178,0x0108,
    0x0108,0x0108,0x017e,0x0942,0x0942,0x0942,0x0e7e,0x0000,0x0000,0x0ffe,0x0800,0x0490,
    0x00a4,0x0088,0x0080,0x0ffe,0x0040,0x0120,0x0218,0x0c06,0x0000,0x0000,0x0160,0x011e,
    0x0108,0x0108,0x017e,0x0108,0x0108,0x017e,0x0942,0x0942,0x0e7e,0x0000,0x0000,0x02be,
    0x0288,0x0252,0x0244,0x0200,0x023c,0x0220,0x0210,0x0afe,0x0a10,0x0e18,0x0000,0x0000,
    0x0788,0x048a,0x05ba,0x04ae,0x0fea,0x056a,0x044a,0x0fca,0x020a,0x0802,0x0ffc,0x0000,
    0x0000,0x0088,0x0fbe,0x0088,0x007e,0x0fa2,0x043e,0x0222,0x013e,0x0888,0x087e,0x0f88,
    0x0000,0x0000,0x02fe,0x0294,0x0254,0x027e,0x0220,0x02fe,0x028a,0x02fe,0x0aaa,0x0a92,
    0x0eea,0x0000,0x0000,0x07fe,0x0200,0x0100,0x0080,0x0040,0x0040,0x0040,0x0040,0x0040,
    0x0040,0x0070,0x0000,0x0000,0x03fc,0x0100,0x0090,0x0060,0x0ffe,0x0440,0x0240,0x0040,
    0x0040,0x0040,0x0070,0x0000,0x0000,0x03f0,0x0108,0x0084,0x07fc,0x0440,0x0ffe,0x0440,
    0x07fc,0x0040,0x0040,0x0070,0x0000,0x0000,0x0040,0x0ffe,0x0248,0x0248,0x07fc,0x0440,
    0x0ffe,0x0440,0x07fc,0x0040,0x0070,0x0000,0x0000,0x0000,0x0000,0x07fc,0x0000,0x0000,
    0x0000,0x0000,0x0000,0x0000,0x0ffe,0x0000,0x0000,0x0000,0x07fc,0x0040,0x0040,0x0040,
    0x0040,0x0ffe,0x0040,0x0040,0x0040,0x0040,0x0070,0x0000,0x0000,0x03f8,0x0000,0x0000,
    0x0ffe,0x0010,0x0008,0x03f8,0x0200,0x0200,0x0200,0x01c0,0x0000,0x0000,0x07fc,0x0000,
    0x0000,0x0000,0x0ffe,0x0010,0x0210,0x0208,0x0208,0x0584,0x047c,0x0000,0x0000,0x0ffe,
    0x0020,0x0020,0x03f0,0x0210,0x0110,0x0108,0x01f8,0x0080,0x0080,0x0ffe,0x0000,0x0000,
    0x07fc,0x0000,0x0000,0x0000,0x0ffe,0x0110,0x0110,0x0110,0x0110,0x0108,0x0106,0x0000,
    0x0000,0x07fc,0x0040,0x0040,0x0040,0x03f8,0x0220,0x0220,0x0210,0x0210,0x0210,0x0ffe,
    0x0000,0x0000,0x0110,0x0110,0x0ffe,0x0110,0x0110,0x0110,0x0ffe,0x0108,0x0108,0x0104,
    0x0104,0x0000,0x0000,0x0ffe,0x0000,0x03f8,0x0208,0x03f8,0x0208,0x0208,0x03f8,0x0000,
    0x0000,0x0ffe,0x0000,0x0000,0x0ffe,0x0020,0x0020,0x03e0,0x0250,0x0290,0x0128,0x0148,
    0x0080,0x0080,0x0ffe,0x0000,0x0000,0x0ffe,0x00a0,0x00a0,0x00a0,0x08a2,0x04a4,0x02a8,
    0x00a0,0x00a0,0x00a0,0x0ffe,0x0000,0x0000,0x0c88,0x03ba,0x008a,0x088a,0x08fa,0x0f8e,
    0x0000,0x03f8,0x0000,0x0000,0x0ffe,0x0000,0x0000,0x0ffe,0x00a0,0x00a0,0x07bc,0x0404,
    0x0404,0x07bc,0x00a0,0x00a0,0x00a0,0x0ffe,0x0000,0x0000,0x0ffe,0x0020,0x0010,0x0f70,
    0x085e,0x0952,0x0552,0x065e,0x09c0,0x0020,0x0ffe,0x0000,0x0000,0x0040,0x0040,0x0ffe,
    0x0008,0x0008,0x0008,0x0008,0x0008,0x0008,0x0008,0x07f0,0x0000,0x0000,0x0040,0x0ffe,
    0x0000,0x0000,0x01f0,0x0110,0x0110,0x0110,0x0910,0x0908,0x0e06,0x0000,0x0000,0x0040,
    0x0ffe,0x0110,0x0208,0x0404,0x0110,0x00a0,0x0040,0x00a0,0x0318,0x0c06,0x0000,0x0000,
    0x0040,0x0ffe,0x0210,0x0108,0x0090,0x0460,0x021c,0x0100,0x00c0,0x0330,0x0c0e,0x0000,
    0x0000,0x0040,0x0040,0x0ffe,0x0120,0x0120,0x0524,0x0524,0x0922,0x0912,0x0110,0x018c,
    0x0000,0x0000,0x0040,0x0ffe,0x0110,0x0110,0x0ffc,0x0004,0x0004,0x0004,0x0004,0x0002,
    0x0002,0x0000,0x0000,0x0040,0x0ffe,0x0110,0x0110,0x01f0,0x0000,0x0ffe,0x0080,0x0040,
    0x0040,0x0070,0x0000,0x0000,0x0040,0x0ffe,0x0000,0x0000,0x07fc,0x0444,0x0444,0x07fc,
    0x0444,0x0444,0x07fc,0x0000,0x0000,0x0040,0x0ffe,0x0110,0x0110,0x03f8,0x0100,0x0080,
    0x0ffe,0x0040,0x0040,0x0070,0x0000,0x0000,0x0040,0x0ffe,0x0000,0x03f8,0x0208,0x0208,
    0x03f8,0x0040,0x0444,0x0842,0x0070,0x0000,0x0000,0x0040,0x0ffe,0x0208,0x03f8,0x0000,
    0x0ffe,0x0802,0x0bfa,0x0040,0x0040,0x0070,0x0000,0x0000,0x0040,0x0ffe,0x0208,0x0208,
    0x03f8,0x0000,0x0ffe,0x0892,0x0090,0x0888,0x0f86,0x0000,0x0000,0x0040,0x07fc,0x0110,
    0x0110,0x0ffe,0x0040,0x0ffe,0x0150,0x0248,0x0c46,0x0040,0x0000,0x0000,0x0040,0x0ffe,
    0x0110,0x01f0,0x0000,0x0ffe,0x0882,0x007a,0x07c0,0x087c,0x0fc0,0x0000,0x0000,0x0040,
    0x0ffe,0x0514,0x05f4,0x0404,0x07fc,0x0208,0x03f8,0x0208,0x0208,0x0ffe,0x0000,0x0000,
    0x0040,0x0040,0x0040,0x0040,0x00a0,0x00a0,0x0110,0x0110,0x0208,0x0404,0x0802,0x0000,
    0x0000,0x0008,0x07e8,0x0404,0x0204,0x0106,0x0084,0x0044,0x0024,0x0814,0x0814,0x07e4,
    0x0000,0x0000,0x0108,0x0108,0x0104,0x0fe4,0x0106,0x0104,0x0104,0x0104,0x0104,0x0104,
    0x0104,0x0000,0x0000,0x0008,0x07e8,0x0004,0x0004,0x0006,0x0004,0x0004,0x0004,0x0004,
    0x0ff4,0x0004,0x0000,0x0000,0x0088,0x0088,0x0fe4,0x0884,0x0886,0x0884,0x0844,0x0844,
    0x0824,0x0424,0x0304,0x0000,0x0000,0x0fe8,0x0208,0x0204,0x0204,0x0206,0x0204,0x0204,
    0x0204,0x0204,0x0204,0x0384,0x0000,0x0000,0x0ffc,0x0004,0x0084,0x0084,0x0084,0x0084,
    0x0144,0x0144,0x0222,0x0412,0x0808,0x0000,0x0000,0x07e8,0x0408,0x0424,0x0424,0x0446,
    0x0244,0x0284,0x0104,0x0284,0x0444,0x0834,0x0000,0x0000,0x0110,0x0110,0x0108,0x0108,
    0x070c,0x190a,0x0108,0x0108,0x0108,0x0108,0x0108,0x0000,0x0000,0x0088,0x0088,0x07f4,
    0x0484,0x0486,0x0484,0x0484,0x0444,0x0444,0x0824,0x081c,0x0000,0x0000,0x07d0,0x0450,
    0x0448,0x0448,0x044c,0x044a,0x0448,0x0448,0x0448,0x0428,0x0c18,0x0000,0x0000,0x00e0,
    0x0110,0x0208,0x05f4,0x0802,0x0000,0x07fc,0x0400,0x0200,0x0100,0x00c0,0x0000,0x0000,
    0x00e0,0x0110,0x0208,0x0404,0x0912,0x0110,0x0110,0x0108,0x0108,0x0104,0x0104,0x0000,
    0x0000,0x03f8,0x0248,0x0244,0x0244,0x0e46,0x0844,0x0844,0x0824,0x0824,0x0414,0x0314,
    0x0000,0x0000,0x0108,0x0108,0x0108,0x0108,0x0108,0x0294,0x0294,0x0454,0x0442,0x0822,
    0x0822,0x0000,0x0000,0x00e0,0x0110,0x0208,0x0404,0x0802,0x0388,0x0078,0x0008,0x0408,
    0x0408,0x07f0,0x0000,0x0000,0x00e0,0x0110,0x0208,0x0404,0x0bfa,0x0208,0x0208,0x0388,
    0x0008,0x0408,0x07f0,0x0000,0x0000,0x07e8,0x0408,0x0204,0x0104,0x0106,0x0ff4,0x0104,
    0x0104,0x0104,0x0104,0x01c4,0x0000,0x0000,0x0108,0x0108,0x0104,0x0fe4,0x0106,0x0104,
    0x0104,0x0104,0x0104,0x0104,0x0fe4,0x0000,0x0000,0x0088,0x06a8,0x05a4,0x04e4,0x04b6,
    0x04a4,0x06a4,0x00a4,0x08a4,0x0824,0x0fe4,0x0000,0x0000,0x0208,0x0208,0x0fe4,0x0204,
    0x0206,0x0244,0x0284,0x0304,0x0204,0x0584,0x0864,0x0000,0x0000,0x0408,0x0408,0x0fe4,
    0x0404,0x0406,0x0444,0x0484,0x0404,0x0404,0x0404,0x0704,0x0000,0x0000,0x0108,0x0108,
    0x0104,0x0924,0x0926,0x0924,0x0924,0x0924,0x0924,0x0924,0x0fe4,0x0000,0x0000,0x00e0,
    0x0110,0x0208,0x0404,0x0bfa,0x0040,0x0040,0x0040,0x0040,0x0040,0x0ffe,0x0000,0x0000,
    0x0fe8,0x0888,0x0884,0x08a4,0x08c6,0x0884,0x0944,0x0944,0x0824,0x0424,0x0304,0x0000,
    0x0000,0x0e08,0x01e8,0x0104,0x0104,0x0106,0x0ff4,0x0104,0x0104,0x0104,0x0104,0x0104,
    0x0000,0x0000,0x0248,0x0448,0x0044,0x0ff4,0x0086,0x0084,0x0084,0x0104,0x0904,0x0a04,
    0x0c04,0x0000,0x0000,0x00e0,0x0110,0x0208,0x05f4,0x0802,0x0000,0x07fc,0x0420,0x0420,
    0x0320,0x0020,0x0000,0x0000,0x0404,0x0424,0x0444,0x0484,0x0404,0x0404,0x0204,0x0264,
    0x051c,0x0886,0x0860,0x0000,0x0000,0x0008,0x0fe8,0x0004,0x0004,0x0006,0x07c4,0x0004,
    0x0004,0x0004,0x0004,0x0ff4,0x0000,0x0000,0x0488,0x0528,0x0424,0x0424,0x0446,0x0244,
    0x0284,0x0104,0x0284,0x0444,0x0834,0x0000,0x0000,0x0f28,0x0848,0x0804,0x0824,0x0826,
    0x0824,0x0824,0x0824,0x0824,0x0824,0x0c24,0x0000,0x0000,0x0188,0x0e68,0x0924,0x0924,
    0x0926,0x0924,0x0924,0x0924,0x09a4,0x0d74,0x0104,0x0000,0x0000,0x0108,0x0108,0x0ff4,
    0x0914,0x0916,0x0914,0x0ff4,0x0104,0x0104,0x0104,0x0104,0x0000,0x0000,0x0128,0x0128,
    0x0924,0x05e4,0x0326,0x0124,0x0124,0x0124,0x0924,0x09e4,0x0f34,0x0000,0x0000,0x0128,
    0x0128,0x0fe4,0x0114,0x0116,0x0104,0x0ff4,0x0104,0x0104,0x0104,0x0104,0x0000,0x0000,
    0x0388,0x0448,0x0824,0x0014,0x0446,0x0444,0x0444,0x0444,0x0444,0x0424,0x0424,0x0000,
    0x0000,0x0608,0x01e8,0x0104,0x0104,0x0106,0x0ff4,0x0104,0x0104,0x0104,0x0104,0x0fe4,
    0x0000,0x0000,0x07c8,0x0408,0x0424,0x0824,0x0816,0x0ff4,0x0444,0x0444,0x0444,0x0424,
    0x0324,0x0000,0x0000,0x0108,0x0fe8,0x0084,0x0084,0x0f86,0x0844,0x0844,0x0824,0x0824,
    0x0404,0x0304,0x0000,0x0000,0x00e0,0x0110,0x0208,0x0444,0x0842,0x0040,0x03c8,0x0048,
    0x0048,0x0048,0x0ffe,0x0000,0x0000,0x0108,0x0fe8,0x0004,0x0004,0x07c6,0x0444,0x0444,
    0x0444,0x0444,0x0424,0x0c24,0x0000,0x0000,0x0fe8,0x0908,0x0904,0x0ff4,0x0906,0x0904,
    0x0fe4,0x0104,0x0104,0x0084,0x0064,0x0000,0x0000,0x07f8,0x0448,0x0244,0x0144,0x07c6,
    0x0424,0x04a4,0x0514,0x0214,0x0584,0x0864,0x0000,0x0000,0x0fe8,0x0108,0x0104,0x0104,
    0x07e6,0x0484,0x0484,0x0444,0x0444,0x0444,0x0ff4,0x0000,0x0000,0x0108,0x0ff8,0x0104,
    0x0104,0x07e6,0x0404,0x0444,0x0444,0x0284,0x0384,0x0c74,0x0000,0x0000,0x0508,0x0908,
    0x0104,0x0ff4,0x0106,0x0104,0x0104,0x0284,0x0284,0x0444,0x0834,0x0000,0x0000,0x0488,
    0x0888,0x0084,0x0ff4,0x0106,0x0904,0x0504,0x0204,0x0304,0x04c4,0x0834,0x0000,0x0000,
    0x0108,0x0108,0x0ff4,0x0104,0x0106,0x0184,0x0344,0x0524,0x0914,0x0104,0x0104,0x0000,
    0x0000,0x0108,0x0108,0x0fe4,0x0104,0x0106,0x0ff4,0x0104,0x0104,0x0284,0x0444,0x0834,
    0x0000,0x0000,0x00e0,0x0110,0x0208,0x0404,0x0912,0x0110,0x0110,0x02a8,0x02a8,0x0444,
    0x0822,0x0000,0x0000,0x0488,0x0888,0x07f4,0x0084,0x0086,0x0144,0x0144,0x0144,0x0124,
    0x0924,0x0e14,0x0000,0x0000,0x0108,0x0108,0x0944,0x0944,0x0526,0x0524,0x0104,0x0284,
    0x0284,0x0444,0x0834,0x0000,0x0000,0x00e0,0x0110,0x0208,0x05f4,0x0802,0x0000,0x07fc,
    0x0210,0x0208,0x0584,0x047c,0x0000,0x0000,0x00e0,0x0110,0x0208,0x0444,0x0842,0x0248,
    0x0150,0x0040,0x0ffe,0x0040,0x0040,0x0000,0x0000,0x0088,0x0fe8,0x0084,0x0084,0x0fe6,
    0x0084,0x0084,0x0ff4,0x0884,0x0884,0x0c84,0x0000,0x0000,0x0108,0x0108,0x07e4,0x0084,
    0x0ff6,0x0044,0x07e4,0x0404,0x0264,0x0184,0x0604,0x0000,0x0000,0x0048,0x0fc8,0x0024,
    0x0124,0x0106,0x0fe4,0x0904,0x0884,0x0884,0x0844,0x0634,0x0000,0x0000,0x0388,0x0448,
    0x0824,0x0014,0x0046,0x0644,0x01c4,0x0044,0x0844,0x0844,0x0f84,0x0000,0x0000,0x0128,
    0x0148,0x0104,0x0fe4,0x0886,0x0884,0x0a84,0x0a44,0x0844,0x0824,0x0614,0x0000,0x0000,
    0x0108,0x0088,0x0fe4,0x0824,0x0826,0x0824,0x0fe4,0x0824,0x0824,0x0824,0x0fe4,0x0000,
    0x0000,0x0108,0x0108,0x0fe4,0x0104,0x0106,0x0104,0x0fe4,0x0824,0x0824,0x0824,0x0fe4,
    0x0000,0x0000,0x0108,0x0928,0x0544,0x0104,0x0fe6,0x0104,0x0104,0x0fe4,0x0104,0x0104,
    0x0104,0x0000,0x0000,0x0388,0x0448,0x0824,0x07e4,0x0006,0x0004,0x0ff4,0x0884,0x0884,
    0x0684,0x0084,0x0000,0x0000,0x0108,0x0fe8,0x0924,0x0924,0x0fe6,0x0924,0x0924,0x0fe4,
    0x0104,0x0104,0x0104,0x0000,0x0000,0x0fe8,0x0808,0x0804,0x09e4,0x0806,0x09e4,0x0924,
    0x0924,0x09e4,0x0804,0x0c04,0x0000,0x0000,0x0428,0x0428,0x04a4,0x0524,0x0426,0x0424,
    0x0224,0x0264,0x051c,0x0884,0x0864,0x0000,0x0000,0x0028,0x0e28,0x0af4,0x0aa4,0x0aa6,
    0x0aa4,0x0aa4,0x0a94,0x0a94,0x0a84,0x0e64,0x0000,0x0000,0x0fe8,0x0928,0x0924,0x0924,
    0x0926,0x0fe4,0x0924,0x0924,0x0924,0x0924,0x0fe4,0x0000,0x0000,0x0fc8,0x0848,0x0844,
    0x0fc4,0x0846,0x0844,0x0844,0x0fc4,0x0004,0x0004,0x0fe4,0x0000,0x0000,0x0108,0x0fe8,
    0x0824,0x0824,0x0006,0x0fe4,0x0204,0x0204,0x0204,0x0204,0x0384,0x0000,0x0000,0x0108,
    0x0fe8,0x0084,0x0284,0x0246,0x0fe4,0x0a54,0x0a44,0x0a44,0x0e44,0x0204,0x0000,0x0000,
    0x0108,0x0108,0x0ff4,0x0004,0x0446,0x0444,0x0444,0x0444,0x0244,0x0204,0x0ff4,0x0000,
    0x0000,0x0e08,0x01e8,0x0124,0x0124,0x0fe6,0x0224,0x0224,0x0424,0x04e4,0x0804,0x09f4,
    0x0000,0x0000,0x0088,0x0108,0x0ff4,0x0104,0x0106,0x0104,0x0fe4,0x0104,0x0104,0x0104,
    0x0ff4,0x0000,0x0000,0x0088,0x0ff8,0x0044,0x0044,0x0046,0x0fe4,0x0224,0x0214,0x0214,
    0x0204,0x0fe4,0x0000,0x0000,0x0108,0x0fe8,0x0104,0x0104,0x0086,0x0fc4,0x0864,0x085c,
    0x0844,0x0844,0x0fc4,0x0000,0x0000,0x0108,0x0108,0x0ff4,0x0104,0x0186,0x0344,0x0524,
    0x0914,0x07e4,0x0104,0x0104,0x0000,0x0000,0x0088,0x0088,0x0f84,0x0084,0x0086,0x0084,
    0x0fe4,0x0824,0x0824,0x0824,0x0fe4,0x0000,0x0000,0x0fe8,0x0408,0x0404,0x04e4,0x04a6,
    0x04a4,0x04a4,0x04e4,0x0404,0x0404,0x0704,0x0000,0x0000,0x0108,0x0fe8,0x0824,0x0824,
    0x0046,0x0644,0x01c4,0x0044,0x0044,0x0844,0x0f84,0x0000,0x0000,0x00e0,0x0110,0x0208,
    0x05f4,0x0802,0x0000,0x07fc,0x0040,0x0444,0x0842,0x0070,0x0000,0x0000,0x00e0,0x0110,
    0x0208,0x05f4,0x0842,0x0040,0x07fc,0x0040,0x0444,0x0842,0x0070,0x0000,0x0000,0x0128,
    0x0128,0x0fe4,0x0114,0x0116,0x0fe4,0x0104,0x0104,0x0284,0x0444,0x0834,0x0000,0x0000,
    0x0288,0x0ff8,0x0a84,0x0fe4,0x02a6,0x02a4,0x0fe4,0x0a84,0x0a84,0x0644,0x0234,0x0000,
    0x0000,0x0048,0x0fc8,0x0144,0x0124,0x0f26,0x0104,0x0104,0x0f04,0x0104,0x0104,0x0104,
    0x0000,0x0000,0x0048,0x0fc8,0x0824,0x0824,0x09c6,0x0944,0x0944,0x09c4,0x0804,0x0404,
    0x0304,0x0000,0x0000,0x07e8,0x0008,0x0004,0x0ff4,0x0086,0x0084,0x0ff4,0x0444,0x0264,
    0x0384,0x0c74,0x0000,0x0000,0x0048,0x07c8,0x0424,0x0254,0x0186,0x0e64,0x009c,0x0304,
    0x0004,0x00c4,0x0704,0x0000,0x0000,0x0028,0x0fe8,0x0824,0x0914,0x0106,0x0524,0x0524,
    0x0914,0x0914,0x0104,0x01c4,0x0000,0x0000,0x0fe8,0x0928,0x0924,0x0fe4,0x0926,0x0924,
    0x0fe4,0x0924,0x0924,0x0914,0x0d14,0x0000,0x0000,0x07f0,0x0418,0x05f4,0x0456,0x0454,
    0x05f4,0x0554,0x0554,0x0954,0x094c,0x0844,0x0000,0x0000,0x0088,0x0fe8,0x0484,0x0284,
    0x0ff6,0x0084,0x0644,0x01f4,0x0044,0x0844,0x0fc4,0x0000,0x0000,0x0448,0x0248,0x0fe4,
    0x0104,0x0106,0x0fe4,0x0104,0x0104,0x0ff4,0x0104,0x0104,0x0000,0x0000,0x0fe8,0x0108,
    0x0084,0x0fe4,0x0826,0x0824,0x0fe4,0x0824,0x0824,0x0824,0x0fe4,0x0000,0x0000,0x0108,
    0x0fe8,0x0104,0x0104,0x0ff6,0x0104,0x0104,0x0fe4,0x0104,0x0104,0x0ff4,0x0000,0x0000,
    0x0fe8,0x0448,0x07c4,0x0444,0x0446,0x07c4,0x0444,0x0c44,0x07c4,0x0474,0x0404,0x0000,
    0x0000,0x0448,0x0248,0x0ff4,0x0444,0x0446,0x0444,0x0ff4,0x0444,0x0444,0x0424,0x0424,
    0x0000,0x0000,0x0208,0x0fe8,0x0204,0x0204,0x0fc6,0x0004,0x0004,0x0fc4,0x0844,0x0844,
    0x0fc4,0x0000,0x0000,0x01e8,0x0248,0x0424,0x0814,0x07e6,0x0104,0x0104,0x07e4,0x0104,
    0x0104,0x0ff4,0x0000,0x0000,0x0148,0x0948,0x0554,0x0164,0x0146,0x0344,0x0564,0x0954,
    0x0144,0x0924,0x0e1c,0x0000,0x0000,0x0108,0x0fe8,0x0004,0x0444,0x0826,0x0004,0x0444,
    0x0284,0x0304,0x04c4,0x0834,0x0000,0x0000,0x0788,0x0428,0x0424,0x0814,0x0ff6,0x0424,
    0x07e4,0x0424,0x07e4,0x0424,0x0624,0x0000,0x0000,0x0108,0x0fe8,0x0104,0x0fe4,0x0926,
    0x0924,0x0fe4,0x0144,0x0184,0x0244,0x0c34,0x0000,0x0000,0x0fe8,0x0828,0x0824,0x0824,
    0x0fe6,0x0004,0x0544,0x0544,0x0544,0x0524,0x0d14,0x0000,0x0000,0x0fe8,0x0088,0x0044,
    0x0824,0x0fe6,0x0104,0x0104,0x0fe4,0x0104,0x0104,0x0fe4,0x0000,0x0000,0x0040,0x0ffe,
    0x0040,0x0248,0x0248,0x0554,0x0842,0x00e0,0x0358,0x0c46,0x0040,0x0000,0x0000,0x0108,
    0x0f88,0x0864,0x0484,0x0306,0x00e4,0x0f84,0x0864,0x0484,0x0304,0x00f4,0x0000,0x0000,
    0x09f8,0x0a28,0x0a24,0x0ae4,0x0a96,0x0a94,0x0aa4,0x0a44,0x0844,0x0824,0x0c1c,0x0000,
    0x0000,0x0108,0x0fe8,0x0104,0x0104,0x0ff6,0x0404,0x0ff4,0x0404,0x0444,0x0484,0x0604,
    0x0000,0x0000,0x0128,0x0128,0x0fe4,0x0114,0x0116,0x0fe4,0x0104,0x0384,0x0544,0x0934,
    0x0104,0x0000,0x0000,0x0108,0x0fe8,0x0084,0x0084,0x0fc6,0x0844,0x0fe4,0x0854,0x0fc4,
    0x0844,0x0c44,0x0000,0x0000,0x0048,0x0828,0x0fe4,0x0104,0x0126,0x0fe4,0x0114,0x0104,
    0x0ff4,0x0104,0x0104,0x0000,0x0000,0x01f0,0x0208,0x05f4,0x0802,0x07fc,0x04a4,0x04a4,
    0x07fc,0x04a4,0x04a4,0x06a4,0x0000,0x0000,0x0fe8,0x0828,0x0824,0x0ba4,0x0826,0x0824,
    0x0ba4,0x0aa4,0x0ba4,0x0824,0x0c24,0x0000,0x0000,0x0088,0x0ff8,0x0814,0x0b14,0x00e6,
    0x0084,0x0f84,0x00f4,0x0084,0x0884,0x0f84,0x0000,0x0000,0x0248,0x0248,0x0ff4,0x0244,
    0x0246,0x0244,0x0ff4,0x0004,0x0244,0x0424,0x0814,0x0000,0x0000,0x0108,0x0ff8,0x0084,
    0x0084,0x0946,0x0924,0x0534,0x022c,0x0224,0x05a4,0x0874,0x0000,0x0000,0x0108,0x0fe8,
    0x0104,0x0924,0x0546,0x0104,0x0ff4,0x0104,0x0284,0x0444,0x0834,0x0000,0x0000,0x0fe8,
    0x0828,0x0824,0x0fe4,0x0006,0x0004,0x0fe4,0x0824,0x0824,0x0824,0x0fe4,0x0000,0x0000,
    0x0048,0x0e48,0x01e4,0x0484,0x0306,0x0ce4,0x0004,0x0ff4,0x0284,0x0a44,0x0e34,0x0000,
    0x0000,0x0088,0x0f88,0x0084,0x0fe4,0x0826,0x0924,0x0924,0x0924,0x0284,0x0444,0x0834,
    0x0000,0x0000,0x08f8,0x0a8c,0x0aaa,0x0aaa,0x0aaa,0x0aaa,0x0aaa,0x0aaa,0x0852,0x0892,
    0x0d0a,0x0000,0x0000,0x0608,0x01e8,0x0104,0x0ff4,0x0286,0x0444,0x0834,0x0444,0x0444,
    0x0424,0x0424,0x0000,0x0000,0x0388,0x0448,0x0824,0x07d4,0x0006,0x0004,0x0fe4,0x0484,
    0x0444,0x0b24,0x08e4,0x0000,0x0000,0x0048,0x0fc8,0x0024,0x07e4,0x0446,0x0544,0x0ff4,
    0x0424,0x0524,0x0fe4,0x0204,0x0000,0x0000,0x07e8,0x0408,0x0404,0x0ff4,0x0046,0x0fc4,
    0x0124,0x0ff4,0x0284,0x0444,0x0834,0x0000,0x0000,0x07e8,0x0408,0x07e4,0x0404,0x0ff6,
    0x0814,0x07e4,0x0444,0x0244,0x0384,0x0c74,0x0000,0x0000,0x0fe8,0x0828,0x0824,0x0fe4,
    0x0106,0x0084,0x0fe4,0x0824,0x0824,0x0824,0x0fe4,0x0000,0x0000,0x0fe8,0x0828,0x0fe4,
    0x0024,0x0fe6,0x0824,0x0be4,0x0a24,0x0be4,0x0824,0x0614,0x0000,0x0000,0x0fe8,0x0108,
    0x0fe4,0x0924,0x0fe6,0x0924,0x0fe4,0x0144,0x0184,0x0244,0x0c34,0x0000,0x0000,0x0fe8,
    0x0088,0x0444,0x0224,0x0146,0x0884,0x0ff4,0x0104,0x0524,0x0914,0x0104,0x0000,0x0000,
    0x0fe8,0x0828,0x0824,0x0fe4,0x0106,0x0104,0x0f24,0x0124,0x0124,0x01e4,0x0e1c,0x0000,
    0x0000,0x0ac8,0x0a38,0x0224,0x0ffc,0x0226,0x0a24,0x0ae4,0x043c,0x0424,0x0a24,0x09b4,
    0x0000,0x0000,0x0488,0x0448,0x0ff4,0x0284,0x0a46,0x0c34,0x0784,0x0464,0x0244,0x0384,
    0x0c74,0x0000,0x0000,0x0788,0x0488,0x0488,0x0798,0x04a4,0x0482,0x0788,0x0488,0x0498,
    0x04a4,0x0fc2,0x0000,0x0000,0x0108,0x0928,0x0544,0x0104,0x0fe6,0x0824,0x0fe4,0x0824,
    0x0fe4,0x0824,0x0c24,0x0000,0x0000,0x0988,0x0a78,0x0a44,0x0a44,0x0bf6,0x0a44,0x0a64,
    0x08e4,0x0954,0x0854,0x0c44,0x0000,0x0000,0x07e8,0x0208,0x0144,0x0fe4,0x0926,0x0fe4,
    0x0924,0x0fe4,0x0924,0x0924,0x0d24,0x0000,0x0000,0x0288,0x0448,0x0824,0x0104,0x0286,
    0x0444,0x0824,0x07d4,0x0444,0x0444,0x07c4,0x0000,0x0000,0x0be8,0x0888,0x0524,0x0444,
    0x0006,0x07c4,0x0204,0x0104,0x0ff4,0x0104,0x0184,0x0000,0x0000,0x0fe8,0x0928,0x0fe4,
    0x0924,0x0926,0x0fe4,0x0104,0x0fe4,0x0104,0x0104,0x0fe4,0x0000,0x0000,0x03c8,0x0228,
    0x0114,0x0fe4,0x0926,0x0924,0x0fe4,0x0284,0x0284,0x0a44,0x0e34,0x0000,0x0000,0x0fe8,
    0x0828,0x0824,0x0fe4,0x0106,0x0fe4,0x0104,0x0384,0x0544,0x0934,0x0104,0x0000,0x0000,
    0x01f0,0x0208,0x05f4,0x0802,0x047c,0x0544,0x057c,0x0544,0x057c,0x0444,0x0664,0x0000,
    0x0000,0x0288,0x0448,0x0ff4,0x0044,0x0fc6,0x0124,0x0124,0x0ff4,0x0284,0x0444,0x0834,
    0x0000,0x0000,0x0108,0x0fe8,0x0104,0x0544,0x0546,0x0ba4,0x0914,0x0104,0x0284,0x0444,
    0x0834,0x0000,0x0000,0x07e8,0x0008,0x0fe4,0x0004,0x07e6,0x0004,0x0004,0x07e4,0x0424,
    0x0424,0x07e4,0x0000,0x0000,0x0fe8,0x0828,0x0824,0x0fe4,0x0006,0x0fe4,0x0104,0x0fe4,
    0x0104,0x02c4,0x0c34,0x0000,0x0000,0x0fe8,0x0288,0x0284,0x0fe4,0x0aa6,0x0aa4,0x0aa4,
    0x0d64,0x0824,0x0824,0x0c24,0x0000,0x0000,0x0388,0x0448,0x0824,0x07d4,0x0006,0x0884,
    0x0924,0x0944,0x0444,0x0404,0x0ff4,0x0000,0x0000,0x0048,0x0fc8,0x0424,0x04a4,0x0306,
    0x0d14,0x00d4,0x0614,0x01d4,0x0c04,0x03e4,0x0000,0x0000,0x0088,0x0ff8,0x0494,0x0494,
    0x0fd6,0x0474,0x0554,0x0654,0x0454,0x044c,0x0644,0x0000,0x0000,0x07e8,0x0428,0x07e4,
    0x0424,0x07e6,0x0424,0x0424,0x0ff4,0x0004,0x0244,0x0c34,0x0000,0x0000,0x0288,0x0ef8,
    0x0284,0x0284,0x0ee6,0x0284,0x0284,0x02f4,0x0e84,0x0244,0x0234,0x0000,0x0000,0x0108,
    0x0ff8,0x0104,0x0fe4,0x0106,0x0ff4,0x0884,0x0544,0x0274,0x0444,0x09e4,0x0000,0x0000,
    0x0e48,0x09c8,0x0844,0x0a44,0x0bf6,0x0a44,0x0444,0x0554,0x0554,0x0a44,0x0964,0x0000,
    0x0000,0x0108,0x0fe8,0x0084,0x0fe4,0x0246,0x0ff4,0x0524,0x0fd4,0x0104,0x0fe4,0x0104,
    0x0000,0x0000,0x0108,0x0ff8,0x0444,0x0924,0x0ff6,0x092c,0x0fe4,0x0924,0x0fe4,0x0104,
    0x0f04,0x0000,0x0000,0x0088,0x0fe8,0x0924,0x0fe4,0x0926,0x0924,0x0fe4,0x0284,0x0244,
    0x0ff4,0x0204,0x0000,0x0000,0x0ff8,0x0088,0x0084,0x0ff4,0x0896,0x0b94,0x0ab4,0x0ab4,
    0x0dd4,0x0894,0x0c94,0x0000,0x0000,0x01f0,0x0208,0x07fc,0x0a0a,0x03f8,0x0208,0x03f8,
    0x0008,0x07f4,0x0414,0x07f0,0x0000,0x0000,0x0fe8,0x0928,0x0924,0x0fe4,0x0926,0x0ba4,
    0x0aa4,0x0aa4,0x0ba4,0x0824,0x0fe4,0x0000,0x0000,0x0108,0x0fe8,0x0824,0x07c4,0x0446,
    0x07c4,0x0044,0x0fc4,0x0844,0x0844,0x0fc4,0x0000,0x0000,0x0088,0x0fe8,0x0244,0x0244,
    0x0ff6,0x0004,0x0004,0x07e4,0x0424,0x0424,0x07e4,0x0000,0x0000,0x0088,0x0f88,0x0454,
    0x04b4,0x0396,0x0d74,0x0514,0x0ff4,0x0114,0x02c4,0x0c34,0x0000,0x0000,0x0ee8,0x0aa8,
    0x0ee4,0x0aa4,0x0ee6,0x0824,0x0824,0x0824,0x0824,0x0824,0x0c24,0x0000,0x0000,0x09f8,
    0x0a48,0x0a24,0x0a14,0x0bf6,0x0a44,0x0a44,0x0af4,0x0844,0x0844,0x0df4,0x0000,0x0000,
    0x0fe8,0x0828,0x0fe4,0x0224,0x0aa6,0x0aa4,0x0fa4,0x0224,0x0a54,0x0a54,0x0fc4,0x0000,
    0x0000,0x0108,0x0fe8,0x0104,0x0ff4,0x0446,0x0444,0x0ff4,0x0104,0x0fe4,0x0104,0x0104,
    0x0000,0x0000,0x0108,0x0928,0x0544,0x0104,0x0fe6,0x0824,0x0ba4,0x0aa4,0x0aa4,0x0ba4,
    0x0c24,0x0000,0x0000,0x07c8,0x0408,0x0414,0x0ff4,0x0096,0x0f94,0x0254,0x0fd4,0x0214,
    0x0514,0x08c4,0x0000,0x0000,0x0088,0x07e8,0x0144,0x0224,0x0416,0x0ff4,0x0404,0x05e4,
    0x0524,0x05e4,0x0604,0x0000,0x0000,0x0248,0x0fe8,0x0244,0x0244,0x0ff6,0x0004,0x07e4,
    0x0424,0x07e4,0x0424,0x07e4,0x0000,0x0000,0x07c8,0x0448,0x07c4,0x0444,0x07c6,0x0004,
    0x0fe4,0x0824,0x0fe4,0x0824,0x0fe4,0x0000,0x0000,0x0128,0x0f28,0x09f4,0x0924,0x0826,
    0x0ae4,0x0aa4,0x0494,0x0494,0x0a84,0x0964,0x0000,0x0000,0x0108,0x0ff8,0x0a94,0x0294,
    0x0a86,0x0e64,0x0004,0x07c4,0x0104,0x0104,0x0ff4,0x0000,0x0000,0x0928,0x0548,0x0ff4,
    0x0284,0x0ff6,0x0444,0x0fe4,0x043c,0x07a4,0x0824,0x0fe4,0x0000,0x0000,0x0fe8,0x0828,
    0x0fe4,0x0224,0x0fe6,0x0224,0x0224,0x0fe4,0x0854,0x0854,0x0fc4,0x0000,0x0000,0x0108,
    0x0fe8,0x0104,0x0fe4,0x0106,0x0ff4,0x0824,0x0fe4,0x0824,0x0fe4,0x0824,0x0000,0x0000,
    0x0088,0x0e68,0x0824,0x0ee4,0x0826,0x0824,0x0fe4,0x0284,0x0284,0x0a44,0x0e34,0x0000,
    0x0000,0x0388,0x0448,0x0824,0x07d4,0x0006,0x0fe4,0x0aa4,0x0aa4,0x0fe4,0x0aa4,0x0aa4,
    0x0000,0x0000,0x0088,0x0f88,0x0084,0x0fe4,0x0826,0x0fe4,0x0824,0x0fe4,0x0104,0x0ff4,
    0x0104,0x0000,0x0000,0x0fe8,0x0108,0x0ff4,0x0184,0x0546,0x0924,0x0ff4,0x0444,0x0244,
    0x0384,0x0c74,0x0000,0x0000,0x0108,0x0ff8,0x0104,0x0fe4,0x0106,0x0ff4,0x0424,0x0524,
    0x0524,0x0284,0x0c74,0x0000,0x0000,0x0108,0x0fe8,0x0104,0x07e4,0x0426,0x07e4,0x0424,
    0x07e4,0x0424,0x0424,0x0ff4,0x0000,0x0000,0x0fc8,0x0208,0x0f94,0x0894,0x0ad6,0x0ab4,
    0x0a94,0x0a94,0x0ab4,0x0504,0x08c4,0x0000,0x0000,0x0fe8,0x08a8,0x0fa4,0x08a4,0x0fa6,
    0x0224,0x0fe4,0x0524,0x0724,0x08a4,0x0fe4,0x0000,0x0000,0x0fe8,0x0928,0x0924,0x0de4,
    0x0026,0x0f24,0x08e4,0x0a24,0x0ae4,0x0624,0x09a4,0x0000,0x0000,0x07e8,0x0428,0x07e4,
    0x0424,0x07e6,0x0044,0x0fe4,0x0934,0x0aa4,0x09e4,0x0604,0x0000,0x0000,0x0108,0x0fe8,
    0x0884,0x0ff4,0x0426,0x07e4,0x0104,0x0fe4,0x0124,0x0ff4,0x0104,0x0000,0x0000,0x0248,
    0x0ff8,0x0244,0x0104,0x0ff6,0x0084,0x0044,0x07e4,0x0454,0x0444,0x07c4,0x0000,0x0000,
    0x0fe8,0x0928,0x0fe4,0x0924,0x0fe6,0x0004,0x0ff4,0x0924,0x0524,0x0224,0x0cf4,0x0000,
    0x0000,0x0fe8,0x0028,0x0fe4,0x0824,0x0fe6,0x0024,0x0ff4,0x0aac,0x0fe4,0x0aa4,0x0aa4,
    0x0000,0x0000,0x0228,0x0ee8,0x0224,0x0224,0x0ee6,0x0104,0x0fe4,0x0824,0x0fe4,0x0824,
    0x0fe4,0x0000,0x0000,0x0128,0x0f28,0x09f4,0x0924,0x0826,0x0a24,0x0af4,0x0494,0x0494,
    0x0a94,0x09f4,0x0000,0x0000,0x0088,0x0ff8,0x0424,0x07e4,0x0006,0x0ff4,0x0814,0x0fe4,
    0x0104,0x0104,0x01c4,0x0000,0x0000,0x0208,0x0fb8,0x0a24,0x0fe4,0x0a16,0x0fb4,0x0224,
    0x0fec,0x0214,0x0034,0x0fcc,0x0000,0x0000,0x0048,0x0fe8,0x0a94,0x0a64,0x09a6,0x0a94,
    0x0404,0x0084,0x0524,0x082c,0x03c4,0x0000,0x0000,0x0ff8,0x0088,0x0084,0x0ff4,0x0a56,
    0x0bd4,0x0a54,0x0bd4,0x0a54,0x0a54,0x0ff4,0x0000,0x0000,0x0fe8,0x0928,0x0fe4,0x0924,
    0x0926,0x0fe4,0x0084,0x0504,0x0854,0x004c,0x0784,0x0000,0x0000,0x08f0,0x0a98,0x0af4,
    0x0a96,0x0af4,0x0a94,0x0a94,0x0af4,0x0804,0x0894,0x0d0c,0x0000,0x0000,0x0088,0x0f88,
    0x0084,0x0fe4,0x0826,0x0fe4,0x0824,0x0fe4,0x0004,0x0444,0x0834,0x0000,0x0000,0x0fe8,
    0x0928,0x0fe4,0x0924,0x0fe6,0x0104,0x0fe4,0x08a4,0x0aa4,0x0be4,0x0c24,0x0000,0x0000,
    0x07c8,0x0828,0x0fd4,0x0004,0x0ae6,0x0aa4,0x0ae4,0x0aa4,0x0ae4,0x08a4,0x0ca4,0x0000,
    0x0000,0x0248,0x0148,0x03f4,0x0244,0x07e6,0x0414,0x0ffc,0x0804,0x0954,0x0954,0x0604,
    0x0000,0x0000,0x0948,0x0548,0x0fe4,0x0824,0x07c6,0x0004,0x0fe4,0x0484,0x0444,0x0b24,
    0x08e4,0x0000,0x0000,0x0088,0x0fe8,0x0924,0x0fe4,0x0926,0x0924,0x0fe4,0x0544,0x0d44,
    0x0124,0x0f14,0x0000,0x0000,0x0908,0x0fe8,0x0104,0x0fe4,0x0926,0x0fe4,0x0924,0x0404,
    0x0ff4,0x0444,0x0684,0x0000,0x0000,0x0fe8,0x0288,0x0fe4,0x0aa4,0x0aa6,0x0fe4,0x0104,
    0x0ff4,0x0184,0x0544,0x0934,0x0000,0x0000,0x0108,0x0ff8,0x0244,0x0244,0x0ff6,0x0894,
    0x0fe4,0x0044,0x0fc4,0x0824,0x0624,0x0000,0x0000,0x04e8,0x0fa8,0x04b4,0x0fc4,0x0446,
    0x0534,0x0104,0x0ff4,0x0184,0x0544,0x0934,0x0000,0x0000,0x07c8,0x0828,0x0ff4,0x0824,
    0x0fe6,0x0824,0x0fe4,0x0024,0x0fd4,0x0854,0x0fc4,0x0000,0x0000,0x01f0,0x0208,0x0554,
    0x0a4a,0x0554,0x0248,0x0554,0x0842,0x0ffe,0x0040,0x0040,0x0000,0x0000,0x0248,0x0ff8,
    0x0244,0x0ff4,0x0026,0x0fe4,0x0934,0x0fec,0x0924,0x0fe4,0x0924,0x0000,0x0000,0x0248,
    0x0ff8,0x0a04,0x0aa4,0x0916,0x0804,0x0514,0x04a4,0x0444,0x0aa4,0x0914,0x0000,0x0000,
    0x0108,0x0fe8,0x0824,0x07c4,0x0906,0x0584,0x0264,0x0704,0x0ac4,0x0a34,0x0184,0x0000,
    0x0000,0x0108,0x0ff8,0x0104,0x0fe4,0x0286,0x0ff4,0x0444,0x0934,0x0544,0x0924,0x0184,
    0x0000,0x0000,0x0208,0x0f28,0x0244,0x0a04,0x0fb6,0x0224,0x0f24,0x09a4,0x0f24,0x0964,
    0x0f24,0x0000,0x0000,0x0928,0x0928,0x0fe4,0x0444,0x0fe6,0x0234,0x0fec,0x0224,0x0fe4,
    0x0224,0x0fe4,0x0000,0x0000,0x0108,0x0fe8,0x0924,0x0fe4,0x0926,0x0fa4,0x0124,0x0ff4,
    0x092c,0x0fe4,0x0924,0x0000,0x0000,0x0088,0x0fe8,0x0aa4,0x0ae4,0x0926,0x0aa4,0x0fe4,
    0x0084,0x0514,0x0854,0x0384,0x0000,0x0000,0x0248,0x0ef8,0x0a44,0x0bf4,0x0846,0x0bf4,
    0x0a24,0x04e4,0x0494,0x0a84,0x0964,0x0000,0x0000,0x0108,0x0ff8,0x0924,0x0fe4,0x0926,
    0x0ff4,0x0404,0x0ff4,0x0404,0x0444,0x0684,0x0000,0x0000,0x0fe8,0x0028,0x07a4,0x04a4,
    0x07a6,0x0024,0x0ee4,0x0aa4,0x0ee4,0x0024,0x0fc4,0x0000,0x0000,0x0108,0x0ff8,0x0104,
    0x0fe4,0x0106,0x0ff4,0x0424,0x07e4,0x0424,0x07e4,0x0c1c,0x0000,0x0000,0x0048,0x0fe8,
    0x0434,0x07e4,0x0426,0x0fe4,0x0044,0x0ff4,0x0924,0x0894,0x0644,0x0000,0x0000,0x0088,
    0x07e8,0x04a4,0x0524,0x07e6,0x0424,0x0c94,0x03c4,0x0264,0x0184,0x0e74,0x0000,0x0000,
    0x0fc8,0x0208,0x0f94,0x0894,0x0fd6,0x08b4,0x0f94,0x0894,0x0fb4,0x0484,0x0864,0x0000,
    0x0000,0x0108,0x0fe8,0x0924,0x0ff4,0x0926,0x0fe4,0x0924,0x0ff4,0x0444,0x03c4,0x0c34,
    0x0000,0x0000,0x0248,0x0ff8,0x0244,0x0fe4,0x0926,0x0924,0x0fe4,0x0104,0x0fe4,0x0104,
    0x0ff4,0x0000,0x0000,0x0ff8,0x0aa8,0x0cc4,0x0aa4,0x0896,0x0384,0x0464,0x0b04,0x00c4,
    0x0604,0x01e4,0x0000,0x0000,0x01f0,0x0208,0x07fc,0x0802,0x07bc,0x04a4,0x04a4,0x07bc,
    0x0208,0x0514,0x08a2,0x0000,0x0000,0x0ee8,0x0aa8,0x0ee4,0x0224,0x0ee6,0x0284,0x0fe4,
    0x0284,0x0ff4,0x0444,0x0834,0x0000,0x0000,0x07c8,0x0228,0x0ff4,0x0924,0x0926,0x0fe4,
    0x0244,0x0b34,0x06c4,0x0a34,0x0184,0x0000,0x0000,0x0fe8,0x0088,0x0ff4,0x0244,0x0666,
    0x0bd4,0x000c,0x0ff4,0x0a54,0x0bd4,0x0c14,0x0000,0x0000,0x0548,0x0ff8,0x0244,0x0244,
    0x0ff6,0x0104,0x0fe4,0x0104,0x0ff4,0x0244,0x0c34,0x0000,0x0000,0x0108,0x0ff8,0x0104,
    0x07e4,0x0426,0x07e4,0x0244,0x0ff4,0x0424,0x0424,0x07e4,0x0000,0x0000,0x0108,0x0ff8,
    0x0454,0x0fe4,0x0826,0x0ff4,0x082c,0x0fe4,0x0104,0x0524,0x0994,0x0000,0x0000,0x0108,
    0x0fe8,0x0104,0x0ff4,0x0446,0x0ef4,0x0444,0x0ff4,0x0284,0x0a44,0x0e34,0x0000,0x0000,
    0x0248,0x0ff8,0x0914,0x0b54,0x0916,0x0ff4,0x0424,0x07e4,0x0424,0x0424,0x07e4,0x0000,
    0x0000,0x0ff8,0x0248,0x0ff4,0x0544,0x0ca6,0x0014,0x07e4,0x0424,0x07e4,0x0424,0x07e4,
    0x0000,0x0000,0x0108,0x0ff8,0x0444,0x0444,0x0ff6,0x0924,0x0fe4,0x0924,0x0fe4,0x0104,
    0x0ff4,0x0000,0x0000,0x0fe8,0x0028,0x0fe4,0x0824,0x0fe6,0x0524,0x0fa4,0x02e4,0x0fa4,
    0x0294,0x0f94,0x0000,0x0000,0x0fe8,0x0288,0x0fe4,0x0aa4,0x0aa6,0x0fe4,0x0544,0x0ff4,
    0x0184,0x0544,0x0934,0x0000,0x0000,0x0ff8,0x0928,0x0fe4,0x0924,0x0fe6,0x0004,0x0ff4,
    0x0924,0x0fe4,0x0924,0x0ff4,0x0000,0x0000,0x0ff8,0x0288,0x0ff4,0x0a94,0x0ff6,0x0424,
    0x07e4,0x0424,0x07e4,0x0444,0x0834,0x0000,0x0000,0x0270,0x0fd8,0x0554,0x0556,0x0574,
    0x0f94,0x0274,0x025c,0x0fd4,0x0254,0x0274,0x0000,0x0000,0x0248,0x0ff8,0x0104,0x0fe4,
    0x0106,0x0ff4,0x0124,0x0ffc,0x0924,0x0674,0x09a4,0x0000,0x0000,0x0288,0x0fe8,0x0aa4,
    0x0fe4,0x0aa6,0x0fe4,0x0024,0x0fe4,0x0554,0x0254,0x0cc4,0x0000,0x0000,0x0108,0x0ff8,
    0x0444,0x0ff4,0x0826,0x0fe4,0x0824,0x0fe4,0x0144,0x0454,0x0bcc,0x0000,0x0000,0x07c8,
    0x0828,0x0fd4,0x0004,0x0fe6,0x0aa4,0x0fe4,0x0444,0x07c4,0x0444,0x07c4,0x0000,0x0000,
    0x07c8,0x0828,0x0fd4,0x0004,0x0ee6,0x0aa4,0x0aa4,0x0ee4,0x0444,0x0aa4,0x0914,0x0000,
    0x0000,0x0088,0x0ff8,0x0814,0x0fe4,0x0496,0x07e4,0x0434,0x07e4,0x0424,0x07e4,0x0c1c,
    0x0000,0x0000,0x0fe8,0x0108,0x0fe4,0x0924,0x0da6,0x0004,0x0ff4,0x0104,0x0fe4,0x0aa4,
    0x0aa4,0x0000,0x0000,0x0108,0x0fe8,0x0104,0x0ff4,0x0806,0x07e4,0x0104,0x0ff4,0x08a4,
    0x0aa4,0x0ce4,0x0000,0x0000,0x0088,0x0ff8,0x0554,0x05d4,0x0b6e,0x0424,0x07e4,0x0424,
    0x07e4,0x0414,0x0414,0x0000,0x0000,0x0108,0x0fe8,0x0904,0x0ff4,0x0906,0x0fe4,0x04a4,
    0x0914,0x0fe4,0x0aa4,0x0ff4,0x0000,0x0000,0x0548,0x0ff8,0x0a54,0x0254,0x0fe6,0x0824,
    0x0fe4,0x0824,0x0fe4,0x0444,0x0834,0x0000,0x0000,0x07e8,0x0528,0x07e4,0x0524,0x07e6,
    0x0004,0x0ff4,0x0a94,0x0ff4,0x0a94,0x0ff4,0x0000,0x0000,0x0ff8,0x0428,0x07e8,0x0424,
    0x0ffc,0x0aa6,0x0454,0x0fc4,0x0474,0x0384,0x0c74,0x0000,0x0000,0x0278,0x0f08,0x0274,
    0x0a04,0x0f76,0x0204,0x0f04,0x09f4,0x0f54,0x0954,0x0f74,0x0000,0x0000,0x03c8,0x0228,
    0x07f4,0x0424,0x07e6,0x0a44,0x0fe4,0x0534,0x07e4,0x0a84,0x0e74,0x0000,0x0000,0x0ee8,
    0x0008,0x0ef4,0x0aa4,0x0106,0x0fe4,0x0aa4,0x0fe4,0x0254,0x0bd4,0x0e64,0x0000,0x0000,
    0x0fe8,0x0aa8,0x0fe4,0x0544,0x0fa6,0x0544,0x0f24,0x05e4,0x0f54,0x05d4,0x0f44,0x0000,
    0x0000,0x0528,0x05f8,0x0f24,0x05f4,0x0f56,0x05f4,0x0524,0x0ffc,0x0524,0x0554,0x0f8c,
    0x0000,0x0000,0x0ee8,0x0aa8,0x0ff4,0x0254,0x0ef6,0x0a94,0x09f4,0x0a94,0x0af4,0x069c,
    0x0984,0x0000,0x0000,0x0088,0x0088,0x0088,0x0088,0x0088,0x0088,0x0088,0x0884,0x0884,
    0x0882,0x0f82,0x0000,0x0000,0x0ffe,0x0090,0x0090,0x0090,0x0090,0x0088,0x0088,0x0884,
    0x0884,0x0882,0x0f02,0x0000,0x0000,0x0020,0x0210,0x0210,0x0408,0x07fe,0x0890,0x0890,
    0x0090,0x0090,0x0888,0x0f06,0x0000,0x0000,0x07fc,0x0000,0x0000,0x0000,0x0ffe,0x0090,
    0x0090,0x0090,0x0890,0x0888,0x0f86,0x0000,0x0000,0x03f8,0x0208,0x0208,0x0208,0x0208,
    0x03f8,0x0090,0x0090,0x0890,0x0888,0x0f86,0x0000,0x0000,0x0040,0x0ffe,0x0020,0x0120,
    0x0210,0x07fc,0x0890,0x0090,0x0090,0x0888,0x0f06,0x0000,0x0000,0x0090,0x0892,0x0494,
    0x0290,0x0090,0x0298,0x0494,0x0892,0x0090,0x0888,0x0f86,0x0000,0x0000,0x0514,0x04a4,
    0x0444,0x04a4,0x0514,0x0404,0x07fc,0x0090,0x0890,0x0888,0x0f06,0x0000,0x0000,0x0048,
    0x0048,0x07f8,0x0044,0x0042,0x0ffe,0x0090,0x0090,0x0090,0x0888,0x0f06,0x0000,0x0000,
    0x0040,0x0444,0x0248,0x0040,0x0040,0x0ffe,0x0090,0x0090,0x0890,0x0888,0x0f06,0x0000,
    0x0000,0x0040,0x0ffe,0x0040,0x03f8,0x0208,0x0208,0x03f8,0x0090,0x0890,0x0888,0x0f86,
    0x0000,0x0000,0x03c8,0x0208,0x0404,0x07fc,0x0a0a,0x0a0a,0x03f8,0x0090,0x0890,0x0888,
    0x0f86,0x0000,0x0000,0x01f0,0x0108,0x0084,0x07fe,0x0444,0x0444,0x07fc,0x00a0,0x0890,
    0x0888,0x0f86,0x0000,0x0000,0x0110,0x0120,0x0080,0x03f8,0x0208,0x0208,0x03f8,0x0090,
    0x0890,0x0888,0x0f86,0x0000,0x0000,0x0030,0x078c,0x0404,0x07bc,0x0404,0x0404,0x07fc,
    0x0090,0x0890,0x0888,0x0f86,0x0000,0x0000,0x01f0,0x0108,0x0084,0x07fe,0x0444,0x0444,
    0x07fc,0x0150,0x0a50,0x0848,0x0fc6,0x0000,0x0000,0x07bc,0x04a4,0x04a4,0x04e4,0x0404,
    0x0404,0x07fc,0x0090,0x0890,0x0888,0x0f86,0x0000,0x0000,0x0040,0x0ffe,0x0110,0x0208,
    0x0ffe,0x0208,0x0208,0x03f8,0x08a0,0x0890,0x0f0e,0x0000,0x0000,0x0448,0x0248,0x0ffe,
    0x0802,0x0bfa,0x0208,0x0208,0x03f8,0x0890,0x0888,0x0f86,0x0000,0x0000,0x0020,0x0df6,
    0x0912,0x09f2,0x0912,0x0912,0x0df6,0x0080,0x0090,0x0890,0x0f8e,0x0000,0x0000,0x0208,
    0x0fbe,0x0208,0x0fbe,0x08a2,0x08a2,0x0fbe,0x0514,0x0514,0x0492,0x0cb2,0x0000,0x0000,
    0x0078,0x0040,0x0040,0x0040,0x00a0,0x00a0,0x0110,0x0110,0x0208,0x0404,0x0802,0x0000,
    0x0000,0x0070,0x0040,0x0ffe,0x0842,0x0842,0x08a2,0x0912,0x0a0a,0x0802,0x0802,0x0e02,
    0x0000,0x0000,0x00fc,0x0110,0x0208,0x0404,0x0bfa,0x0040,0x0040,0x03f8,0x0040,0x0040,
    0x0ffe,0x0000,0x0000,0x0ffe,0x0040,0x0040,0x0ffe,0x0842,0x0b5a,0x0a52,0x0b5a,0x0ce6,
    0x0842,0x0c42,0x0000,0x0000,0x01f0,0x0100,0x0100,0x0108,0x0208,0x0208,0x0204,0x0404,
    0x0404,0x0802,0x0802,0x0000,0x0000,0x03c0,0x0208,0x0208,0x0404,0x0404,0x0822,0x0822,
    0x0210,0x0210,0x0588,0x0478,0x0000,0x0000,0x0040,0x0040,0x0ffe,0x0000,0x0000,0x0208,
    0x0208,0x0404,0x0404,0x0802,0x0802,0x0000,0x0000,0x03c8,0x0208,0x0404,0x07fc,0x0812,
    0x0812,0x03f0,0x0208,0x0208,0x0100,0x00c0,0x0000,0x0000,0x0210,0x0110,0x07fc,0x0000,
    0x0000,0x0000,0x03f8,0x0000,0x0000,0x0000,0x0ffe,0x0000,0x0000,0x0110,0x0110,0x07fc,
    0x0110,0x0110,0x0110,0x0ffe,0x0000,0x0110,0x0208,0x0404,0x0000,0x0000,0x0210,0x0110,
    0x07fc,0x0040,0x0040,0x0ffe,0x0040,0x00a0,0x0110,0x0208,0x0c06,0x0000,0x0000,0x0420,
    0x0424,0x0444,0x0448,0x0208,0x0200,0x0ffe,0x0000,0x0110,0x0208,0x0c06,0x0000,0x0000,
    0x0300,0x00f8,0x0008,0x07f8,0x0108,0x0108,0x0108,0x0ffe,0x0000,0x0318,0x0c06,0x0000,
    0x0000,0x0110,0x0ffe,0x0110,0x01f0,0x0110,0x01f0,0x0110,0x0ffe,0x0000,0x0318,0x0c06,
    0x0000,0x0000,0x03f8,0x0208,0x03f8,0x0208,0x03f8,0x0208,0x0208,0x0ffe,0x0000,0x0318,
    0x0c06,0x0000,0x0000,0x00a0,0x07fc,0x04a4,0x04a4,0x07fc,0x04a4,0x04a4,0x0ffe,0x0000,
    0x0318,0x0c06,0x0000,0x0000,0x0210,0x0110,0x0ffe,0x0208,0x0104,0x08a2,0x0514,0x0208,
    0x0924,0x08a2,0x0fbe,0x0000,0x0000,0x0110,0x0ffe,0x0040,0x07fc,0x0020,0x0ffe,0x0208,
    0x0514,0x0912,0x0108,0x0108,0x0000,0x0000,0x0110,0x0ffe,0x0090,0x03fc,0x0290,0x0ffe,
    0x0290,0x03fc,0x0090,0x0494,0x0892,0x0000,0x0000,0x0210,0x0110,0x07fc,0x0444,0x07fc,
    0x0444,0x0ffe,0x0000,0x03f8,0x0208,0x03f8,0x0000,0x0000,0x0ca0,0x03be,0x08a0,0x0ffe,
    0x0248,0x03f8,0x0248,0x07fc,0x0110,0x0ffe,0x0208,0x0000,0x0000,0x0040,0x0040,0x0ffe,
    0x0842,0x0842,0x08a2,0x0912,0x0a0a,0x0802,0x0802,0x0e02,0x0000,0x0000,0x0ffe,0x0802,
    0x0902,0x0912,0x08a2,0x0842,0x08a2,0x0912,0x0a0a,0x0802,0x0e02,0x0000,0x0000,0x0040,
    0x07fc,0x0444,0x0444,0x07fc,0x0444,0x0444,0x0ffe,0x0404,0x0404,0x0604,0x0000,0x0000,
    0x07fc,0x04a4,0x04a4,0x04a4,0x04a4,0x0ffe,0x04a4,0x04a4,0x04a4,0x04a4,0x0604,0x0000,
    0x0000,0x07bc,0x04a4,0x04a4,0x04a4,0x0ffe,0x04a4,0x04a4,0x04a4,0x04a4,0x04a2,0x06b2,
    0x0000,0x0000,0x0ffe,0x0040,0x07fc,0x0444,0x07fc,0x0444,0x0444,0x0ffe,0x0404,0x0404,
    0x0604,0x0000,0x0000,0x0ffe,0x08a2,0x08a2,0x0892,0x0f0a,0x09f6,0x0912,0x0912,0x09f2,
    0x0802,0x0c02,0x0000,0x0000,0x0040,0x0ffe,0x0842,0x0ffe,0x0842,0x0ffe,0x0404,0x05f4,
    0x0404,0x05f4,0x0404,0x0000,0x0000,0x0ffe,0x0802,0x0bfa,0x0802,0x0bfa,0x0000,0x07fc,
    0x0404,0x07fc,0x0404,0x07fc,0x0000,0x0000,0x07fc,0x0404,0x05f4,0x0404,0x05f4,0x0088,
    0x07fe,0x0444,0x07fc,0x0890,0x0f8e,0x0000,0x0000,0x0ffe,0x0802,0x0802,0x01f0,0x0110,
    0x0110,0x0110,0x0110,0x0910,0x0908,0x0f06,0x0000,0x0000,0x0ffe,0x0812,0x0bf2,0x0010,
    0x0008,0x03f8,0x0200,0x0ffe,0x0200,0x0100,0x00e0,0x0000,0x0000,0x0ffe,0x0802,0x0822,
    0x07fc,0x0010,0x0048,0x07f8,0x0040,0x0040,0x0ffe,0x0040,0x0000,0x0000,0x0040,0x0ffe,
    0x0842,0x0822,0x0090,0x0c88,0x030c,0x010a,0x0208,0x04c8,0x083c,0x0000,0x0000,0x0ffe,
    0x0802,0x0400,0x041e,0x0fc0,0x0400,0x04be,0x0514,0x0414,0x0812,0x0fe2,0x0000,0x0000,
    0x0ffe,0x0802,0x0bfa,0x0048,0x0440,0x02b0,0x019c,0x02d0,0x04b0,0x088e,0x0060,0x0000,
    0x0000,0x0ffe,0x0802,0x09f2,0x0088,0x07fc,0x0446,0x0444,0x07fc,0x02a0,0x0898,0x0f06,
    0x0000,0x0000,0x0ffe,0x0802,0x0bfa,0x0208,0x03f8,0x0208,0x03f8,0x0040,0x0ffe,0x0208,
    0x0c06,0x0000,0x0000,0x0ffe,0x0912,0x07fc,0x0208,0x03f8,0x0208,0x0ffe,0x0248,0x07fc,
    0x0a4a,0x0348,0x0000,0x0000,0x0020,0x03e0,0x0210,0x012c,0x00c0,0x0330,0x0c4e,0x0180,
    0x0030,0x00c0,0x0300,0x0000,0x0000,0x07f0,0x0402,0x0444,0x0440,0x0220,0x0220,0x0fe0,
    0x0804,0x0bf4,0x0802,0x0602,0x0000,0x0000,0x0100,0x0902,0x0974,0x0540,0x0340,0x0340,
    0x0524,0x0524,0x0912,0x0912,0x01c0,0x0000,0x0000,0x0ff0,0x0082,0x0084,0x0788,0x0440,
    0x0440,0x07c0,0x0444,0x0404,0x0402,0x0ff2,0x0000,0x0000,0x0100,0x0102,0x0fe4,0x0920,
    0x0920,0x0920,0x0fe0,0x0104,0x0104,0x0102,0x0102,0x0000,0x0000,0x0100,0x0fe2,0x0904,
    0x0900,0x0900,0x0ff0,0x0100,0x0104,0x0284,0x0442,0x0832,0x0000,0x0000,0x0fe0,0x0822,
    0x0824,0x0820,0x0fe0,0x0280,0x0280,0x0284,0x0a84,0x0a42,0x0e32,0x0000,0x0000,0x0080,
    0x0842,0x0824,0x0fe8,0x0000,0x0000,0x0fe0,0x0828,0x0824,0x0822,0x0fe0,0x0000,0x0000,
    0x03c0,0x0422,0x0814,0x07e0,0x0000,0x0000,0x0ff4,0x0884,0x0882,0x0682,0x0080,0x0000,
    0x0000,0x0080,0x0ff2,0x0044,0x0120,0x0110,0x0ff0,0x0100,0x0144,0x0524,0x0912,0x0182,
    0x0000,0x0000,0x09f8,0x0a22,0x0a24,0x0ae0,0x0a90,0x0a90,0x0aa0,0x0a44,0x0844,0x0822,
    0x0c1a,0x0000,0x0000,0x07c0,0x0422,0x0214,0x0fe0,0x0900,0x0ff0,0x0900,0x0fe4,0x0104,
    0x0102,0x01c2,0x0000,0x0000,0x0080,0x0ff2,0x0484,0x0ff0,0x0480,0x07e0,0x0080,0x0ff4,
    0x0444,0x03c2,0x0c32,0x0000,0x0000,0x0240,0x0242,0x0fe4,0x0120,0x0ff0,0x0120,0x0120,
    0x0fe4,0x0124,0x0122,0x0fe2,0x0000,0x0000,0x0100,0x0ff2,0x0004,0x07e0,0x0420,0x0420,
    0x07e0,0x0104,0x0524,0x0912,0x0182,0x0000,0x0000,0x0ff0,0x0892,0x0bd4,0x0890,0x0bd0,
    0x0810,0x0bd4,0x0a54,0x0bd2,0x080a,0x0c08,0x0000,0x0000,0x0100,0x0ff2,0x0104,0x0ff0,
    0x0240,0x0c30,0x07c0,0x0434,0x0244,0x0382,0x0c72,0x0000,0x0000,0x0100,0x0ff2,0x0104,
    0x0fe0,0x0920,0x0fe0,0x0920,0x0fe4,0x0184,0x0542,0x0932,0x0000,0x0000,0x0a00,0x0ff2,
    0x0214,0x03f0,0x0a10,0x0bd0,0x0554,0x05d4,0x0412,0x0b0a,0x08c8,0x0000,0x0000,0x0100,
    0x0ff2,0x0084,0x0fe0,0x0240,0x0ff0,0x0520,0x0fd4,0x0104,0x02c2,0x0c32,0x0000,0x0000,
    0x0100,0x0ff2,0x0aa4,0x0ba0,0x0820,0x0fe0,0x0000,0x0ff4,0x0104,0x0522,0x0992,0x0000,
    0x0000,0x0100,0x0ff2,0x0aa4,0x0ba0,0x0820,0x0fe0,0x0100,0x0ff4,0x0184,0x0542,0x0932,
    0x0000,0x0000,0x0f90,0x0472,0x0214,0x0fe0,0x0a10,0x02f0,0x0220,0x0ef4,0x02a4,0x02d2,
    0x0f8a,0x0000,0x0000,0x01f8,0x0108,0x0108,0x0108,0x0108,0x0108,0x0108,0x0104,0x0904,
    0x0902,0x0f02,0x0000,0x0000,0x01f8,0x0108,0x0108,0x0108,0x0128,0x0148,0x0108,0x0104,
    0x0904,0x0902,0x0f02,0x0000,0x0000,0x03fc,0x0204,0x0204,0x02f4,0x0284,0x02a4,0x0244,
    0x02a4,0x0a92,0x0a02,0x0c02,0x0000,0x0000,0x0020,0x07fc,0x0424,0x0644,0x0004,0x0ffc,
    0x0800,0x0df0,0x0110,0x0908,0x0f06,0x0000,0x0000,0x0fe8,0x0108,0x0ff4,0x0106,0x0104,
    0x0fe4,0x0000,0x01f0,0x0110,0x0910,0x0f0e,0x0000,0x0000,0x07aa,0x04aa,0x04be,0x0480,
    0x04be,0x04a0,0x04be,0x0482,0x0482,0x045a,0x0c46,0x0000,0x0000,0x07fc,0x0444,0x05f4,
    0x0514,0x05f4,0x0514,0x05f4,0x0444,0x09f4,0x0842,0x0bfa,0x0000,0x0000,0x07aa,0x04be,
    0x0480,0x04be,0x0480,0x04be,0x04a2,0x04be,0x0494,0x0454,0x0c3e,0x0000,0x0000,0x02b8,
    0x09e2,0x0494,0x03f8,0x0e0e,0x03f8,0x0110,0x0ffe,0x0090,0x0888,0x0f86,0x0000,0x0000,
    0x0802,0x0a0a,0x0912,0x08a2,0x0842,0x08a2,0x0912,0x0a0a,0x0802,0x0802,0x0ffe,0x0000,
    0x0000,0x01f0,0x0110,0x0110,0x0110,0x0110,0x0f1e,0x0802,0x0802,0x0802,0x0802,0x0ffe,
    0x0000,0x0000,0x0f1e,0x0912,0x0912,0x0912,0x0912,0x09f2,0x0802,0x0802,0x0802,0x0802,
    0x0ffe,0x0000,0x0000,0x0040,0x0444,0x0444,0x0444,0x07fc,0x0040,0x0040,0x0842,0x0842,
    0x0842,0x0ffe,0x0000,0x0000,0x0040,0x07fc,0x0040,0x0040,0x0040,0x0ffe,0x0040,0x0040,
    0x0444,0x0444,0x07fc,0x0000,0x0000,0x0ffe,0x0020,0x0060,0x0a4a,0x0952,0x0842,0x0952,
    0x0a4a,0x0c66,0x0802,0x0ffe,0x0000,0x0000,0x04a8,0x02a8,0x0ffe,0x0120,0x04a4,0x05f4,
    0x0444,0x05f4,0x0444,0x0404,0x07fc,0x0000,0x0000,0x0000,0x0ffc,0x0820,0x0820,0x0820,
    0x0820,0x0820,0x0810,0x0810,0x0408,0x0386,0x0000,0x0000,0x0ffc,0x0800,0x0800,0x0800,
    0x0900,0x08c0,0x0830,0x080c,0x0800,0x0400,0x0380,0x0000,0x0000,0x0000,0x0ffc,0x0820,
    0x0828,0x0830,0x0820,0x0860,0x0890,0x0810,0x0408,0x0386,0x0000,0x0000,0x03c8,0x0208,
    0x0408,0x0404,0x0804,0x0bfa,0x0222,0x0220,0x0210,0x0210,0x018c,0x0000,0x0000,0x0fe4,
    0x0884,0x0884,0x089e,0x0884,0x0884,0x0844,0x0844,0x0838,0x0420,0x0300,0x0000,0x0000,
    0x0820,0x0920,0x0922,0x0924,0x0918,0x0910,0x0910,0x0928,0x0848,0x0804,0x0c04,0x0000,
    0x0000,0x087e,0x0908,0x0908,0x0908,0x0908,0x097e,0x0908,0x0908,0x0808,0x0808,0x0c08,
    0x0000,0x0000,0x0804,0x097c,0x0956,0x0954,0x0954,0x0954,0x0952,0x094a,0x0848,0x0844,
    0x0c34,0x0000,0x0000,0x087e,0x0924,0x0924,0x0924,0x097e,0x0924,0x0924,0x0924,0x0824,
    0x0822,0x0c22,0x0000,0x0000,0x0828,0x0948,0x0908,0x097e,0x0908,0x0908,0x0948,0x0930,
    0x0818,0x0826,0x0cc0,0x0000,0x0000,0x087c,0x0944,0x0944,0x097c,0x0944,0x0944,0x097c,
    0x0944,0x0844,0x0842,0x0c62,0x0000,0x0000,0x087e,0x0908,0x0908,0x0978,0x0944,0x094c,
    0x0952,0x0920,0x0820,0x0818,0x0c06,0x0000,0x0000,0x0810,0x0a10,0x0afe,0x0a40,0x0a44,
    0x0a24,0x0a28,0x0a10,0x0828,0x0844,0x0c82,0x0000,0x0000,0x083e,0x0922,0x092a,0x092a,
    0x092a,0x092a,0x092a,0x092a,0x0814,0x0824,0x0c42,0x0000,0x0000,0x08fe,0x0882,0x0aa2,
    0x0aa6,0x0aaa,0x0a92,0x0a92,0x0aaa,0x08c6,0x0882,0x0cc2,0x0000,0x0000,0x0818,0x0924,
    0x0942,0x0900,0x093e,0x0922,0x0922,0x0932,0x0802,0x0842,0x0c7c,0x0000,0x0000,0x0fe4,
    0x0904,0x091e,0x0910,0x0910,0x0908,0x0884,0x0896,0x084c,0x0454,0x0304,0x0000,0x0000,
    0x08ee,0x0aaa,0x0aaa,0x0aaa,0x0aaa,0x0bfe,0x0aaa,0x0aaa,0x08aa,0x08aa,0x0caa,0x0000,
    0x0000,0x0808,0x094a,0x092a,0x0908,0x097e,0x0908,0x0908,0x097e,0x0908,0x0808,0x0c08,
    0x0000,0x0000,0x083e,0x0922,0x0922,0x093e,0x0904,0x093c,0x0924,0x0922,0x0822,0x0820,
    0x0c1c,0x0000,0x0000,0x0802,0x097e,0x0942,0x095e,0x0952,0x0952,0x095e,0x0962,0x0802,
    0x0842,0x0c7c,0x0000,0x0000,0x0860,0x091e,0x0910,0x0910,0x097e,0x0910,0x0918,0x0934,
    0x0852,0x0810,0x0c10,0x0000,0x0000,0x087c,0x0954,0x0954,0x0954,0x0954,0x09fe,0x0954,
    0x0954,0x0854,0x0854,0x0c54,0x0000,0x0000,0x083e,0x0922,0x0922,0x093e,0x0908,0x0908,
    0x097e,0x0948,0x0848,0x0844,0x0c32,0x0000,0x0000,0x0830,0x090e,0x0908,0x0908,0x097e,
    0x0908,0x0908,0x093e,0x0822,0x0822,0x0c3e,0x0000,0x0000,0x087e,0x0908,0x0904,0x0942,
    0x097e,0x0908,0x0908,0x097e,0x0808,0x0808,0x0c7e,0x0000,0x0000,0x0810,0x097e,0x0924,
    0x0942,0x097e,0x0900,0x097e,0x0904,0x087e,0x0842,0x0c30,0x0000,0x0000,0x080a,0x097e,
    0x090a,0x0908,0x097e,0x0908,0x097e,0x094a,0x084a,0x086a,0x0c08,0x0000,0x0000,0x087e,
    0x0942,0x0942,0x097e,0x090a,0x090a,0x097e,0x094a,0x084a,0x086a,0x0c08,0x0000,0x0000,
    0x0448,0x0248,0x07fc,0x0120,0x0ffe,0x0210,0x07f8,0x0a26,0x0220,0x0210,0x018c,0x0000,
    0x0000,0x0844,0x0928,0x0910,0x0928,0x0946,0x0910,0x097e,0x0918,0x0834,0x0852,0x0c10,
    0x0000,0x0000,0x0808,0x097e,0x0908,0x097e,0x094a,0x094a,0x096a,0x0918,0x082c,0x084a,
    0x0c08,0x0000,0x0000,0x0810,0x097e,0x0910,0x0908,0x0944,0x0928,0x0910,0x094c,0x0820,
    0x0858,0x0c86,0x0000,0x0000,0x0818,0x0924,0x0942,0x093c,0x0900,0x0900,0x097e,0x0928,
    0x0824,0x0852,0x0c4e,0x0000,0x0000,0x083c,0x0924,0x0924,0x0922,0x0962,0x0908,0x097e,
    0x0908,0x082c,0x084a,0x0c08,0x0000,0x0000,0x0808,0x097e,0x0920,0x0924,0x0918,0x0966,
    0x0900,0x0924,0x0824,0x0822,0x0c22,0x0000,0x0000,0x0824,0x0910,0x097e,0x0948,0x097e,
    0x090a,0x097e,0x0948,0x084c,0x083a,0x0c08,0x0000,0x0000,0x083e,0x0922,0x093e,0x0922,
    0x093e,0x0922,0x0922,0x093e,0x0800,0x0824,0x0c42,0x0000,0x0000,0x0808,0x094a,0x092a,
    0x0908,0x097e,0x0942,0x097e,0x0942,0x087e,0x0842,0x0c62,0x0000,0x0000,0x0908,0x097e,
    0x0908,0x093e,0x0922,0x0922,0x083e,0x0c14,0x0014,0x0812,0x0fe2,0x0000,0x0000,0x0808,
    0x097e,0x0908,0x097e,0x094a,0x094a,0x097e,0x0918,0x082c,0x084a,0x0c08,0x0000,0x0000,
    0x0110,0x0ffe,0x0000,0x04bc,0x04a4,0x04bc,0x04a4,0x04bc,0x04a4,0x0424,0x0634,0x0000,
    0x0000,0x0840,0x092c,0x0930,0x0948,0x0906,0x0950,0x097e,0x0918,0x0834,0x0852,0x0c10,
    0x0000,0x0000,0x087e,0x0942,0x0942,0x097e,0x0910,0x097e,0x0952,0x096a,0x0846,0x0842,
    0x0c62,0x0000,0x0000,0x0838,0x0944,0x0902,0x097c,0x0900,0x0908,0x0952,0x0944,0x0820,
    0x0820,0x0c7e,0x0000,0x0000,0x083e,0x0922,0x093e,0x0922,0x093e,0x0904,0x097e,0x0954,
    0x0852,0x0848,0x0c34,0x0000,0x0000,0x0808,0x097e,0x0924,0x0924,0x097e,0x0900,0x0900,
    0x097e,0x0842,0x0842,0x0c7e,0x0000,0x0000,0x08fe,0x0a82,0x0aaa,0x0aaa,0x0afe,0x0a8a,
    0x0a8a,0x0aaa,0x08be,0x0882,0x0cc2,0x0000,0x0000,0x0810,0x0afe,0x0a82,0x0aee,0x0aaa,
    0x0aaa,0x0aaa,0x0aec,0x0828,0x08a8,0x0ce6,0x0000,0x0000,0x083c,0x0924,0x093e,0x0910,
    0x097e,0x0910,0x0956,0x0930,0x0854,0x0852,0x0c18,0x0000,0x0000,0x0810,0x097e,0x0910,
    0x0928,0x0944,0x09fe,0x0940,0x094e,0x084a,0x084e,0x0c60,0x0000,0x0000,0x083e,0x0920,
    0x093c,0x0920,0x097e,0x0910,0x0956,0x0934,0x0854,0x0892,0x0c18,0x0000,0x0000,0x087e,
    0x0942,0x097e,0x0912,0x09fe,0x0912,0x0912,0x097a,0x084a,0x084a,0x0c7a,0x0000,0x0000,
    0x08fe,0x0a10,0x0afe,0x0a54,0x0ad6,0x0a54,0x0ad6,0x0a30,0x0858,0x0896,0x0c10,0x0000,
    0x0000,0x0110,0x0ffe,0x04a4,0x04bc,0x04a4,0x0624,0x0000,0x0ffe,0x0820,0x0818,0x0606,
    0x0000,0x0000,0x087e,0x0900,0x093c,0x0924,0x093c,0x0900,0x097e,0x094a,0x087e,0x084a,
    0x0c7e,0x0000,0x0000,0x0810,0x09fe,0x0912,0x097e,0x0910,0x097c,0x0910,0x097e,0x0844,
    0x0844,0x0c7c,0x0000,0x0000,0x084a,0x097e,0x0900,0x097e,0x0900,0x097e,0x0942,0x097e,
    0x0824,0x0824,0x0c7e,0x0000,0x0000,0x0838,0x0944,0x097e,0x0944,0x097c,0x0944,0x097c,
    0x0904,0x087a,0x084a,0x0c78,0x0000,0x0000,0x0810,0x097e,0x0924,0x0914,0x097e,0x092a,
    0x097a,0x0922,0x087a,0x0822,0x0c7a,0x0000,0x0000,0x08fe,0x0a28,0x0afe,0x0aaa,0x0afe,
    0x0a00,0x0afe,0x0a00,0x08fe,0x0854,0x0c9a,0x0000,0x0000,0x0854,0x092a,0x0954,0x097e,
    0x094a,0x097e,0x094a,0x097e,0x0808,0x082c,0x0c4a,0x0000,0x0000,0x08fe,0x0a22,0x0af6,
    0x0aaa,0x0a9e,0x0a4a,0x0a4a,0x0a5e,0x08aa,0x08a4,0x0c94,0x0000,0x0000,0x087c,0x0950,
    0x097e,0x0950,0x097c,0x0910,0x09fe,0x0954,0x087c,0x0854,0x0cfe,0x0000,0x0000,0x0870,
    0x0910,0x09fe,0x0912,0x097e,0x0912,0x09fa,0x0926,0x08b8,0x0866,0x0c98,0x0000,0x0000,
    0x013c,0x0fe4,0x04bc,0x0fc2,0x023e,0x0fe4,0x0224,0x0ffe,0x0820,0x0818,0x0606,0x0000,
    0x0000,0x08f6,0x0aa2,0x0aaa,0x0ad6,0x0a78,0x0a84,0x0b7e,0x0a10,0x08fe,0x0854,0x0cfe,
    0x0000,0x0000,0x087c,0x0a82,0x0a7e,0x0a00,0x0afe,0x0aaa,0x0afe,0x0a44,0x087c,0x0844,
    0x0c7c,0x0000,0x0000,0x087c,0x0a82,0x0a7e,0x0a00,0x0aee,0x0aaa,0x0aaa,0x0aee,0x0844,
    0x08aa,0x0d12,0x0000,0x0000,0x0820,0x0bfe,0x0954,0x0b74,0x0ada,0x0a84,0x0afc,0x0a84,
    0x08fc,0x0882,0x0c82,0x0000,0x0000,0x0808,0x0a7c,0x0a44,0x0a7c,0x0a44,0x0afe,0x0a92,
    0x0afe,0x0892,0x08fe,0x0c44,0x0000,0x0000,0x0040,0x0040,0x0ffc,0x0840,0x0840,0x0840,
    0x0820,0x0820,0x0810,0x0808,0x0706,0x0000,0x0000,0x0100,0x011e,0x0fd0,0x0910,0x0912,
    0x0914,0x0888,0x0888,0x0854,0x0444,0x0302,0x0000,0x0000,0x0020,0x0020,0x03fc,0x0220,
    0x0224,0x0624,0x0a22,0x0a12,0x0210,0x0208,0x0186,0x0000,0x0000,0x0100,0x011e,0x0fe8,
    0x0908,0x0908,0x0908,0x0888,0x0888,0x0858,0x0446,0x0300,0x0000,0x0000,0x0008,0x0f08,
    0x097e,0x0948,0x0948,0x0948,0x0944,0x0944,0x0942,0x0922,0x0f18,0x0000,0x0000,0x0010,
    0x07f8,0x0406,0x0318,0x00e0,0x0f1e,0x0040,0x07fc,0x0420,0x0410,0x030e,0x0000,0x0000,
    0x0248,0x0448,0x0864,0x0302,0x00f0,0x004e,0x0ff8,0x0840,0x0820,0x0418,0x0386,0x0000,
    0x0000,0x013e,0x0100,0x0f80,0x093e,0x0908,0x0904,0x0924,0x08a2,0x08b2,0x084e,0x0640,
    0x0000,0x0000,0x013c,0x0124,0x0fe4,0x093c,0x0924,0x0924,0x093c,0x08a4,0x08a4,0x0864,
    0x061e,0x0000,0x0000,0x0f88,0x087e,0x0924,0x0526,0x0638,0x09c6,0x0040,0x07fc,0x0420,
    0x0410,0x030c,0x0000,0x0000,0x0108,0x013e,0x0fc8,0x0908,0x0908,0x093e,0x0908,0x0888,
    0x08a4,0x0422,0x033e,0x0000,0x0000,0x0104,0x013c,0x0fe2,0x0922,0x092e,0x092a,0x092a,
    0x08ae,0x08a0,0x0410,0x030c,0x0000,0x0000,0x013e,0x0124,0x0fe4,0x0922,0x091a,0x0900,
    0x093e,0x08a2,0x08a2,0x0422,0x033e,0x0000,0x0000,0x017e,0x0102,0x0ffe,0x090a,0x090a,
    0x097a,0x094a,0x094a,0x08c8,0x0844,0x0634,0x0000,0x0000,0x013e,0x0120,0x0f90,0x0928,
    0x0946,0x0900,0x093e,0x0888,0x0888,0x0438,0x0306,0x0000,0x0000,0x0110,0x0ffe,0x0110,
    0x0000,0x0ffe,0x0802,0x0040,0x07fc,0x0420,0x0418,0x0306,0x0000,0x0000,0x013e,0x0102,
    0x0fba,0x0912,0x0912,0x093a,0x0912,0x0892,0x08ba,0x0402,0x033e,0x0000,0x0000,0x0108,
    0x013e,0x0fc8,0x0908,0x093e,0x0900,0x0900,0x08be,0x08a2,0x0422,0x033e,0x0000,0x0000,
    0x0108,0x017e,0x0f88,0x0904,0x0922,0x0914,0x0908,0x08a6,0x0890,0x0428,0x0346,0x0000,
    0x0000,0x0108,0x07be,0x0508,0x0558,0x048e,0x0948,0x0844,0x07fe,0x0420,0x0410,0x030c,
    0x0000,0x0000,0x017e,0x0114,0x0fd4,0x092a,0x0954,0x0954,0x0900,0x08be,0x0888,0x0408,
    0x033e,0x0000,0x0000,0x0108,0x013e,0x0fc8,0x093e,0x0922,0x091c,0x0890,0x0888,0x087e,
    0x0448,0x030c,0x0000,0x0000,0x03fc,0x0100,0x07fc,0x0444,0x07fc,0x0444,0x0444,0x0ffe,
    0x0820,0x0818,0x0706,0x0000,0x0000,0x011c,0x0112,0x0fc8,0x093e,0x092a,0x092a,0x08be,
    0x0894,0x0614,0x0012,0x0fe2,0x0000,0x0000,0x013e,0x0122,0x0ffe,0x0900,0x093e,0x0922,
    0x092a,0x08aa,0x08aa,0x0414,0x0322,0x0000,0x0000,0x0110,0x013e,0x0fc0,0x093c,0x0924,
    0x0924,0x08bc,0x0890,0x0854,0x0452,0x0318,0x0000,0x0000,0x0114,0x013e,0x0fd4,0x091c,
    0x0908,0x093e,0x092a,0x08be,0x0888,0x043e,0x0308,0x0000,0x0000,0x013e,0x0108,0x0ffe,
    0x092a,0x093e,0x092a,0x093e,0x0888,0x08be,0x0408,0x033e,0x0000,0x0000,0x0124,0x013e,
    0x0fe4,0x093c,0x0924,0x0924,0x097e,0x08aa,0x08e6,0x0402,0x037c,0x0000,0x0000,0x013e,
    0x0f20,0x04d4,0x0508,0x033e,0x0ce8,0x0128,0x0fdc,0x090a,0x0888,0x064c,0x0000,0x0000,
    0x013e,0x0122,0x0ffe,0x0900,0x093e,0x0922,0x093e,0x08a2,0x08be,0x0414,0x0322,0x0000,
    0x0000,0x094e,0x054a,0x0fea,0x028e,0x0fea,0x044a,0x092e,0x0fda,0x090a,0x088a,0x066a,
    0x0000,0x0000,0x0954,0x0552,0x02a8,0x0444,0x0ffe,0x0842,0x07fc,0x0420,0x0420,0x0410,
    0x038c,0x0000,0x0000,0x0110,0x0ffe,0x0110,0x03f8,0x0208,0x0ffe,0x0208,0x07fc,0x0a22,
    0x0210,0x018c,0x0000,0x0000,0x017e,0x014a,0x0fec,0x095a,0x0948,0x0938,0x0946,0x08b0,
    0x088c,0x0430,0x030e,0x0000,0x0000,0x0108,0x07fe,0x0508,0x057e,0x04a4,0x095e,0x0848,
    0x07fe,0x0420,0x0410,0x030c,0x0000,0x0000,0x0114,0x013e,0x0fd4,0x093e,0x092a,0x092a,
    0x093e,0x0888,0x08be,0x0408,0x033e,0x0000,0x0000,0x0f88,0x0abe,0x0fa8,0x0aa8,0x0aa4,
    0x0ffe,0x0254,0x0854,0x0954,0x0152,0x0e6a,0x0000,0x0000,0x017e,0x0122,0x0ffe,0x0952,
    0x097e,0x0952,0x08fe,0x0892,0x087e,0x044a,0x035a,0x0000,0x0000,0x0248,0x02fe,0x0faa,
    0x0aee,0x0a24,0x0a7c,0x0a16,0x097c,0x0914,0x0814,0x067c,0x0000,0x0000,0x0008,0x0ff8,
    0x0804,0x0804,0x0822,0x0822,0x0840,0x0840,0x0800,0x0400,0x0300,0x0000,0x0000,0x0008,
    0x0ff8,0x0804,0x0804,0x08f2,0x0802,0x0800,0x09c0,0x083c,0x0400,0x0300,0x0000,0x0000,
    0x0008,0x0ff8,0x0804,0x0824,0x0822,0x0812,0x0890,0x0888,0x08f8,0x0400,0x0300,0x0000,
    0x0000,0x0008,0x0ff8,0x0924,0x0924,0x0922,0x0912,0x0890,0x0888,0x0844,0x0420,0x0300,
    0x0000,0x0000,0x0008,0x0ff8,0x0804,0x0804,0x0832,0x08c2,0x0800,0x09c0,0x083c,0x0400,
    0x0300,0x0000,0x0000,0x0008,0x07f8,0x0404,0x04fc,0x048a,0x048a,0x04f8,0x0308,0x0008,
    0x0808,0x0ff8,0x0000,0x0000,0x0008,0x0ff8,0x0924,0x0924,0x0922,0x091a,0x08f0,0x0b88,
    0x0844,0x0420,0x0300,0x0000,0x0000,0x0008,0x0ff8,0x0804,0x088c,0x0952,0x0922,0x0954,
    0x098c,0x0904,0x09fc,0x0600,0x0000,0x0000,0x0008,0x0ff8,0x08a4,0x09fc,0x0822,0x09fe,
    0x0924,0x09fc,0x0924,0x09a4,0x0600,0x0000,0x0000,0x0088,0x0fbe,0x0854,0x0ba2,0x0abe,
    0x0a80,0x0bbe,0x0c84,0x00be,0x08a2,0x0f18,0x0000,0x0000,0x0008,0x0ff8,0x0804,0x09fc,
    0x088a,0x09fe,0x0924,0x09fc,0x0924,0x09fc,0x0600,0x0000,0x0000,0x0004,0x0004,0x0604,
    0x0184,0x0064,0x001c,0x0004,0x0804,0x0804,0x0804,0x0ff8,0x0000,0x0000,0x0090,0x0090,
    0x0888,0x0488,0x028c,0x018a,0x0088,0x0088,0x0888,0x0888,0x0f08,0x0000,0x0000,0x0090,
    0x0090,0x0c90,0x039e,0x0090,0x0090,0x0090,0x0098,0x0896,0x0890,0x0f10,0x0000,0x0000,
    0x00be,0x0ca2,0x03be,0x00a2,0x00be,0x0880,0x08be,0x0f08,0x003a,0x000e,0x0ff2,0x0000,
    0x0000,0x0ffe,0x0082,0x0082,0x07f2,0x0492,0x0492,0x0492,0x0692,0x0082,0x0002,0x0ffe,
    0x0000,0x0000,0x0ffe,0x0002,0x03f2,0x0012,0x0012,0x07f2,0x0112,0x010a,0x010a,0x0102,
    0x0ffe,0x0000,0x0000,0x0ffe,0x0002,0x0ffa,0x0082,0x0082,0x07f2,0x0082,0x0082,0x0ffa,
    0x0002,0x0ffe,0x0000,0x0000,0x0ffe,0x0002,0x07f2,0x0492,0x07f2,0x0492,0x07f2,0x0082,
    0x0082,0x0082,0x0ffe,0x0000,0x0000,0x0ffe,0x0142,0x0142,0x0f7a,0x0142,0x0772,0x0142,
    0x0f7a,0x0122,0x0112,0x0ffe,0x0000,0x0000,0x0ffe,0x0082,0x028a,0x07d2,0x016a,0x07d2,
    0x0142,0x0152,0x07ca,0x0002,0x0ffe,0x0000,0x0000,0x0ffe,0x0082,0x03f2,0x0292,0x07fa,
    0x0212,0x03f2,0x0212,0x03f2,0x040a,0x0ffe,0x0000,0x0000,0x0ffe,0x0122,0x0122,0x0122,
    0x0122,0x0112,0x0f0e,0x0002,0x0002,0x0002,0x0ffc,0x0000,0x0000,0x0ffe,0x0002,0x0412,
    0x0222,0x0142,0x0082,0x0142,0x0222,0x0412,0x0002,0x0ffc,0x0000,0x0000,0x0ffe,0x0012,
    0x07f2,0x0092,0x008a,0x07fa,0x0142,0x0222,0x041a,0x0002,0x0ffe,0x0000,0x0000,0x0ffe,
    0x000a,0x07fa,0x040a,0x07fa,0x000a,0x07fa,0x0556,0x07f2,0x0552,0x0ffc,0x0000,0x0000,
    0x0ffe,0x0112,0x07fa,0x0112,0x0042,0x07fa,0x0022,0x03f2,0x021a,0x0212,0x0ffc,0x0000,
    0x0000,0x0ffe,0x0002,0x01e2,0x0122,0x01e2,0x0002,0x077a,0x054a,0x077a,0x0002,0x0ffc,
    0x0000,0x0000,0x0040,0x0040,0x0040,0x0040,0x0ffe,0x0040,0x0040,0x0040,0x0040,0x0040,
    0x0040,0x0000,0x0000,0x0780,0x007c,0x0040,0x0040,0x0040,0x0ffe,0x0040,0x0040,0x0040,
    0x0040,0x0040,0x0000,0x0000,0x0110,0x0110,0x0110,0x0110,0x0ffe,0x0110,0x0110,0x0110,
    0x0110,0x0110,0x0110,0x0000,0x0000,0x0444,0x0444,0x0444,0x0444,0x0ffe,0x0444,0x0444,
    0x0444,0x0444,0x0442,0x0442,0x0000,0x0000,0x0260,0x021c,0x0210,0x0210,0x0210,0x0ffe,
    0x0210,0x0208,0x0208,0x0204,0x0204,0x0000,0x0000,0x0008,0x07f8,0x0044,0x0044,0x0040,
    0x0040,0x0ffe,0x0040,0x0040,0x0040,0x0040,0x0000,0x0000,0x0040,0x0ffe,0x0040,0x0250,
    0x0210,0x0210,0x0ffe,0x0210,0x0210,0x0208,0x0206,0x0000,0x0000,0x0040,0x0444,0x0248,
    0x0040,0x07fc,0x0040,0x0040,0x0ffe,0x0040,0x0040,0x0040,0x0000,0x0000,0x087e,0x0840,
    0x0840,0x0840,0x0840,0x0ffe,0x0042,0x0042,0x0042,0x0042,0x0fc2,0x0000,0x0000,0x0090,
    0x0c88,0x038e,0x00c8,0x0888,0x0f08,0x0000,0x0040,0x0ffe,0x0040,0x0040,0x0000,0x0000,
    0x0084,0x0084,0x03e4,0x028e,0x02a4,0x06a4,0x0a94,0x0a44,0x0244,0x0224,0x0194,0x0000,
    0x0000,0x0020,0x07fc,0x0444,0x07fc,0x0444,0x0444,0x07fc,0x0120,0x0110,0x0ffe,0x0100,
    0x0000,0x0000,0x0040,0x0ffe,0x0110,0x0110,0x02a8,0x0444,0x0040,0x0ffe,0x0040,0x0040,
    0x0040,0x0000,0x0000,0x0040,0x07c0,0x0040,0x03f8,0x0208,0x03f8,0x0208,0x03f8,0x0040,
    0x0ffe,0x0040,0x0000,0x0000,0x0084,0x07e4,0x0484,0x049e,0x0444,0x0ff4,0x0aa4,0x0aa4,
    0x0aa4,0x0994,0x0cd4,0x0000,0x0000,0x0208,0x0110,0x07fc,0x0444,0x07fc,0x0444,0x0444,
    0x07fc,0x0040,0x0ffe,0x0040,0x0000,0x0000,0x0040,0x07fc,0x0040,0x0ffe,0x0890,0x04a4,
    0x0088,0x0ffe,0x0140,0x0230,0x0c0e,0x0000,0x0000,0x0040,0x0ffe,0x0040,0x0ffe,0x0912,
    0x0892,0x0bfa,0x0842,0x0bfa,0x0842,0x0c42,0x0000,0x0000,0x0904,0x0ff4,0x0104,0x0fee,
    0x0924,0x0fe4,0x0924,0x0ff4,0x0404,0x0444,0x0684,0x0000,0x0000,0x0010,0x0010,0x0010,
    0x0010,0x0030,0x00d0,0x0310,0x0010,0x0010,0x0010,0x0010,0x0000,0x0000,0x0040,0x0ffe,
    0x0040,0x0040,0x01c0,0x0640,0x0040,0x0040,0x0040,0x0040,0x0040,0x0000,0x0000,0x0040,
    0x0040,0x07c0,0x0040,0x0040,0x0040,0x07fc,0x0404,0x0404,0x0404,0x07fc,0x0000,0x0000,
    0x0020,0x03e0,0x0020,0x0020,0x0ffe,0x0020,0x0060,0x01a0,0x0620,0x0020,0x0020,0x0000,
    0x0000,0x0040,0x0fc0,0x0040,0x07fc,0x0404,0x0404,0x07fc,0x0004,0x0004,0x0002,0x0002,
    0x0000,0x0000,0x0040,0x0fc0,0x0040,0x0ffe,0x0a02,0x091a,0x08a2,0x08c2,0x0922,0x0a12,
    0x0ffe,0x0000,0x0000,0x0210,0x027e,0x0210,0x0210,0x06fe,0x0a10,0x1210,0x027e,0x0210,
    0x0210,0x02fe,0x0000,0x0000,0x017e,0x0112,0x0112,0x013e,0x0322,0x0522,0x093e,0x0112,
    0x0112,0x0112,0x017e,0x0000,0x0000,0x07fc,0x0420,0x0420,0x0420,0x0420,0x0420,0x0320,
    0x0020,0x0020,0x0020,0x0ffe,0x0000,0x0000,0x0700,0x00fc,0x0004,0x0ffc,0x0004,0x03e4,
    0x0224,0x0224,0x0322,0x0822,0x0fc0,0x0000,0x0000,0x0f60,0x091c,0x0904,0x0944,0x0944,
    0x0944,0x0974,0x094e,0x0d40,0x0120,0x0118,0x0000,0x0000,0x0030,0x0f8e,0x0882,0x0882,
    0x08be,0x0882,0x0882,0x0882,0x0882,0x0ebe,0x0080,0x0000,0x0000,0x01f0,0x0108,0x0084,
    0x0ffe,0x0004,0x03e4,0x0224,0x0224,0x0324,0x0822,0x0fe2,0x0000,0x0000,0x0fbe,0x08a2,
    0x08a2,0x08be,0x08a2,0x08a2,0x08be,0x0892,0x0892,0x0eaa,0x00a6,0x0000,0x0000,0x0f88,
    0x08be,0x0888,0x0888,0x0888,0x08fe,0x0884,0x0884,0x08a2,0x0ebe,0x00a0,0x0000,0x0000,
    0x0f60,0x091c,0x0904,0x0b4c,0x0d54,0x0944,0x0974,0x094e,0x0d40,0x0120,0x0118,0x0000,
    0x0000,0x0448,0x0248,0x07fc,0x0120,0x0ffe,0x0210,0x05f8,0x090e,0x0188,0x0408,0x07f8,
    0x0000,0x0000,0x0004,0x0f7c,0x0912,0x0912,0x097e,0x0910,0x0970,0x0912,0x0912,0x0d72,
    0x010e,0x0000,0x0000,0x0f10,0x0908,0x09fc,0x0954,0x0954,0x0954,0x0954,0x0954,0x0df4,
    0x011e,0x0100,0x0000,0x0000,0x0f28,0x0944,0x0902,0x0910,0x0928,0x0944,0x0902,0x097c,
    0x0d44,0x0144,0x017c,0x0000,0x0000,0x0ef8,0x0aa6,0x0ae2,0x0aaa,0x0aaa,0x0aea,0x0a2a,
    0x0aae,0x0ea8,0x02e4,0x0284,0x0000,0x0000,0x0ffc,0x0004,0x0004,0x0004,0x0004,0x0004,
    0x0004,0x0004,0x0004,0x0002,0x0002,0x0000,0x0000,0x0ffc,0x0004,0x0004,0x07e4,0x0424,
    0x0424,0x0724,0x0024,0x0824,0x0822,0x0fc2,0x0000,0x0000,0x0ffc,0x0004,0x0004,0x0ff4,
    0x0104,0x0104,0x0104,0x0104,0x0102,0x0102,0x01c0,0x0000,0x0000,0x0ffc,0x0084,0x0084,
    0x0ff4,0x0884,0x0884,0x0884,0x0844,0x0842,0x0422,0x0318,0x0000,0x0000,0x0ffc,0x0004,
    0x0004,0x0ff4,0x0044,0x0044,0x0fc4,0x0844,0x0822,0x0422,0x0300,0x0000,0x0000,0x0ffc,
    0x0004,0x0104,0x0104,0x0104,0x0ff4,0x0104,0x0504,0x0902,0x0102,0x0ff8,0x0000,0x0000,
    0x0ffc,0x0004,0x0484,0x0884,0x0ff4,0x0084,0x0084,0x0144,0x0142,0x0222,0x0c18,0x0000,
    0x0000,0x0ffe,0x0002,0x08fa,0x0a8a,0x0aaa,0x0aaa,0x0aaa,0x0aaa,0x0822,0x0852,0x0c88,
    0x0000,0x0000,0x0ffc,0x0824,0x06a4,0x00fc,0x0c24,0x0324,0x0064,0x0c54,0x0352,0x084a,
    0x0f88,0x0000,0x0000,0x0ffc,0x0004,0x0ff4,0x0914,0x0ff4,0x0914,0x0ff4,0x0104,0x0ff2,
    0x0102,0x0ff8,0x0000,0x0000,0x0ffc,0x0004,0x07f4,0x0414,0x07f4,0x0414,0x07f4,0x0204,
    0x0ff2,0x0102,0x01c0,0x0000,0x0000,0x0ffc,0x0244,0x0ff4,0x0244,0x0ffc,0x0004,0x07f4,
    0x0414,0x07f2,0x0412,0x07f0,0x0000,0x0000,0x0ffc,0x0084,0x07f4,0x0414,0x07f4,0x0414,
    0x07f4,0x0084,0x0492,0x088a,0x00c0,0x0000,0x0000,0x0ffc,0x0024,0x0fa4,0x08fc,0x0fa4,
    0x08b4,0x08b4,0x0fea,0x08aa,0x08a2,0x0fa0,0x0000,0x0000,0x0ffc,0x0144,0x0124,0x0f7c,
    0x0a94,0x0a94,0x0254,0x057c,0x0512,0x088a,0x0848,0x0000,0x0000,0x0ffc,0x0084,0x0ff4,
    0x0814,0x0ff4,0x0814,0x0ff4,0x0424,0x045a,0x03c2,0x0c38,0x0000,0x0000,0x0ffc,0x0004,
    0x09fc,0x0804,0x0ff4,0x0894,0x08f4,0x0944,0x0a52,0x0852,0x0cf8,0x0000,0x0000,0x0ffe,
    0x0002,0x0f7a,0x054a,0x057a,0x054a,0x0ffa,0x040a,0x062a,0x054a,0x0cba,0x0000,0x0000,
    0x0ffe,0x024a,0x0a7a,0x0f82,0x027a,0x024a,0x067a,0x054a,0x057a,0x08ca,0x086a,0x0000,
    0x0000,0x0ffe,0x044a,0x03fe,0x014a,0x0f7a,0x054a,0x054a,0x05fe,0x0502,0x044a,0x0484,
    0x0000,0x0000,0x0ffc,0x0244,0x0ff4,0x0244,0x07f4,0x0494,0x07f4,0x0494,0x0ffa,0x0a8a,
    0x0be8,0x0000,0x0000,0x0040,0x07fc,0x0040,0x0040,0x0040,0x0ffe,0x0020,0x0220,0x0210,
    0x0588,0x0478,0x0000,0x0000,0x03f8,0x0208,0x03f8,0x0208,0x03f8,0x0208,0x0ffe,0x0120,
    0x0210,0x0588,0x047c,0x0000,0x0000,0x0120,0x0210,0x07fc,0x0040,0x0ffe,0x0208,0x05f4,
    0x0802,0x01f0,0x0000,0x07fc,0x0000,0x0000,0x0120,0x0210,0x07fc,0x0040,0x0ffe,0x0220,
    0x0518,0x08c6,0x0230,0x0180,0x0078,0x0000,0x0000,0x0120,0x0210,0x07fc,0x0514,0x0fbe,
    0x0290,0x0468,0x0986,0x0270,0x0180,0x0078,0x0000,0x0000,0x07fc,0x0400,0x0400,0x0410,
    0x0210,0x0210,0x0120,0x00a0,0x00c0,0x0330,0x0c0e,0x0000,0x0000,0x07fc,0x0400,0x0420,
    0x0440,0x0288,0x0208,0x0110,0x00a0,0x00c0,0x0330,0x0c0e,0x0000,0x0000,0x03fc,0x0210,
    0x0110,0x0090,0x07f0,0x0408,0x0448,0x0284,0x0104,0x02c2,0x0c38,0x0000,0x0000,0x0020,
    0x0ffe,0x0020,0x03e0,0x0210,0x0210,0x0228,0x0144,0x0182,0x0260,0x0c1c,0x0000,0x0000,
    0x0fbe,0x0820,0x0820,0x08a4,0x08a8,0x0510,0x0530,0x0248,0x0304,0x04c2,0x0830,0x0000,
    0x0000,0x0ffc,0x0004,0x0004,0x07fc,0x0404,0x0424,0x0224,0x0242,0x0182,0x0260,0x0c1c,
    0x0000,0x0000,0x0224,0x0424,0x0ffe,0x0020,0x03e0,0x0210,0x0228,0x0144,0x0182,0x0260,
    0x0c1c,0x0000,0x0000,0x0f88,0x0838,0x0808,0x0888,0x08be,0x0508,0x052a,0x022a,0x032a,
    0x0488,0x086c,0x0000,0x0000,0x007e,0x0fa4,0x083c,0x08a4,0x08a4,0x053c,0x0524,0x0224,
    0x033c,0x04a6,0x0860,0x0000,0x0000,0x05fc,0x0420,0x0244,0x0108,0x0ffe,0x0802,0x0bfa,
    0x0200,0x0110,0x00e0,0x071c,0x0000,0x0000,0x0040,0x0ffe,0x0120,0x0524,0x0922,0x0000,
    0x03fc,0x0208,0x0108,0x00f0,0x0f0e,0x0000,0x0000,0x0f98,0x0824,0x0802,0x08be,0x0888,
    0x0508,0x053e,0x0208,0x022a,0x052a,0x08cc,0x0000,0x0000,0x0fc8,0x006a,0x005a,0x07c8,
    0x045e,0x0448,0x0528,0x052e,0x0208,0x0584,0x0864,0x0000,0x0000,0x0010,0x074c,0x0444,
    0x075c,0x0444,0x075c,0x0040,0x0ffe,0x0208,0x01f0,0x0e0e,0x0000,0x0000,0x03fc,0x0210,
    0x0110,0x0ffe,0x0924,0x0514,0x0ffe,0x0a0a,0x03f8,0x0208,0x0ffe,0x0000,0x0000,0x02a8,
    0x0ffe,0x0110,0x07fc,0x0040,0x0ffe,0x0424,0x04bc,0x02a4,0x033c,0x0ce6,0x0000,0x0000,
    0x0000,0x07fc,0x0404,0x0404,0x0404,0x0404,0x0404,0x0404,0x0404,0x07fc,0x0404,0x0000,
    0x0000,0x0040,0x0040,0x0ffe,0x0040,0x0040,0x0040,0x03f8,0x0208,0x0208,0x0208,0x03f8,
    0x0000,0x0000,0x0008,0x0ff8,0x0804,0x0804,0x08f2,0x0892,0x0890,0x0890,0x08f0,0x0400,
    0x0300,0x0000,0x0000,0x07fc,0x0404,0x0404,0x07fc,0x0040,0x0040,0x0ffe,0x0840,0x0820,
    0x0418,0x0386,0x0000,0x0000,0x0fe0,0x091e,0x0912,0x0912,0x0912,0x0892,0x0892,0x0852,
    0x0852,0x041e,0x0300,0x0000,0x0000,0x0fde,0x0852,0x0852,0x0852,0x0852,0x0852,0x0852,
    0x0852,0x0e5e,0x0040,0x0040,0x0000,0x0000,0x07fc,0x0404,0x0404,0x0404,0x0404,0x07fc,
    0x0000,0x0000,0x0208,0x0404,0x0802,0x0000,0x0000,0x0400,0x049e,0x0492,0x0492,0x0492,
    0x0492,0x0c92,0x0792,0x0472,0x041e,0x0400,0x0000,0x0000,0x0ffc,0x0880,0x0840,0x0830,
    0x060c,0x0000,0x07f8,0x0408,0x0408,0x0408,0x07f8,0x0000,0x0000,0x0780,0x041e,0x0412,
    0x0492,0x0492,0x0492,0x0492,0x0852,0x0852,0x083e,0x0820,0x0000,0x0000,0x0fe0,0x021e,
    0x0212,0x0212,0x0212,0x0212,0x0212,0x0212,0x0212,0x021e,0x0380,0x0000,0x0000,0x0ffe,
    0x0200,0x0200,0x023c,0x0224,0x0224,0x0224,0x023c,0x0200,0x0200,0x0380,0x0000,0x0000,
    0x0010,0x0110,0x0208,0x0404,0x0ffe,0x0800,0x03f8,0x0208,0x0208,0x0208,0x03f8,0x0000,
    0x0000,0x0080,0x089e,0x0492,0x0292,0x0192,0x0092,0x00d2,0x00b2,0x0892,0x089e,0x0f00,
    0x0000,0x0000,0x0040,0x07fc,0x0444,0x0444,0x0444,0x07fc,0x0040,0x0058,0x0060,0x0198,
    0x0e06,0x0000,0x0000,0x0040,0x0ffe,0x0040,0x0040,0x0020,0x07f0,0x0418,0x0416,0x0410,
    0x0410,0x07f0,0x0000,0x0000,0x0ffe,0x0002,0x0002,0x03f2,0x0212,0x0212,0x0212,0x03f2,
    0x0002,0x0002,0x0ffe,0x0000,0x0000,0x0200,0x021e,0x0212,0x0ff2,0x0212,0x0212,0x0212,
    0x0212,0x0212,0x021e,0x0200,0x0000,0x0000,0x03f8,0x0208,0x0208,0x03f8,0x0000,0x0ffe,
    0x0010,0x07f8,0x0408,0x0200,0x01c0,0x0000,0x0000,0x07fe,0x0400,0x0400,0x047c,0x0400,
    0x0400,0x047c,0x0444,0x0444,0x047c,0x0600,0x0000,0x0000,0x0fc0,0x081e,0x0812,0x0892,
    0x0892,0x0512,0x0512,0x0212,0x0312,0x049e,0x0860,0x0000,0x0000,0x0100,0x011e,0x0ff2,
    0x0912,0x0912,0x0912,0x0892,0x0892,0x0852,0x045e,0x0300,0x0000,0x0000,0x0fe0,0x081e,
    0x0812,0x0812,0x0a12,0x0912,0x0892,0x0872,0x0812,0x041e,0x0300,0x0000,0x0000,0x07c0,
    0x045e,0x0452,0x0452,0x0452,0x0452,0x0452,0x0452,0x0452,0x045e,0x0c20,0x0000,0x0000,
    0x0fc0,0x021e,0x0212,0x0212,0x0212,0x0ff2,0x0212,0x0212,0x0212,0x021e,0x0380,0x0000,
    0x0000,0x0040,0x0fde,0x0032,0x0012,0x07d2,0x0212,0x0112,0x0092,0x0852,0x085e,0x0f80,
    0x0000,0x0000,0x0010,0x03f0,0x0208,0x0124,0x00c0,0x0330,0x0c0e,0x03f8,0x0208,0x0208,
    0x03f8,0x0000,0x0000,0x0080,0x009e,0x0492,0x0452,0x0252,0x02f2,0x0112,0x0492,0x045e,
    0x0b20,0x08e0,0x0000,0x0000,0x00e0,0x0110,0x0208,0x05f4,0x0802,0x0000,0x03f8,0x0208,
    0x0208,0x0208,0x03f8,0x0000,0x0000,0x0040,0x0ffe,0x0040,0x0040,0x07fc,0x0000,0x0000,
    0x03f8,0x0208,0x0208,0x03f8,0x0000,0x0000,0x03f8,0x0208,0x0208,0x03f8,0x0040,0x0040,
    0x0ffe,0x0842,0x0842,0x0c42,0x0040,0x0000,0x0000,0x0400,0x041e,0x0ff2,0x0412,0x0412,
    0x0452,0x0492,0x0412,0x0412,0x041e,0x0700,0x0000,0x0000,0x0ffe,0x0802,0x0802,0x0bfa,
    0x0802,0x0802,0x09f2,0x0912,0x0912,0x09f2,0x0c02,0x0000,0x0000,0x0040,0x07e0,0x0410,
    0x022c,0x0140,0x0080,0x0fe0,0x0838,0x0826,0x0820,0x0fe0,0x0000,0x0000,0x0700,0x00fc,
    0x0004,0x0004,0x0ffc,0x0004,0x0004,0x07f4,0x0412,0x0412,0x07f0,0x0000,0x0000,0x0040,
    0x0ffe,0x0040,0x07fc,0x0444,0x0444,0x07fc,0x0050,0x0060,0x0190,0x0e0e,0x0000,0x0000,
    0x0100,0x011e,0x0112,0x0ff2,0x0112,0x0112,0x0112,0x0112,0x0112,0x011e,0x0fe0,0x0000,
    0x0000,0x0040,0x0020,0x0ffe,0x0802,0x0802,0x09f2,0x0912,0x0912,0x09f2,0x0802,0x0e02,
    0x0000,0x0000,0x0e00,0x01de,0x0112,0x0112,0x0112,0x0ff2,0x0112,0x0112,0x0912,0x091e,
    0x0e00,0x0000,0x0000,0x0fc0,0x011e,0x0112,0x0112,0x0312,0x0512,0x0912,0x0912,0x0112,
    0x011e,0x0100,0x0000,0x0000,0x07fc,0x0404,0x0404,0x0404,0x07fc,0x0000,0x0ffe,0x0802,
    0x0802,0x0802,0x0ffe,0x0000,0x0000,0x0820,0x045e,0x0292,0x0112,0x0112,0x0112,0x0112,
    0x0112,0x0112,0x011e,0x0100,0x0000,0x0000,0x07f0,0x040e,0x044a,0x044a,0x022a,0x022a,
    0x0fea,0x080a,0x0bfa,0x080e,0x0600,0x0000,0x0000,0x07f8,0x0440,0x0ffe,0x0440,0x0440,
    0x07fc,0x0020,0x07f8,0x0416,0x0410,0x07f0,0x0000,0x0000,0x0040,0x0ffe,0x0208,0x0110,
    0x00e0,0x0318,0x0c06,0x03f8,0x0208,0x0208,0x03f8,0x0000,0x0000,0x07fc,0x0040,0x0040,
    0x0ffe,0x0120,0x0210,0x07f8,0x0a0e,0x0208,0x0208,0x03f8,0x0000,0x0000,0x0780,0x085e,
    0x0032,0x0fd2,0x0012,0x0012,0x0fd2,0x0812,0x0812,0x041e,0x0300,0x0000,0x0000,0x0500,
    0x090e,0x010a,0x0ffa,0x010a,0x010a,0x010a,0x028a,0x028a,0x044e,0x0830,0x0000,0x0000,
    0x0ffe,0x0080,0x0040,0x0260,0x0458,0x0846,0x0040,0x03f8,0x0208,0x0208,0x03f8,0x0000,
    0x0000,0x0fe0,0x092e,0x092a,0x092a,0x092a,0x0fea,0x002a,0x002a,0x082e,0x0820,0x0fc0,
    0x0000,0x0000,0x0100,0x0fde,0x0112,0x0912,0x0952,0x0952,0x0fd2,0x0112,0x0112,0x091e,
    0x0f00,0x0000,0x0000,0x0740,0x044e,0x042a,0x082a,0x080a,0x0fea,0x044a,0x044a,0x044a,
    0x042e,0x0320,0x0000,0x0000,0x01f0,0x0208,0x05f4,0x0802,0x03f8,0x0100,0x0080,0x07fc,
    0x0404,0x0404,0x07fc,0x0000,0x0000,0x0c00,0x03de,0x0052,0x0052,0x0fd2,0x0452,0x0452,
    0x0452,0x0452,0x043e,0x0420,0x0000,0x0000,0x0100,0x0ffe,0x0012,0x0012,0x07d2,0x0452,
    0x0452,0x0452,0x0452,0x043e,0x0c20,0x0000,0x0000,0x0080,0x044e,0x044a,0x0bfa,0x080a,
    0x024a,0x024a,0x024a,0x0a4e,0x0a20,0x0e18,0x0000,0x0000,0x0040,0x0080,0x0ffc,0x0804,
    0x0804,0x0ffc,0x0004,0x0ff4,0x0812,0x0812,0x0ff0,0x0000,0x0000,0x0100,0x0ffe,0x0112,
    0x0112,0x07d2,0x0412,0x0452,0x0452,0x029e,0x0380,0x0c70,0x0000,0x0000,0x03f0,0x0214,
    0x0214,0x03f4,0x0004,0x07fc,0x0440,0x0ffe,0x00a0,0x0310,0x0c0e,0x0000,0x0000,0x03f8,
    0x0208,0x0208,0x03f8,0x0000,0x07fc,0x0040,0x0ffe,0x00a0,0x0318,0x0c06,0x0000,0x0000,
    0x0100,0x011e,0x0552,0x0952,0x0132,0x0112,0x0192,0x0812,0x041e,0x0300,0x00e0,0x0000,
    0x0000,0x01c0,0x010e,0x0fea,0x092a,0x092a,0x092a,0x0aaa,0x0c6a,0x082a,0x082e,0x0c20,
    0x0000,0x0000,0x07f0,0x044e,0x024a,0x014a,0x074a,0x042a,0x04aa,0x051a,0x020a,0x058e,
    0x0860,0x0000,0x0000,0x0040,0x0fde,0x0952,0x0932,0x0512,0x0112,0x0112,0x0292,0x029e,
    0x0440,0x0830,0x0000,0x0000,0x0020,0x0fee,0x0aaa,0x0a9a,0x0a4a,0x094a,0x092a,0x08aa,
    0x088a,0x040e,0x0300,0x0000,0x0000,0x05f0,0x050e,0x048a,0x044a,0x044a,0x05ca,0x047a,
    0x044a,0x044a,0x044e,0x0c60,0x0000,0x0000,0x0220,0x022e,0x0fea,0x022a,0x022a,0x020a,
    0x0ffa,0x020a,0x020a,0x020e,0x0200,0x0000,0x0000,0x0ffe,0x0040,0x03f8,0x0220,0x0220,
    0x0ffe,0x0000,0x03f8,0x0208,0x0208,0x03f8,0x0000,0x0000,0x0fc0,0x041e,0x0452,0x0452,
    0x0452,0x0fd2,0x0512,0x0512,0x049e,0x0440,0x0630,0x0000,0x0000,0x07fc,0x0404,0x0404,
    0x07fc,0x0040,0x0020,0x0ffe,0x0802,0x0802,0x0802,0x0ffe,0x0000,0x0000,0x0fe0,0x002e,
    0x002a,0x07aa,0x04aa,0x04aa,0x04aa,0x06aa,0x00ae,0x0890,0x0f90,0x0000,0x0000,0x03f8,
    0x0208,0x0208,0x03f8,0x0040,0x0ffe,0x0040,0x0060,0x0358,0x0c46,0x0040,0x0000,0x0000,
    0x03f8,0x0208,0x0208,0x03f8,0x0000,0x07fc,0x0040,0x03f8,0x0040,0x0040,0x0ffe,0x0000,
    0x0000,0x0048,0x0048,0x07f8,0x0044,0x0042,0x0ffe,0x0000,0x03f8,0x0208,0x0208,0x03f8,
    0x0000,0x0000,0x0fc0,0x085e,0x0852,0x0852,0x0fd2,0x0252,0x0252,0x0452,0x045e,0x0820,
    0x0820,0x0000,0x0000,0x0100,0x0fee,0x092a,0x092a,0x092a,0x0aaa,0x0c6a,0x082a,0x082a,
    0x082e,0x0c20,0x0000,0x0000,0x0100,0x011e,0x0ff2,0x0112,0x0112,0x0292,0x0292,0x0452,
    0x0452,0x08ae,0x0910,0x0000,0x0000,0x0fe0,0x002e,0x042a,0x04aa,0x032a,0x022a,0x052a,
    0x08aa,0x086a,0x002e,0x0fe0,0x0000,0x0000,0x0fc0,0x085e,0x0a52,0x0a52,0x0a52,0x0a52,
    0x0a52,0x0a52,0x011e,0x0480,0x0860,0x0000,0x0000,0x07fc,0x0404,0x07fc,0x0000,0x07fc,
    0x0404,0x0444,0x0444,0x04a4,0x0318,0x0c06,0x0000,0x0000,0x0380,0x045e,0x0832,0x0012,
    0x07d2,0x0452,0x0452,0x0652,0x0052,0x085e,0x0f80,0x0000,0x0000,0x0080,0x07de,0x0452,
    0x0452,0x0652,0x0052,0x0fd2,0x0812,0x0bf2,0x081e,0x0600,0x0000,0x0000,0x0fe0,0x082e,
    0x082a,0x0fea,0x002a,0x00aa,0x0caa,0x03aa,0x00ae,0x0890,0x0f10,0x0000,0x0000,0x0380,
    0x045e,0x0832,0x07d2,0x0012,0x0012,0x0ff2,0x0892,0x0892,0x069e,0x0080,0x0000,0x0000,
    0x0240,0x022e,0x0f1a,0x0aaa,0x0aaa,0x0a4a,0x0a4a,0x092a,0x092a,0x0896,0x06f0,0x0000,
    0x0000,0x0ffc,0x0844,0x0844,0x09f4,0x0844,0x0bf4,0x0804,0x09f4,0x0914,0x09f2,0x0c02,
    0x0000,0x0000,0x0fe0,0x011e,0x0932,0x0552,0x0112,0x0112,0x0ff2,0x0112,0x0112,0x011e,
    0x0100,0x0000,0x0000,0x0fe0,0x02ae,0x02aa,0x02aa,0x02aa,0x04aa,0x04aa,0x04aa,0x0aaa,
    0x0bde,0x0810,0x0000,0x0000,0x0280,0x028e,0x02aa,0x0aaa,0x07aa,0x02aa,0x02aa,0x02aa,
    0x0aaa,0x0bae,0x0e70,0x0000,0x0000,0x0100,0x0fee,0x010a,0x010a,0x0ffa,0x010a,0x010a,
    0x038a,0x054e,0x0930,0x0100,0x0000,0x0000,0x0ff0,0x040e,0x040a,0x04ea,0x04aa,0x04aa,
    0x04aa,0x04ea,0x040a,0x040e,0x0700,0x0000,0x0000,0x0f20,0x082e,0x0afa,0x0aaa,0x0aaa,
    0x0aaa,0x0aaa,0x047a,0x05ca,0x0a2e,0x0920,0x0000,0x0000,0x0fe0,0x092e,0x092a,0x0fea,
    0x092a,0x092a,0x0fea,0x010a,0x010a,0x010e,0x0100,0x0000,0x0000,0x0fe0,0x021e,0x0212,
    0x0112,0x0192,0x0552,0x0932,0x0112,0x0112,0x001e,0x0fe0,0x0000,0x0000,0x0100,0x0fee,
    0x092a,0x092a,0x0fea,0x092a,0x092a,0x0fea,0x010a,0x010e,0x0100,0x0000,0x0000,0x0e00,
    0x01ee,0x010a,0x092a,0x054a,0x010a,0x0ffa,0x010a,0x010a,0x010e,0x01c0,0x0000,0x0000,
    0x00e0,0x0110,0x0208,0x05f4,0x0802,0x07bc,0x04a4,0x04a4,0x04a4,0x06bc,0x0080,0x0000,
    0x0000,0x07c0,0x045e,0x0452,0x07d2,0x0452,0x0452,0x07d2,0x0452,0x0452,0x045e,0x0fe0,
    0x0000,0x0000,0x0100,0x092e,0x092a,0x092a,0x0fea,0x010a,0x010a,0x092a,0x092a,0x092e,
    0x0fe0,0x0000,0x0000,0x0040,0x0fde,0x0832,0x0bd2,0x0a52,0x0a52,0x0bd2,0x0c52,0x0052,
    0x085e,0x0f80,0x0000,0x0000,0x0080,0x090e,0x080a,0x048a,0x04aa,0x0aaa,0x0aaa,0x09aa,
    0x008a,0x08ce,0x0f20,0x0000,0x0000,0x0040,0x0fde,0x0152,0x0132,0x0f12,0x0112,0x0112,
    0x0f12,0x0112,0x011e,0x0100,0x0000,0x0000,0x0060,0x0f9e,0x0890,0x0890,0x08fe,0x0890,
    0x0898,0x08b4,0x08d2,0x0f90,0x0010,0x0000,0x0000,0x013c,0x0124,0x02a4,0x045a,0x0832,
    0x01c8,0x0e06,0x03f8,0x0208,0x0208,0x03f8,0x0000,0x0000,0x0380,0x001e,0x03d2,0x0a12,
    0x06f2,0x0292,0x0292,0x0652,0x0a52,0x0a3e,0x0320,0x0000,0x0000,0x0440,0x044e,0x0faa,
    0x043a,0x042a,0x04aa,0x052a,0x042a,0x042a,0x042e,0x0620,0x0000,0x0000,0x07bc,0x04a4,
    0x04a4,0x07bc,0x0000,0x01f0,0x0110,0x0110,0x0910,0x0908,0x0e06,0x0000,0x0000,0x0080,
    0x009e,0x0792,0x0092,0x0092,0x0ff2,0x0092,0x0392,0x0c92,0x009e,0x0080,0x0000,0x0000,
    0x0200,0x021e,0x0fd2,0x0212,0x0212,0x0212,0x0fd2,0x0852,0x0852,0x085e,0x0fc0,0x0000,
    0x0000,0x0020,0x0e2e,0x0afa,0x0aaa,0x0aaa,0x0aaa,0x0aaa,0x0aaa,0x0a9e,0x0a88,0x0e60,
    0x0000,0x0000,0x0480,0x088e,0x0fea,0x028a,0x0a8a,0x0a8a,0x064a,0x024a,0x0b2a,0x0aae,
    0x0e10,0x0000,0x0000,0x0080,0x079e,0x0452,0x02b2,0x0112,0x0292,0x0c72,0x0192,0x021e,
    0x00c0,0x0700,0x0000,0x0000,0x0080,0x0ffe,0x0812,0x0b12,0x00f2,0x0092,0x0f92,0x00f2,
    0x0092,0x089e,0x0f80,0x0000,0x0000,0x0fe0,0x011e,0x0092,0x0852,0x0fd2,0x0212,0x0212,
    0x0fd2,0x0212,0x021e,0x0fe0,0x0000,0x0000,0x0100,0x0fee,0x010a,0x0fea,0x090a,0x0fea,
    0x012a,0x0fea,0x090e,0x02c0,0x0c30,0x0000,0x0000,0x09f0,0x0a2e,0x0a2a,0x0aea,0x0aaa,
    0x0a9a,0x0aaa,0x0a4a,0x084e,0x0820,0x0c18,0x0000,0x0000,0x0040,0x0fce,0x0920,0x0520,
    0x0188,0x0244,0x0c22,0x03f8,0x0208,0x0208,0x03f8,0x0000,0x0000,0x0440,0x024e,0x0fea,
    0x010a,0x010a,0x0fea,0x010a,0x010a,0x0fea,0x010e,0x0100,0x0000,0x0000,0x0100,0x092e,
    0x054a,0x010a,0x0fea,0x010a,0x018a,0x054a,0x092e,0x0100,0x0100,0x0000,0x0000,0x0f7c,
    0x0944,0x0944,0x0944,0x0f7c,0x0014,0x0514,0x08a4,0x0024,0x00c2,0x0f02,0x0000,0x0000,
    0x0100,0x0ffe,0x0012,0x0452,0x0832,0x0012,0x0452,0x0292,0x0112,0x029e,0x0c60,0x0000,
    0x0000,0x0040,0x07ce,0x042a,0x025a,0x018a,0x024a,0x0c3a,0x07ea,0x042a,0x042e,0x07e0,
    0x0000,0x0000,0x0100,0x0fde,0x0852,0x0852,0x0fd2,0x0852,0x0852,0x0fd2,0x0852,0x085e,
    0x0fc0,0x0000,0x0000,0x0100,0x0ffe,0x0112,0x0892,0x0452,0x0292,0x0912,0x04d2,0x0212,
    0x059e,0x0860,0x0000,0x0000,0x0a00,0x0ffc,0x0204,0x02fc,0x0204,0x0a74,0x0a54,0x0454,
    0x0474,0x0b02,0x08c2,0x0000,0x0000,0x0240,0x024e,0x022a,0x0fea,0x023a,0x022a,0x032a,
    0x06aa,0x0a6a,0x022e,0x0220,0x0000,0x0000,0x0fe0,0x092e,0x092a,0x0fea,0x092a,0x092a,
    0x092a,0x0aaa,0x0c6a,0x082e,0x0fe0,0x0000,0x0000,0x0fc0,0x0a4e,0x0a2a,0x0fea,0x0a3a,
    0x0a2a,0x0faa,0x022a,0x022a,0x012e,0x00e0,0x0000,0x0000,0x0040,0x0ffe,0x0000,0x03f8,
    0x0208,0x0208,0x03f8,0x0850,0x048e,0x0308,0x0c7c,0x0000,0x0000,0x03f8,0x0208,0x0208,
    0x0208,0x03f8,0x0000,0x0fbe,0x08a2,0x08a2,0x08a2,0x0fbe,0x0000,0x0000,0x0fe0,0x028e,
    0x028a,0x0fea,0x0aaa,0x0aaa,0x0aaa,0x0eaa,0x086a,0x082e,0x0fe0,0x0000,0x0000,0x0240,
    0x024e,0x0ffa,0x024a,0x024a,0x024a,0x0ffa,0x000a,0x024a,0x042e,0x0810,0x0000,0x0000,
    0x0100,0x0f9e,0x0872,0x0492,0x0312,0x00d2,0x0f92,0x0872,0x0492,0x031e,0x00e0,0x0000,
    0x0000,0x0100,0x0fde,0x0112,0x0112,0x0ff2,0x0112,0x0112,0x0fd2,0x0112,0x011e,0x0fe0,
    0x0000,0x0000,0x0780,0x085e,0x0032,0x0792,0x0012,0x0012,0x0fd2,0x0852,0x0852,0x085e,
    0x0fc0,0x0000,0x0000,0x0508,0x093e,0x0108,0x0fc8,0x013e,0x0500,0x0500,0x023e,0x0222,
    0x0522,0x08fe,0x0000,0x0000,0x0080,0x0fee,0x082a,0x0baa,0x0aaa,0x0aaa,0x0aaa,0x0aaa,
    0x0baa,0x082e,0x0c20,0x0000,0x0000,0x0240,0x0ffe,0x0252,0x0012,0x0452,0x0452,0x0292,
    0x0292,0x011e,0x02c0,0x0c30,0x0000,0x0000,0x0fc0,0x085e,0x0fd2,0x0852,0x0852,0x0fd2,
    0x0152,0x0952,0x0a52,0x045e,0x09c0,0x0000,0x0000,0x0fe0,0x028e,0x028a,0x028a,0x0aaa,
    0x06ca,0x028a,0x028a,0x028a,0x028e,0x0fe0,0x0000,0x0000,0x0280,0x0a4e,0x066a,0x034a,
    0x0a4a,0x0e4a,0x000a,0x010a,0x0fea,0x010e,0x0100,0x0000,0x0000,0x0080,0x049e,0x0452,
    0x0bf2,0x0952,0x07d2,0x0132,0x0112,0x0ff2,0x011e,0x0100,0x0000,0x0000,0x0140,0x0f2e,
    0x08aa,0x08ea,0x084a,0x092a,0x0a2a,0x08ea,0x080a,0x08ce,0x0630,0x0000,0x0000,0x07fc,
    0x0404,0x07fc,0x0000,0x07fc,0x0404,0x07fc,0x0404,0x07fc,0x0208,0x0c06,0x0000,0x0000,
    0x0fe0,0x011e,0x0fd2,0x0112,0x0ff2,0x0492,0x0492,0x0ff2,0x0492,0x045e,0x0440,0x0000,
    0x0000,0x0ffe,0x0248,0x0248,0x0278,0x0200,0x0ffe,0x0200,0x0278,0x0248,0x0278,0x0300,
    0x0000,0x0000,0x0af0,0x0a4e,0x024a,0x0ffa,0x024a,0x0a4a,0x0aca,0x047a,0x044a,0x0a4e,
    0x0960,0x0000,0x0000,0x0100,0x092e,0x054a,0x010a,0x0fea,0x082a,0x0fea,0x082a,0x0fea,
    0x082e,0x0c20,0x0000,0x0000,0x0fe0,0x092e,0x0fea,0x092a,0x092a,0x0fea,0x010a,0x0fea,
    0x010a,0x010e,0x0fe0,0x0000,0x0000,0x0ef0,0x0aae,0x0aaa,0x0afa,0x06aa,0x0aaa,0x0afa,
    0x0aaa,0x0a9e,0x0690,0x0260,0x0000,0x0000,0x07bc,0x04a4,0x04a4,0x07bc,0x0240,0x0440,
    0x0ffe,0x0040,0x00a0,0x0318,0x0c06,0x0000,0x0000,0x0100,0x0fde,0x0912,0x0512,0x0ff2,
    0x0092,0x0752,0x0432,0x0fd2,0x021e,0x0380,0x0000,0x0000,0x0f88,0x00be,0x0f88,0x04b8,
    0x044e,0x0448,0x0000,0x07fc,0x0404,0x0404,0x07fc,0x0000,0x0000,0x0900,0x0fee,0x010a,
    0x0fea,0x092a,0x0fea,0x092a,0x0fea,0x092a,0x092e,0x0d20,0x0000,0x0000,0x0100,0x0ffe,
    0x0452,0x0452,0x07d2,0x0012,0x0fd2,0x0412,0x0212,0x021e,0x0380,0x0000,0x0000,0x0ff0,
    0x010e,0x0fea,0x092a,0x0fea,0x092a,0x0fea,0x014a,0x018a,0x024e,0x0c30,0x0000,0x0000,
    0x07c0,0x001e,0x0ff2,0x0012,0x07d2,0x0012,0x0012,0x07d2,0x0452,0x045e,0x07c0,0x0000,
    0x0000,0x0480,0x044e,0x0ffa,0x028a,0x0a8a,0x0c6a,0x078a,0x046a,0x024a,0x038e,0x0c70,
    0x0000,0x0000,0x0ffc,0x0004,0x0ffc,0x0494,0x0312,0x0c7a,0x0000,0x07f8,0x0408,0x0408,
    0x07f8,0x0000,0x0000,0x0480,0x045e,0x0ff2,0x0052,0x0fd2,0x0132,0x0112,0x0ff2,0x029e,
    0x0440,0x0830,0x0000,0x0000,0x0cc0,0x031e,0x04d2,0x0112,0x0ff2,0x0092,0x0fd2,0x0972,
    0x0952,0x0d5e,0x0100,0x0000,0x0000,0x0080,0x0ffc,0x0884,0x0ffc,0x0884,0x0ff4,0x0084,
    0x07f4,0x0412,0x0412,0x07f0,0x0000,0x0000,0x0100,0x054e,0x054a,0x054a,0x0baa,0x091a,
    0x010a,0x0fea,0x010a,0x010e,0x0ff0,0x0000,0x0000,0x0fe0,0x011e,0x0fd2,0x0892,0x0892,
    0x0ff2,0x0012,0x0fd2,0x0852,0x085e,0x0fc0,0x0000,0x0000,0x0240,0x0ffe,0x024a,0x000a,
    0x0ffa,0x088a,0x008a,0x0fea,0x088a,0x084e,0x0630,0x0000,0x0000,0x07c0,0x022e,0x011a,
    0x0fea,0x092a,0x092a,0x092a,0x0ffa,0x028a,0x044e,0x0830,0x0000,0x0000,0x0ee0,0x0aae,
    0x0aaa,0x0aea,0x0aaa,0x0aaa,0x0aea,0x0a2a,0x0aaa,0x0eae,0x0370,0x0000,0x0000,0x0780,
    0x008e,0x0fea,0x08aa,0x07ea,0x00aa,0x07aa,0x022a,0x029a,0x0a8e,0x0e60,0x0000,0x0000,
    0x0110,0x0ff8,0x008c,0x07fa,0x0088,0x07f8,0x0088,0x0ff8,0x0408,0x0408,0x07f8,0x0000,
    0x0000,0x0480,0x049e,0x0fd2,0x0252,0x0ff2,0x0252,0x0252,0x0fd2,0x0252,0x025e,0x0fc0,
    0x0000,0x0000,0x08f8,0x0a8e,0x0a8a,0x0afa,0x0a2a,0x0a2a,0x0afa,0x0aaa,0x08aa,0x08ee,
    0x0c20,0x0000,0x0000,0x07c0,0x045e,0x07d2,0x0452,0x07d2,0x0012,0x0ff2,0x0812,0x0ff2,
    0x081e,0x0ff0,0x0000,0x0000,0x0fe0,0x002e,0x0fea,0x082a,0x0fea,0x002a,0x092a,0x0fea,
    0x012a,0x028e,0x0c60,0x0000,0x0000,0x0100,0x0ffe,0x0492,0x0452,0x0bf2,0x0452,0x07d2,
    0x0452,0x07d2,0x045e,0x0640,0x0000,0x0000,0x03c0,0x042e,0x081a,0x07ea,0x000a,0x07ea,
    0x040a,0x028a,0x012a,0x042e,0x0bc8,0x0000,0x0000,0x0fe0,0x010e,0x0ffa,0x052a,0x0ffa,
    0x052a,0x052a,0x0ffa,0x010a,0x010e,0x0fe0,0x0000,0x0000,0x0fe0,0x092e,0x0baa,0x092a,
    0x0baa,0x082a,0x0baa,0x0aaa,0x0baa,0x082e,0x0c20,0x0000,0x0000,0x0f40,0x015e,0x0ff2,
    0x0012,0x0fd2,0x0852,0x0fd2,0x0852,0x0fd2,0x085e,0x0c40,0x0000,0x0000,0x0ff0,0x010e,
    0x018a,0x0a6a,0x070a,0x02ca,0x023a,0x070a,0x0aca,0x0a3e,0x0180,0x0000,0x0000,0x0040,
    0x0ffe,0x0110,0x0110,0x0ffe,0x0912,0x090a,0x0ff6,0x0912,0x0912,0x0df2,0x0000,0x0000,
    0x0fe0,0x08ae,0x08aa,0x0e6a,0x0aaa,0x0aaa,0x0aaa,0x0eaa,0x086a,0x082e,0x0c20,0x0000,
    0x0000,0x0fbe,0x08a2,0x0fbe,0x08a2,0x0fbe,0x0802,0x09f2,0x0912,0x0912,0x09f2,0x0c02,
    0x0000,0x0000,0x0040,0x0fce,0x082a,0x0bea,0x088a,0x0bea,0x088a,0x0aaa,0x0bea,0x080e,
    0x0600,0x0000,0x0000,0x0920,0x052e,0x010a,0x028a,0x0c6a,0x010a,0x092a,0x052a,0x018a,
    0x024e,0x0c30,0x0000,0x0000,0x0780,0x045e,0x0232,0x0112,0x0cd2,0x0852,0x0852,0x0ed2,
    0x0852,0x085e,0x0fc0,0x0000,0x0000,0x0ee0,0x088e,0x0aaa,0x044a,0x0aaa,0x000a,0x0eea,
    0x088a,0x0aaa,0x044e,0x0aa0,0x0000,0x0000,0x0fe0,0x028e,0x028a,0x0eea,0x082a,0x082a,
    0x0eea,0x028a,0x028a,0x028e,0x0fe0,0x0000,0x0000,0x00b0,0x0f8c,0x0484,0x04bc,0x0424,
    0x053c,0x0504,0x027a,0x024a,0x054a,0x08f8,0x0000,0x0000,0x0280,0x0efe,0x028a,0x028a,
    0x0eea,0x028a,0x028a,0x02fa,0x0e8e,0x0240,0x0230,0x0000,0x0000,0x0e20,0x0bee,0x0a5a,
    0x0a4a,0x0bfa,0x0a4a,0x0aca,0x0a52,0x0e52,0x03de,0x0230,0x0000,0x0000,0x0080,0x0fee,
    0x092a,0x0fea,0x092a,0x092a,0x0fea,0x028a,0x024e,0x0ff0,0x0200,0x0000,0x0000,0x0780,
    0x084e,0x002a,0x0fca,0x020a,0x0fea,0x020a,0x0fca,0x084a,0x084e,0x0fc0,0x0000,0x0000,
    0x0220,0x022e,0x0ffa,0x002a,0x092a,0x092a,0x096a,0x053a,0x052a,0x042e,0x0fb0,0x0000,
    0x0000,0x0440,0x024e,0x0ffa,0x094a,0x094a,0x094a,0x0fca,0x097a,0x094a,0x094e,0x0f60,
    0x0000,0x0000,0x0080,0x0fee,0x048a,0x028a,0x0fea,0x008a,0x0fca,0x086a,0x0fda,0x084e,
    0x0fc0,0x0000,0x0000,0x0040,0x0ffe,0x0248,0x0150,0x0ffe,0x0404,0x05f4,0x0514,0x05f4,
    0x0404,0x07fc,0x0000,0x0000,0x0f20,0x012e,0x0ffa,0x000a,0x092a,0x092a,0x092a,0x0aaa,
    0x0c6a,0x082e,0x0fe0,0x0000,0x0000,0x0fe0,0x0aae,0x0aaa,0x0fea,0x008a,0x0f8a,0x086a,
    0x088a,0x050a,0x030e,0x00f0,0x0000,0x0000,0x0200,0x0fae,0x0aca,0x028a,0x029a,0x0faa,
    0x088a,0x0a8a,0x0aaa,0x0656,0x0948,0x0000,0x0000,0x0100,0x0fee,0x082a,0x000a,0x0fea,
    0x010a,0x010a,0x0f4a,0x014a,0x01ce,0x0e30,0x0000,0x0000,0x0100,0x0fee,0x090a,0x0ffa,
    0x090a,0x0fea,0x010a,0x0baa,0x0d6a,0x092e,0x0910,0x0000,0x0000,0x0040,0x0ffe,0x0110,
    0x0ffe,0x0842,0x0bfa,0x0248,0x0040,0x07fc,0x0404,0x07fc,0x0000,0x0000,0x0100,0x0ffe,
    0x024a,0x024a,0x0ffa,0x090a,0x0fea,0x092a,0x092a,0x0d2e,0x0100,0x0000,0x0000,0x0380,
    0x027e,0x0a4a,0x0a4a,0x0bfa,0x024a,0x024a,0x056a,0x055a,0x08ce,0x0840,0x0000,0x0000,
    0x0080,0x0ffe,0x0a4a,0x0a4a,0x018a,0x024a,0x0c3a,0x07ea,0x042a,0x042e,0x07e0,0x0000,
    0x0000,0x0fe0,0x092e,0x0fea,0x092a,0x0fea,0x000a,0x0ffa,0x092a,0x052a,0x022e,0x0cf0,
    0x0000,0x0000,0x0100,0x0fee,0x010a,0x0fea,0x0aaa,0x0aaa,0x0fea,0x092a,0x0fea,0x092e,
    0x0d20,0x0000,0x0000,0x0110,0x0ffe,0x0040,0x03f8,0x0040,0x07fc,0x0110,0x0ffe,0x0208,
    0x0208,0x03f8,0x0000,0x0000,0x0208,0x0fbe,0x0208,0x0208,0x0fbe,0x0000,0x0000,0x0fbe,
    0x08a2,0x08a2,0x0fbe,0x0000,0x0000,0x0820,0x0bfe,0x0a2a,0x0afa,0x0aaa,0x0aaa,0x0afa,
    0x0a2a,0x087a,0x09ae,0x0c20,0x0000,0x0000,0x07a0,0x042e,0x042a,0x0fea,0x00ba,0x0faa,
    0x026a,0x0faa,0x022a,0x052e,0x08e0,0x0000,0x0000,0x0a00,0x0fee,0x022a,0x03ea,0x0a2a,
    0x0aea,0x0aaa,0x04ea,0x042a,0x0b1e,0x08d0,0x0000,0x0000,0x04a0,0x0ffe,0x04aa,0x07aa,
    0x002a,0x0fea,0x010a,0x0ffa,0x018a,0x054e,0x0930,0x0000,0x0000,0x0480,0x0fee,0x048a,
    0x010a,0x0fea,0x008a,0x004a,0x0fea,0x085a,0x084e,0x0fc0,0x0000,0x0000,0x0fe0,0x082e,
    0x0fea,0x002a,0x0fea,0x04aa,0x0faa,0x022a,0x0fae,0x0210,0x0fd0,0x0000,0x0000,0x0920,
    0x092e,0x0fea,0x000a,0x0fea,0x010a,0x0fea,0x0aaa,0x0aaa,0x0aae,0x0c20,0x0000,0x0000,
    0x0fc0,0x044e,0x07ea,0x020a,0x0ffa,0x014a,0x0b8a,0x066a,0x0b8a,0x0a7e,0x0180,0x0000,
    0x0000,0x07c0,0x022e,0x0ffa,0x0aaa,0x0aaa,0x0e6a,0x092a,0x0ffa,0x028a,0x044e,0x0830,
    0x0000,0x0000,0x0040,0x0ffe,0x0040,0x07fc,0x0208,0x03f8,0x0110,0x0ffe,0x0208,0x0208,
    0x03f8,0x0000,0x0000,0x07e0,0x042e,0x07ea,0x042a,0x07ea,0x004a,0x0fea,0x093a,0x0aaa,
    0x09ee,0x0600,0x0000,0x0000,0x0fe0,0x092e,0x0fea,0x092a,0x0fea,0x044a,0x07ca,0x044a,
    0x07ca,0x044e,0x0640,0x0000,0x0000,0x0080,0x0ffe,0x080a,0x07ea,0x042a,0x07ea,0x042a,
    0x042a,0x07ea,0x000e,0x0ff0,0x0000,0x0000,0x0040,0x0ffe,0x0554,0x0554,0x075c,0x0040,
    0x0ffe,0x0448,0x0488,0x0308,0x0c3e,0x0000,0x0000,0x0040,0x0fee,0x0a4a,0x0aea,0x094a,
    0x0cea,0x014a,0x0ffa,0x010a,0x02ce,0x0c30,0x0000,0x0000,0x07fc,0x0040,0x0ffe,0x0310,
    0x0518,0x09f6,0x0000,0x07fc,0x0514,0x05f4,0x0604,0x0000,0x0000,0x07bc,0x04a4,0x04a4,
    0x07fc,0x0248,0x03f8,0x0248,0x03f8,0x0040,0x0ffe,0x0040,0x0000,0x0000,0x0fe0,0x002e,
    0x0faa,0x0aaa,0x0faa,0x0aaa,0x0faa,0x022a,0x0f9a,0x020e,0x0fc0,0x0000,0x0000,0x0140,
    0x0f2e,0x0892,0x08f2,0x0842,0x0922,0x0af2,0x0842,0x08d2,0x085e,0x0640,0x0000,0x0000,
    0x0100,0x0fee,0x054a,0x092a,0x07ca,0x044a,0x07ca,0x044a,0x07ca,0x000e,0x0fe0,0x0000,
    0x0000,0x0480,0x0fee,0x048a,0x000a,0x0fea,0x092a,0x092a,0x0fea,0x092a,0x092e,0x0fe0,
    0x0000,0x0000,0x0100,0x0fee,0x054a,0x0ffa,0x044a,0x0fea,0x082a,0x092a,0x092a,0x028e,
    0x0c70,0x0000,0x0000,0x07c0,0x082e,0x0fda,0x000a,0x0aea,0x0aaa,0x0aea,0x0aaa,0x0aea,
    0x08ae,0x0ca0,0x0000,0x0000,0x0fe0,0x011e,0x0fd2,0x0852,0x0fd2,0x0852,0x0fd2,0x0452,
    0x04b2,0x031e,0x0ce0,0x0000,0x0000,0x0080,0x0fee,0x082a,0x0fea,0x082a,0x0fea,0x050a,
    0x0ffa,0x010a,0x028e,0x0c60,0x0000,0x0000,0x07c0,0x082e,0x0ffa,0x082a,0x0fea,0x082a,
    0x0fea,0x002a,0x0fda,0x084e,0x0fc0,0x0000,0x0000,0x0040,0x0ffe,0x0248,0x0248,0x0554,
    0x0842,0x0ffe,0x0514,0x05f4,0x0404,0x07fc,0x0000,0x0000,0x0100,0x0fee,0x010a,0x07ca,
    0x010a,0x0fea,0x024a,0x092a,0x0ffa,0x054e,0x0920,0x0000,0x0000,0x0440,0x024e,0x0fea,
    0x024a,0x024a,0x042a,0x0ffa,0x0aaa,0x0aaa,0x0aae,0x0ff0,0x0000,0x0000,0x0fe0,0x012e,
    0x07ea,0x012a,0x07ea,0x012a,0x0fea,0x080a,0x095e,0x0950,0x0600,0x0000,0x0000,0x0100,
    0x0fee,0x010a,0x0ffa,0x008a,0x044a,0x0fea,0x000a,0x0fea,0x0aae,0x0ff0,0x0000,0x0000,
    0x0480,0x0fee,0x048a,0x030a,0x048a,0x084a,0x07aa,0x000a,0x0fca,0x084e,0x0fc0,0x0000,
    0x0000,0x07e0,0x044e,0x024a,0x018a,0x0e7a,0x094a,0x052a,0x0ffa,0x018a,0x054e,0x0920,
    0x0000,0x0000,0x0100,0x0fee,0x010a,0x07ca,0x044a,0x07ca,0x044a,0x0fea,0x000a,0x048e,
    0x0860,0x0000,0x0000,0x0140,0x0d2e,0x092a,0x0d6a,0x092a,0x0d6a,0x010a,0x0fea,0x044a,
    0x038e,0x0c70,0x0000,0x0000,0x0080,0x07de,0x0452,0x07d2,0x0052,0x0fd2,0x0052,0x0fd2,
    0x0812,0x095e,0x0d50,0x0000,0x0000,0x0900,0x0fee,0x050a,0x0ffa,0x04ca,0x02aa,0x0fda,
    0x084a,0x0fca,0x084e,0x0fc0,0x0000,0x0000,0x0fe0,0x000e,0x07ca,0x044a,0x07ca,0x000a,
    0x0fea,0x0aaa,0x0c6a,0x0bae,0x0920,0x0000,0x0000,0x0240,0x0ffe,0x0112,0x0fd2,0x0112,
    0x0ff2,0x0092,0x0fd2,0x0232,0x021e,0x0fe0,0x0000,0x0000,0x07a0,0x042e,0x089a,0x0a4a,
    0x03ea,0x000a,0x0ffa,0x0aaa,0x0cce,0x0aa0,0x0dd0,0x0000,0x0000,0x0fbe,0x0822,0x083e,
    0x0b80,0x083e,0x0baa,0x0aaa,0x0abe,0x0baa,0x082a,0x0c22,0x0000,0x0000,0x0920,0x0fee,
    0x008a,0x0ffa,0x010a,0x0fea,0x092a,0x0fea,0x010a,0x090e,0x0fe0,0x0000,0x0000,0x0080,
    0x0fee,0x082a,0x0fea,0x082a,0x0ffa,0x028a,0x044a,0x093a,0x07ce,0x0100,0x0000,0x0000,
    0x0100,0x0fee,0x010a,0x0fea,0x0aaa,0x010a,0x048a,0x0bea,0x010a,0x054e,0x0920,0x0000,
    0x0000,0x0090,0x0fae,0x004a,0x0fca,0x089a,0x0aaa,0x0fca,0x084a,0x0a4a,0x0fee,0x0410,
    0x0000,0x0000,0x0fe0,0x092e,0x0baa,0x092a,0x0aaa,0x082a,0x0fea,0x008a,0x051e,0x0850,
    0x0380,0x0000,0x0000,0x0360,0x0c9e,0x036a,0x0c5a,0x03ca,0x023a,0x01ca,0x0e3a,0x08ca,
    0x070e,0x00f0,0x0000,0x0000,0x0fe0,0x092e,0x0fea,0x092a,0x0fea,0x054a,0x0ffa,0x054a,
    0x054a,0x0fee,0x0100,0x0000,0x0000,0x0240,0x0ffe,0x0a4a,0x0bfa,0x084a,0x0bfa,0x0a2a,
    0x04ea,0x049a,0x0a8e,0x0960,0x0000,0x0000,0x0120,0x0ffe,0x0a2a,0x0afa,0x0aaa,0x02fa,
    0x022a,0x053a,0x056a,0x08ae,0x0860,0x0000,0x0000,0x0240,0x0ffe,0x012a,0x0f2a,0x05ea,
    0x04aa,0x0faa,0x049a,0x048a,0x0a8e,0x0960,0x0000,0x0000,0x0100,0x0fee,0x024a,0x024a,
    0x0fea,0x092a,0x0fea,0x092a,0x0baa,0x0aae,0x0ba0,0x0000,0x0000,0x0a00,0x0fee,0x02aa,
    0x03aa,0x0aaa,0x0bea,0x0aaa,0x05ea,0x06aa,0x0916,0x08d0,0x0000,0x0000,0x0240,0x0ffe,
    0x024a,0x0fea,0x092a,0x0fea,0x010a,0x0fea,0x010a,0x02ce,0x0c30,0x0000,0x0000,0x0280,
    0x0ffe,0x0aaa,0x0fea,0x0aaa,0x0fea,0x044a,0x07ca,0x044a,0x044e,0x07c0,0x0000,0x0000,
    0x0040,0x0ffe,0x0040,0x07fc,0x0208,0x03f8,0x0110,0x0ffe,0x04a8,0x04a4,0x07b2,0x0000,
    0x0000,0x0ff0,0x028e,0x0fea,0x0aaa,0x0fea,0x000a,0x0fea,0x000a,0x0ffa,0x052e,0x0990,
    0x0000,0x0000,0x0100,0x0fee,0x092a,0x0ffa,0x092a,0x0fea,0x092a,0x0ffa,0x044a,0x03ce,
    0x0c30,0x0000,0x0000,0x0ff0,0x008e,0x07ea,0x042a,0x07ea,0x042a,0x042a,0x0ffa,0x022a,
    0x09ce,0x0e30,0x0000,0x0000,0x0fe0,0x002e,0x07aa,0x04aa,0x07aa,0x002a,0x0eea,0x0aaa,
    0x0eea,0x002e,0x0fc0,0x0000,0x0000,0x0100,0x0ffe,0x010a,0x0fea,0x010a,0x0ffa,0x044a,
    0x07ca,0x044a,0x07ce,0x0830,0x0000,0x0000,0x0248,0x0ffe,0x0912,0x0114,0x03fc,0x0804,
    0x0ffc,0x0208,0x03f8,0x0208,0x03f8,0x0000,0x0000,0x0780,0x008e,0x0ffa,0x084a,0x07fa,
    0x004a,0x0fca,0x0a9a,0x06aa,0x028e,0x0ff0,0x0000,0x0000,0x0080,0x0ffe,0x024a,0x024a,
    0x0ffa,0x024a,0x0a4a,0x0b6a,0x0ada,0x0a46,0x0244,0x0000,0x0000,0x0080,0x0ffe,0x04aa,
    0x06ea,0x099a,0x02ca,0x0cba,0x07ca,0x043a,0x038e,0x0c70,0x0000,0x0000,0x0250,0x02fe,
    0x0f52,0x0a72,0x0a22,0x0afa,0x0aaa,0x0afa,0x0922,0x08fe,0x0620,0x0000,0x0000,0x0e20,
    0x0afe,0x0b2a,0x0aaa,0x07fa,0x0a2a,0x0aea,0x0aba,0x0aea,0x06ae,0x02e0,0x0000,0x0000,
    0x0240,0x0ffe,0x024a,0x0fea,0x054a,0x0ffa,0x054a,0x0fea,0x010a,0x0fee,0x0100,0x0000,
    0x0000,0x0840,0x05fe,0x024a,0x01fa,0x080a,0x05fa,0x030a,0x01fa,0x08aa,0x04ae,0x03f0,
    0x0000,0x0000,0x0b50,0x0ade,0x024a,0x052a,0x0ffa,0x088a,0x008a,0x0fea,0x088a,0x084e,
    0x0630,0x0000,0x0000,0x0080,0x07ee,0x048a,0x0ffa,0x048a,0x07fa,0x0aaa,0x0eba,0x09ca,
    0x0ebe,0x0aa8,0x0000,0x0000,0x0540,0x0b2e,0x054a,0x0aaa,0x0fea,0x050a,0x0ffa,0x022a,
    0x0aea,0x062e,0x0990,0x0000,0x0000,0x0ff0,0x081e,0x0ff2,0x0552,0x0552,0x07d2,0x0112,
    0x0ff2,0x092e,0x0ba8,0x0c28,0x0000,0x0000,0x0f20,0x09fe,0x092a,0x0f7a,0x094a,0x097a,
    0x0f4a,0x097a,0x092a,0x08fe,0x0ca0,0x0000,0x0000,0x02a0,0x0fae,0x02aa,0x0aaa,0x0ffa,
    0x022a,0x0ffa,0x092a,0x0fea,0x082e,0x0c18,0x0000,0x0000,0x0ea0,0x03fe,0x02aa,0x0eea,
    0x0aaa,0x0aea,0x0aaa,0x0bfa,0x0a0a,0x08ae,0x0910,0x0000,0x0000,0x0100,0x0ffe,0x04aa,
    0x0fca,0x084a,0x0fea,0x085a,0x0fca,0x010a,0x052e,0x0990,0x0000,0x0000,0x0100,0x0ffe,
    0x010a,0x07ea,0x042a,0x07ea,0x024a,0x0ffa,0x042a,0x042e,0x07e0,0x0000,0x0000,0x0fe0,
    0x0aae,0x092a,0x0fea,0x010a,0x0fea,0x010a,0x0fea,0x000a,0x0aae,0x0a90,0x0000,0x0000,
    0x0fe0,0x028e,0x0eea,0x082a,0x0eea,0x028a,0x0fea,0x010a,0x045a,0x084e,0x0380,0x0000,
    0x0000,0x0240,0x0ffe,0x028a,0x0fea,0x0aaa,0x0e6a,0x082a,0x0ffa,0x040a,0x044e,0x0680,
    0x0000,0x0000,0x0240,0x0ffe,0x0912,0x0b52,0x0912,0x0ff2,0x0452,0x07d2,0x0452,0x045e,
    0x07c0,0x0000,0x0000,0x0080,0x0ffe,0x008a,0x0ffa,0x080a,0x07ea,0x042a,0x07ea,0x024a,
    0x024e,0x0ff0,0x0000,0x0000,0x0780,0x008e,0x0fea,0x08aa,0x07ea,0x00aa,0x07aa,0x0aaa,
    0x0eee,0x0290,0x0fd0,0x0000,0x0000,0x0550,0x0ffe,0x024a,0x024a,0x0ffa,0x010a,0x0fea,
    0x010a,0x0ffa,0x024e,0x0c30,0x0000,0x0000,0x0ff8,0x014e,0x0f2a,0x0afa,0x0a2a,0x0aaa,
    0x02fa,0x052a,0x0526,0x0894,0x0894,0x0000,0x0000,0x07c0,0x092e,0x0ffa,0x092a,0x0aaa,
    0x0fea,0x010a,0x0fea,0x08aa,0x0bae,0x0c20,0x0000,0x0000,0x07e0,0x040e,0x0ffa,0x040a,
    0x0ffa,0x092a,0x0f7a,0x040a,0x0ffa,0x044e,0x0680,0x0000,0x0000,0x0210,0x0fae,0x020a,
    0x0fda,0x052a,0x050a,0x0fba,0x022a,0x0faa,0x0256,0x0f90,0x0000,0x0000,0x0080,0x0fee,
    0x0d6a,0x0baa,0x0d6a,0x0baa,0x0d6a,0x010a,0x0ffa,0x044e,0x0830,0x0000,0x0000,0x0240,
    0x0ffe,0x034a,0x06ea,0x0a5a,0x07ea,0x000a,0x0ffa,0x010a,0x052e,0x0990,0x0000,0x0000,
    0x0280,0x0fee,0x0aaa,0x0fea,0x0aaa,0x0fea,0x002a,0x0fea,0x055a,0x024e,0x0cc0,0x0000,
    0x0000,0x07bc,0x04a4,0x04a4,0x07bc,0x0240,0x0ffe,0x0110,0x0fbe,0x04a4,0x04a4,0x07bc,
    0x0000,0x0000,0x0ffe,0x0554,0x0554,0x075c,0x0040,0x0ffe,0x0554,0x0554,0x075c,0x0040,
    0x0ffe,0x0000,0x0000,0x07c0,0x044e,0x0fea,0x0aaa,0x0aaa,0x0eea,0x010a,0x0fea,0x018a,
    0x054e,0x0930,0x0000,0x0000,0x0100,0x0fee,0x048a,0x0fea,0x082a,0x0fea,0x082a,0x0fea,
    0x014a,0x045e,0x0b90,0x0000,0x0000,0x0220,0x0eee,0x055a,0x044a,0x000a,0x0ffa,0x054a,
    0x054a,0x0baa,0x010e,0x0ff0,0x0000,0x0000,0x0ff0,0x094e,0x054a,0x0ffa,0x0a4a,0x07da,
    0x004a,0x07ea,0x045a,0x038e,0x0c70,0x0000,0x0000,0x0780,0x008e,0x0fea,0x092a,0x07ea,
    0x012a,0x0faa,0x026a,0x0b9a,0x066e,0x0980,0x0000,0x0000,0x0100,0x0fee,0x010a,0x054a,
    0x0ffa,0x044a,0x0fea,0x082a,0x0fea,0x044e,0x0830,0x0000,0x0000,0x0240,0x0ffe,0x042a,
    0x07ea,0x042a,0x07ea,0x004a,0x0fea,0x093a,0x0aae,0x0de0,0x0000,0x0000,0x0fa0,0x027e,
    0x0faa,0x08aa,0x0faa,0x08aa,0x0ffa,0x08aa,0x0faa,0x052e,0x08e0,0x0000,0x0000,0x0540,
    0x0fee,0x0aaa,0x0aaa,0x038a,0x000a,0x0fea,0x092a,0x0fea,0x092e,0x0fe0,0x0000,0x0000,
    0x0270,0x0fde,0x0552,0x0552,0x0572,0x0f92,0x0272,0x025a,0x0fd2,0x025e,0x0270,0x0000,
    0x0000,0x0080,0x0ffe,0x094a,0x045a,0x0bca,0x000a,0x0fea,0x0aaa,0x0ffa,0x010e,0x01c0,
    0x0000,0x0000,0x0fe0,0x010e,0x0fea,0x092a,0x0daa,0x000a,0x0fea,0x010a,0x0fea,0x0aae,
    0x0aa0,0x0000,0x0000,0x0240,0x0ffe,0x024a,0x008a,0x0ffa,0x024a,0x024a,0x0ffa,0x0a2a,
    0x0bee,0x0c08,0x0000,0x0000,0x0240,0x0fee,0x024a,0x024a,0x0ffa,0x054a,0x056a,0x0d5a,
    0x054a,0x052e,0x05a0,0x0000,0x0000,0x0100,0x0ffe,0x024a,0x0fea,0x082a,0x0fca,0x014a,
    0x0b3a,0x068a,0x0a6e,0x0180,0x0000,0x0000,0x0080,0x07ee,0x008a,0x0ffa,0x0aaa,0x02aa,
    0x0ffa,0x088a,0x03aa,0x00ee,0x0f18,0x0000,0x0000,0x0520,0x0ffe,0x0a8a,0x02aa,0x07ea,
    0x082a,0x0fea,0x044a,0x07ca,0x044e,0x07c0,0x0000,0x0000,0x0100,0x0ffe,0x0aaa,0x0aaa,
    0x044a,0x0bba,0x000a,0x0ffa,0x010a,0x052e,0x0990,0x0000,0x0000,0x07c0,0x022e,0x0ffa,
    0x092a,0x0fea,0x0aba,0x0fea,0x082a,0x0fea,0x082e,0x0fe0,0x0000,0x0000,0x07bc,0x04a4,
    0x0ffe,0x0208,0x0248,0x0248,0x02a8,0x0110,0x03b8,0x0ca6,0x07bc,0x0000,0x0000,0x0120,
    0x0ffe,0x012a,0x05ea,0x0c0a,0x05ea,0x052a,0x0dea,0x000a,0x055e,0x0950,0x0000,0x0000,
    0x0240,0x0efe,0x02aa,0x0eaa,0x09fa,0x0eaa,0x02ea,0x0eaa,0x02ea,0x0aae,0x0ea0,0x0000,
    0x0000,0x0e44,0x0aea,0x06a4,0x0aea,0x0aae,0x0ee4,0x0222,0x0ffe,0x0912,0x09f2,0x0c02,
    0x0000,0x0000,0x07e0,0x008e,0x0ffa,0x0a9a,0x0caa,0x014a,0x0fea,0x013a,0x0fea,0x012e,
    0x0fe0,0x0000,0x0000,0x0f7c,0x0944,0x0ffc,0x0224,0x0efc,0x0994,0x0af4,0x0a94,0x0af4,
    0x069a,0x0982,0x0000,0x0000,0x0ee0,0x0aae,0x0eea,0x0aaa,0x0eea,0x052a,0x089a,0x0ffa,
    0x044a,0x03ce,0x0c30,0x0000,0x0000,0x0100,0x0ffe,0x0aaa,0x0eea,0x028a,0x0ffa,0x028a,
    0x0fea,0x054a,0x023e,0x0ce0,0x0000,0x0000,0x0fe0,0x054e,0x0ffa,0x0a4a,0x0ffa,0x08aa,
    0x0eea,0x09aa,0x0aea,0x08ae,0x0d60,0x0000,0x0000,0x0220,0x0ffe,0x022a,0x0ffa,0x0aaa,
    0x0ffa,0x0aaa,0x0ffa,0x092a,0x0afe,0x0c20,0x0000,0x0000,0x0fe0,0x044e,0x07ca,0x044a,
    0x0ffa,0x0aaa,0x0eea,0x0aaa,0x0eea,0x0bbe,0x0880,0x0000,0x0000,0x07bc,0x04a4,0x0ffe,
    0x0208,0x03f8,0x0208,0x03f8,0x0404,0x0fbe,0x04a4,0x07bc,0x0000,0x0000,0x0220,0x0ffe,
    0x012a,0x07fa,0x055a,0x072a,0x0d7a,0x00aa,0x0ffa,0x042e,0x0bf8,0x0000,0x0000,0x0fe0,
    0x0aae,0x0fea,0x054a,0x0faa,0x054a,0x0f2a,0x05ea,0x0f4a,0x05ee,0x0f40,0x0000,0x0000,
    0x0040,0x0ffe,0x0248,0x0ffe,0x0aaa,0x07fc,0x0110,0x0ffe,0x0490,0x030e,0x0c78,0x0000,
    0x0000,0x0240,0x0ffe,0x044a,0x03fa,0x02aa,0x0ffa,0x02aa,0x02fa,0x070a,0x0aae,0x02a8,
    0x0000,0x0000,0x0208,0x0fbe,0x0208,0x0fbe,0x08a2,0x0fbe,0x0514,0x0fbe,0x08a2,0x08a2,
    0x0fbe,0x0000,0x0000,0x0ff8,0x080e,0x0ffa,0x052a,0x0ffa,0x0a4a,0x0ffa,0x0aaa,0x0bea,
    0x0a86,0x0df4,0x0000,0x0000,0x0ffe,0x0842,0x0842,0x0842,0x0842,0x08a2,0x0912,0x0a0a,
    0x0802,0x0802,0x0ffe,0x0000,0x0000,0x0000,0x0ffe,0x0892,0x0892,0x0892,0x088a,0x0f06,
    0x0802,0x0802,0x0ffe,0x0802,0x0000,0x0000,0x0ffe,0x0802,0x09f2,0x0882,0x0842,0x0bfa,
    0x0842,0x0842,0x0862,0x0802,0x0ffe,0x0000,0x0000,0x0ffe,0x0802,0x0802,0x09f2,0x0912,
    0x0912,0x0912,0x09f2,0x0802,0x0802,0x0ffe,0x0000,0x0000,0x0020,0x07fc,0x0404,0x0514,
    0x04a4,0x0444,0x04a4,0x0514,0x0404,0x07fc,0x0404,0x0000,0x0000,0x0ffe,0x0842,0x0842,
    0x0bfa,0x0842,0x0842,0x08a2,0x0912,0x0a0a,0x0802,0x0ffe,0x0000,0x0000,0x0ffe,0x0802,
    0x0822,0x0bfa,0x0922,0x0912,0x0932,0x08e2,0x0b1a,0x0802,0x0ffe,0x0000,0x0000,0x0ffe,
    0x0802,0x0882,0x0bfa,0x0882,0x08c2,0x08a2,0x089a,0x08c2,0x0802,0x0ffe,0x0000,0x0000,
    0x0ffe,0x0822,0x09fa,0x0822,0x092a,0x092a,0x09fa,0x0a22,0x0bc2,0x0802,0x0ffe,0x0000,
    0x0000,0x0040,0x0ffe,0x0802,0x0a5a,0x0a22,0x0952,0x088a,0x0942,0x0a32,0x0802,0x0ffe,
    0x0000,0x0000,0x0ffe,0x0822,0x0bf2,0x0aaa,0x0aa2,0x0a92,0x0a4a,0x0a22,0x0982,0x0802,
    0x0ffe,0x0000,0x0000,0x0ffe,0x0802,0x09f2,0x0802,0x0bfa,0x08a2,0x08a2,0x0a92,0x0b0a,
    0x0802,0x0ffe,0x0000,0x0000,0x0ffe,0x0842,0x0842,0x0bfa,0x0842,0x08e2,0x0952,0x0a4a,
    0x0842,0x0802,0x0ffe,0x0000,0x0000,0x0020,0x07fc,0x0424,0x05e4,0x0514,0x050c,0x04a4,
    0x0444,0x0424,0x07fc,0x0404,0x0000,0x0000,0x0ffe,0x0842,0x0bfa,0x0842,0x0bfa,0x0842,
    0x0bfa,0x0a42,0x0b42,0x0842,0x0ffe,0x0000,0x0000,0x0ffe,0x08a2,0x0912,0x0a0a,0x0df6,
    0x0802,0x0bfa,0x0a42,0x0b42,0x0842,0x0ffe,0x0000,0x0000,0x0ffe,0x0842,0x0842,0x0bfa,
    0x0842,0x09f2,0x0912,0x0912,0x09f2,0x0802,0x0ffe,0x0000,0x0000,0x0ffe,0x0802,0x0bfa,
    0x0842,0x0842,0x09f2,0x0a42,0x0842,0x0bfa,0x0802,0x0ffe,0x0000,0x0000,0x0ffe,0x0822,
    0x09e2,0x0932,0x08c2,0x0b3a,0x0842,0x0892,0x0822,0x0842,0x0ffe,0x0000,0x0000,0x0ffe,
    0x0822,0x0bfa,0x0822,0x09f2,0x091a,0x09f6,0x0912,0x0992,0x0802,0x0ffe,0x0000,0x0000,
    0x0ffe,0x0a42,0x0bfa,0x0842,0x0bfa,0x0a4a,0x0bfa,0x0a4a,0x0bfa,0x0a4a,0x0ffe,0x0000,
    0x0000,0x0ffe,0x0802,0x0bfa,0x0822,0x09fa,0x0912,0x0ffe,0x0a0a,0x0bfa,0x0802,0x0ffe,
    0x0000,0x0000,0x0ffe,0x0912,0x0912,0x0bfa,0x0a0a,0x0a4a,0x0a4a,0x09a2,0x0a1a,0x0802,
    0x0ffe,0x0000,0x0000,0x0ffe,0x08a2,0x0912,0x0a0a,0x0df6,0x0802,0x0bfa,0x0aaa,0x0bfa,
    0x0aaa,0x0ffe,0x0000,0x0000,0x0ffe,0x0a52,0x0952,0x0bfa,0x08a2,0x0ffe,0x0912,0x0aea,
    0x0822,0x0922,0x0ffe,0x0000,0x0000,0x0ffe,0x0842,0x0bfa,0x0842,0x0ffe,0x0912,0x0bfa,
    0x0842,0x0bfa,0x0842,0x0ffe,0x0000,0x0000,0x0ffe,0x0a82,0x0ffe,0x0882,0x0aba,0x0aaa,
    0x093a,0x0902,0x0aba,0x0a42,0x0ffe,0x0000,0x0000,0x0ffe,0x0842,0x09fa,0x0922,0x0ffe,
    0x0912,0x09fa,0x084a,0x0bfa,0x0842,0x0ffe,0x0000,0x0000,0x0ffe,0x0842,0x0bfa,0x0842,
    0x0ffe,0x0912,0x09f2,0x0aa2,0x093a,0x0a22,0x0ffe,0x0000,0x0000,0x0ffe,0x0912,0x0912,
    0x0bfa,0x0a0a,0x0bfa,0x0a0a,0x0bfa,0x0912,0x0a0a,0x0ffe,0x0000,0x0000,0x0ffe,0x0912,
    0x09f2,0x0842,0x0ffe,0x0aaa,0x0aea,0x0a0a,0x0bfa,0x0802,0x0ffe,0x0000,0x0000,0x0ffe,
    0x0842,0x0bfa,0x0952,0x09f2,0x0952,0x0ffe,0x0902,0x0912,0x0922,0x0ffe,0x0000,0x0000,
    0x0ffe,0x0aaa,0x0bfa,0x0802,0x0ffe,0x0912,0x09f2,0x08a2,0x0a9a,0x0912,0x0ffe,0x0000,
    0x0000,0x0040,0x0040,0x0040,0x07fc,0x0040,0x0040,0x0040,0x0040,0x0040,0x0040,0x0ffe,
    0x0000,0x0000,0x07fc,0x0408,0x0330,0x00c0,0x0330,0x0c4e,0x0040,0x07fc,0x0040,0x0040,
    0x0ffe,0x0000,0x0000,0x0020,0x0ffe,0x0110,0x0110,0x0108,0x0fe8,0x010c,0x010a,0x0108,
    0x0108,0x0fe8,0x0000,0x0000,0x0fc8,0x0208,0x0208,0x021e,0x0208,0x0fe8,0x0208,0x0208,
    0x0218,0x0206,0x0380,0x0000,0x0000,0x07c8,0x0008,0x0008,0x0fde,0x0088,0x0048,0x0fc8,
    0x0808,0x0818,0x0406,0x0300,0x0000,0x0000,0x0040,0x07fc,0x0040,0x0040,0x0ffe,0x0040,
    0x0040,0x07fc,0x0040,0x0040,0x0ffe,0x0000,0x0000,0x0fc8,0x0808,0x0808,0x081e,0x0fc8,
    0x0048,0x0048,0x0048,0x0858,0x0846,0x0fc0,0x0000,0x0000,0x0fc8,0x0848,0x0848,0x085e,
    0x0fc8,0x0048,0x0048,0x0048,0x0858,0x0846,0x0f80,0x0000,0x0000,0x0108,0x0d48,0x0b48,
    0x09de,0x0968,0x0948,0x0d48,0x0148,0x0058,0x0846,0x0fc0,0x0000,0x0000,0x0824,0x0924,
    0x0924,0x092e,0x0924,0x0924,0x0924,0x0924,0x0924,0x081e,0x0810,0x0000,0x0000,0x07e4,
    0x0204,0x0104,0x008e,0x0fe4,0x0a84,0x0a44,0x0924,0x0904,0x088e,0x0640,0x0000,0x0000,
    0x0604,0x01c4,0x0044,0x004e,0x0fc4,0x0444,0x0444,0x0444,0x0424,0x042e,0x0400,0x0000,
    0x0000,0x07f4,0x0444,0x0244,0x014e,0x07c4,0x0424,0x04a4,0x0514,0x0214,0x058e,0x0860,
    0x0000,0x0000,0x0104,0x0104,0x0124,0x012e,0x0f24,0x0124,0x0124,0x0124,0x0124,0x012e,
    0x0ff0,0x0000,0x0000,0x0fc8,0x0048,0x0048,0x07de,0x0448,0x0448,0x0548,0x0548,0x0238,
    0x0506,0x08e0,0x0000,0x0000,0x0044,0x0fc4,0x0824,0x082e,0x09c4,0x0804,0x0b04,0x08e4,
    0x0804,0x040e,0x0300,0x0000,0x0000,0x0104,0x0ff4,0x0084,0x008e,0x0f84,0x0844,0x0844,
    0x0824,0x0824,0x040e,0x0300,0x0000,0x0000,0x01d0,0x0208,0x0404,0x0bfa,0x0220,0x0210,
    0x014c,0x0040,0x07fc,0x0040,0x0ffe,0x0000,0x0000,0x07e4,0x0424,0x04a4,0x052e,0x0424,
    0x0ff4,0x0424,0x0424,0x0424,0x041e,0x0610,0x0000,0x0000,0x0044,0x0fc4,0x0944,0x092e,
    0x0524,0x0104,0x0104,0x0284,0x0284,0x044e,0x0830,0x0000,0x0000,0x0fe4,0x0204,0x0204,
    0x011e,0x0104,0x0584,0x0544,0x0924,0x0904,0x011e,0x0100,0x0000,0x0000,0x0040,0x0248,
    0x0248,0x0658,0x0964,0x08c2,0x0040,0x07fc,0x0040,0x0040,0x0ffe,0x0000,0x0000,0x0104,
    0x0fe4,0x0004,0x000e,0x07c4,0x0444,0x0444,0x0444,0x0444,0x042e,0x0c20,0x0000,0x0000,
    0x0104,0x0fe4,0x0904,0x090e,0x0904,0x0fe4,0x0104,0x0104,0x0284,0x044e,0x0830,0x0000,
    0x0000,0x0fd0,0x0812,0x0892,0x0492,0x0312,0x0cd0,0x0040,0x07fc,0x0040,0x0040,0x0ffe,
    0x0000,0x0000,0x07c4,0x0004,0x0004,0x000e,0x0fe4,0x0084,0x0084,0x0444,0x0444,0x0b2e,
    0x08e0,0x0000,0x0000,0x0fc8,0x0848,0x0a48,0x0a5e,0x0a48,0x0a48,0x0a48,0x0a48,0x0118,
    0x0486,0x0860,0x0000,0x0000,0x0084,0x07e4,0x0424,0x042e,0x0624,0x0024,0x0fe4,0x0804,
    0x0be4,0x080e,0x0600,0x0000,0x0000,0x0104,0x0104,0x0fe4,0x044e,0x0444,0x0444,0x0284,
    0x0284,0x0104,0x02ce,0x0c30,0x0000,0x0000,0x011e,0x0112,0x010a,0x0292,0x0292,0x044e,
    0x0802,0x0040,0x03f8,0x0040,0x0ffe,0x0000,0x0000,0x0104,0x0fe4,0x0924,0x012e,0x07e4,
    0x0424,0x04a4,0x0514,0x0214,0x058e,0x0860,0x0000,0x0000,0x0104,0x0fe4,0x0924,0x092e,
    0x0fe4,0x0924,0x0924,0x0fe4,0x0104,0x010e,0x0100,0x0000,0x0000,0x0fc8,0x0848,0x0848,
    0x0fde,0x0848,0x0848,0x0848,0x0fc8,0x0018,0x0006,0x0fe0,0x0000,0x0000,0x0108,0x0fe8,
    0x0828,0x001e,0x0048,0x0648,0x01c8,0x0048,0x0058,0x0846,0x0f80,0x0000,0x0000,0x0424,
    0x0424,0x0ff4,0x042e,0x0424,0x0424,0x07e4,0x0424,0x0424,0x042e,0x07e0,0x0000,0x0000,
    0x0ff4,0x0104,0x0104,0x092e,0x0544,0x0104,0x0104,0x0ff4,0x0104,0x010e,0x0100,0x0000,
    0x0000,0x0fc8,0x0848,0x0848,0x0fde,0x0048,0x0948,0x0548,0x0348,0x0958,0x0926,0x0e20,
    0x0000,0x0000,0x0fe4,0x0204,0x0204,0x010e,0x0184,0x0544,0x0924,0x0104,0x0104,0x010e,
    0x0fe0,0x0000,0x0000,0x0ff4,0x0404,0x0404,0x04ee,0x04a4,0x04a4,0x04a4,0x04e4,0x0404,
    0x040e,0x0700,0x0000,0x0000,0x0608,0x01c8,0x0048,0x005e,0x0fc8,0x0248,0x0348,0x0648,
    0x0a58,0x0226,0x0200,0x0000,0x0000,0x07fc,0x0040,0x07fc,0x0248,0x0ffe,0x0248,0x0248,
    0x07fc,0x0040,0x0040,0x0ffe,0x0000,0x0000,0x0108,0x0108,0x0fe8,0x001e,0x0448,0x0448,
    0x0448,0x0248,0x0258,0x0206,0x0ff0,0x0000,0x0000,0x0220,0x0ffe,0x00a0,0x0290,0x0190,
    0x08c8,0x0f86,0x0040,0x03f8,0x0040,0x0ffe,0x0000,0x0000,0x0488,0x0fe8,0x0104,0x0106,
    0x0204,0x0c44,0x0040,0x03f8,0x0040,0x0040,0x0ffe,0x0000,0x0000,0x097e,0x0924,0x0924,
    0x097e,0x0924,0x0c22,0x0040,0x03f8,0x0040,0x0040,0x0ffe,0x0000,0x0000,0x0120,0x0210,
    0x07fc,0x0208,0x0924,0x0fbe,0x0040,0x07fc,0x0040,0x0040,0x0ffe,0x0000,0x0000,0x0108,
    0x0fe8,0x0108,0x089e,0x0448,0x0288,0x0908,0x04c8,0x0218,0x0586,0x0860,0x0000,0x0000,
    0x07c4,0x0444,0x0444,0x044e,0x0c24,0x0104,0x0ff4,0x0104,0x0544,0x092e,0x0100,0x0000,
    0x0000,0x0fc8,0x0848,0x0fc8,0x085e,0x0848,0x0fc8,0x0148,0x0948,0x0a58,0x0446,0x09c0,
    0x0000,0x0000,0x0e04,0x01e4,0x0024,0x002e,0x0fe4,0x0024,0x0014,0x0fd4,0x0844,0x084e,
    0x0fc0,0x0000,0x0000,0x0ff4,0x0004,0x07e4,0x042e,0x0424,0x07e4,0x0424,0x0424,0x07e4,
    0x000e,0x0ff0,0x0000,0x0000,0x0fe8,0x0108,0x0088,0x085e,0x0fc8,0x0208,0x0208,0x0fc8,
    0x0218,0x0206,0x0fe0,0x0000,0x0000,0x07fc,0x0404,0x07fc,0x0404,0x07fc,0x0244,0x018e,
    0x0e40,0x03f8,0x0040,0x0ffe,0x0000,0x0000,0x0108,0x07de,0x0508,0x0558,0x048e,0x0948,
    0x0a0c,0x0040,0x07fc,0x0040,0x0ffe,0x0000,0x0000,0x0084,0x0ff4,0x0244,0x042e,0x07e4,
    0x0004,0x0ff4,0x0044,0x07e4,0x042e,0x0300,0x0000,0x0000,0x0104,0x0fe4,0x0824,0x092e,
    0x0104,0x0fe4,0x0444,0x0444,0x0264,0x038e,0x0c60,0x0000,0x0000,0x0fe8,0x0108,0x0fe8,
    0x093e,0x0fe8,0x0928,0x0fe8,0x0148,0x0198,0x0246,0x0c30,0x0000,0x0000,0x0488,0x0448,
    0x0fe8,0x005e,0x0fc8,0x0248,0x0228,0x0fe8,0x0218,0x0586,0x0860,0x0000,0x0000,0x07c4,
    0x0224,0x0ff4,0x092e,0x0fe4,0x0924,0x0924,0x0fe4,0x0824,0x081e,0x0e10,0x0000,0x0000,
    0x0fe4,0x0924,0x0fe4,0x092e,0x0924,0x0fe4,0x0104,0x0fe4,0x0104,0x010e,0x0fe0,0x0000,
    0x0000,0x0a04,0x0fe4,0x0224,0x022e,0x0ae4,0x0aa4,0x0aa4,0x04a4,0x04e4,0x0a1e,0x0990,
    0x0000,0x0000,0x0be8,0x0888,0x0528,0x045e,0x0008,0x0408,0x0fe8,0x0408,0x0458,0x0486,
    0x0600,0x0000,0x0000,0x0904,0x0fe4,0x0104,0x0fee,0x0924,0x0fe4,0x0924,0x0fe4,0x0924,
    0x092e,0x0d20,0x0000,0x0000,0x0fc8,0x0848,0x0848,0x0fde,0x0008,0x0fc8,0x0208,0x0fc8,
    0x0218,0x0206,0x0fc0,0x0000,0x0000,0x0108,0x0f48,0x0148,0x015e,0x0fe8,0x0148,0x0128,
    0x0988,0x0418,0x0306,0x00e0,0x0000,0x0000,0x0a04,0x0ff4,0x0204,0x02ee,0x0aa4,0x0aa4,
    0x04e4,0x0404,0x0af4,0x090e,0x08c0,0x0000,0x0000,0x0108,0x0fc8,0x0848,0x0fde,0x0048,
    0x0fc8,0x0848,0x0fc8,0x0218,0x0fe6,0x0200,0x0000,0x0000,0x0084,0x0fe4,0x0924,0x0fee,
    0x0924,0x0924,0x0fe4,0x0284,0x0244,0x0fee,0x0200,0x0000,0x0000,0x0108,0x0fe8,0x0aa8,
    0x029e,0x0a88,0x0e48,0x0008,0x07c8,0x0118,0x0106,0x0fe0,0x0000,0x0000,0x0104,0x0ff4,
    0x0104,0x07ee,0x0424,0x07e4,0x0424,0x07e4,0x0424,0x042e,0x0ff0,0x0000,0x0000,0x0108,
    0x013e,0x07c8,0x053e,0x0554,0x0594,0x053e,0x0688,0x04be,0x0848,0x0848,0x0000,0x0000,
    0x0108,0x0fe8,0x0488,0x049e,0x0fe8,0x0008,0x0008,0x0fc8,0x0858,0x0846,0x0fc0,0x0000,
    0x0000,0x0110,0x07fc,0x0110,0x01f0,0x0110,0x0ffe,0x0110,0x0248,0x0df6,0x0040,0x07fc,
    0x0000,0x0000,0x0104,0x0fe4,0x0284,0x044e,0x0824,0x0fe4,0x0804,0x09e4,0x0924,0x09ee,
    0x0c00,0x0000,0x0000,0x0248,0x0148,0x0ffe,0x0802,0x0bfa,0x0208,0x03f8,0x0040,0x03f8,
    0x0040,0x0ffe,0x0000,0x0000,0x0208,0x0fbe,0x0104,0x0f3c,0x0924,0x08a2,0x0cb2,0x0040,
    0x07fc,0x0040,0x0ffe,0x0000,0x0000,0x0fbe,0x080a,0x093e,0x0522,0x023e,0x030a,0x0cfe,
    0x0040,0x03f8,0x0040,0x0ffe,0x0000,0x0000,0x0488,0x0488,0x0fc8,0x025e,0x0fe8,0x0248,
    0x0248,0x0fc8,0x0258,0x0246,0x0fc0,0x0000,0x0000,0x0208,0x0ffe,0x0208,0x07fc,0x0444,
    0x0444,0x07fc,0x0040,0x07fc,0x0040,0x0ffe,0x0000,0x0000,0x0104,0x0ff4,0x0444,0x042e,
    0x0bf4,0x0424,0x07e4,0x0424,0x07e4,0x042e,0x0620,0x0000,0x0000,0x0ffe,0x00a0,0x07bc,
    0x0404,0x07bc,0x00a0,0x0ffe,0x0040,0x07fc,0x0040,0x0ffe,0x0000,0x0000,0x0ee4,0x0aa4,
    0x0aa4,0x0eee,0x0aa4,0x0aa4,0x0ee4,0x0aa4,0x0aa4,0x0aae,0x0aa0,0x0000,0x0000,0x0f08,
    0x01fe,0x0f14,0x057e,0x0510,0x04fe,0x0490,0x0040,0x07fc,0x0040,0x0ffe,0x0000,0x0000,
    0x021e,0x0fd2,0x010a,0x0f92,0x08d2,0x0f8e,0x0882,0x0040,0x03f8,0x0040,0x0ffe,0x0000,
    0x0000,0x0fe4,0x0284,0x0fe4,0x0aae,0x0e64,0x0824,0x0fe4,0x0104,0x0fe4,0x010e,0x0fe0,
    0x0000,0x0000,0x07a4,0x0424,0x0424,0x0fee,0x00b4,0x0fa4,0x0264,0x0fe4,0x0224,0x052e,
    0x08e0,0x0000,0x0000,0x07e8,0x0428,0x07e4,0x0106,0x0ff4,0x0544,0x0934,0x0040,0x03f8,
    0x0040,0x0ffe,0x0000,0x0000,0x07e4,0x0424,0x07e4,0x042e,0x07e4,0x0004,0x0ff4,0x0124,
    0x0724,0x01ee,0x0e18,0x0000,0x0000,0x0444,0x0ff4,0x0444,0x07ce,0x0444,0x0444,0x0ff4,
    0x02a4,0x0e64,0x002e,0x0fc0,0x0000,0x0000,0x0040,0x07fc,0x0040,0x0ffe,0x0208,0x0fbe,
    0x0208,0x0ffe,0x0090,0x0888,0x0f86,0x0000,0x0000,0x0fe4,0x08a4,0x0fa4,0x08ae,0x0fa4,
    0x0124,0x0fe4,0x0524,0x0724,0x08ae,0x0fe0,0x0000,0x0000,0x0f88,0x08be,0x0088,0x0ffe,
    0x08a4,0x0aa4,0x0afe,0x0488,0x043e,0x0b08,0x08c8,0x0000,0x0000,0x07e4,0x0424,0x07e4,
    0x042e,0x0fe4,0x0044,0x0ff4,0x0a44,0x0924,0x089e,0x0640,0x0000,0x0000,0x0104,0x0fe4,
    0x0904,0x050e,0x0fe4,0x0084,0x0fc4,0x0874,0x0fc4,0x084e,0x0fc0,0x0000,0x0000,0x0fe4,
    0x0aa4,0x0aa4,0x0fee,0x0004,0x0fe4,0x0104,0x0f24,0x0124,0x012e,0x0fe0,0x0000,0x0000,
    0x0084,0x0fe4,0x0924,0x0fee,0x0924,0x0924,0x0fe4,0x0544,0x0d44,0x012e,0x0f10,0x0000,
    0x0000,0x0954,0x0552,0x02a8,0x0444,0x0ffe,0x0842,0x0842,0x03f8,0x0040,0x0040,0x0ffe,
    0x0000,0x0000,0x07e4,0x0424,0x05a4,0x042e,0x05a4,0x0004,0x0ff4,0x0aa4,0x0cc4,0x0aae,
    0x0dd0,0x0000,0x0000,0x094e,0x054a,0x0fea,0x028e,0x0fea,0x044a,0x092e,0x011a,0x07ca,
    0x010a,0x0fea,0x0000,0x0000,0x0f94,0x08be,0x0f88,0x08aa,0x0fbe,0x0888,0x0c44,0x0040,
    0x03f8,0x0040,0x0ffe,0x0000,0x0000,0x0204,0x0ff4,0x0254,0x025e,0x0fd4,0x0474,0x0fd4,
    0x0454,0x04d4,0x057e,0x0600,0x0000,0x0000,0x0488,0x0fe8,0x0488,0x031e,0x0488,0x0848,
    0x07a8,0x0008,0x0fd8,0x0846,0x0fc0,0x0000,0x0000,0x07c4,0x0828,0x07c2,0x0104,0x0ff0,
    0x0144,0x0522,0x0840,0x03f8,0x0040,0x0ffe,0x0000,0x0000,0x0204,0x0fe4,0x0a24,0x0fee,
    0x0a24,0x0fa4,0x0024,0x0fa4,0x08a4,0x089e,0x0f90,0x0000,0x0000,0x0fe8,0x0828,0x0fc8,
    0x011e,0x0988,0x0668,0x0348,0x06c8,0x0a38,0x0a06,0x01c0,0x0000,0x0000,0x0040,0x0ffe,
    0x0912,0x0bfa,0x0110,0x0ffe,0x0248,0x05f4,0x0842,0x0040,0x0ffe,0x0000,0x0000,0x0084,
    0x07e4,0x0424,0x07ee,0x0024,0x0fe4,0x0024,0x0fe4,0x0804,0x095e,0x0d50,0x0000,0x0000,
    0x0104,0x0ff4,0x0104,0x0fee,0x0824,0x0fe4,0x0824,0x0ff4,0x0004,0x044e,0x0820,0x0000,
    0x0000,0x07e4,0x04a4,0x0764,0x042e,0x07e4,0x0004,0x0fe4,0x0aa4,0x0aa4,0x0aae,0x0ff0,
    0x0000,0x0000,0x0fbe,0x08a2,0x0fbe,0x08a2,0x0fbe,0x0892,0x0cae,0x0040,0x07fc,0x0040,
    0x0ffe,0x0000,0x0000,0x0080,0x0ffc,0x0924,0x0ffc,0x0114,0x0774,0x0914,0x0ebc,0x01c2,
    0x0082,0x0ff8,0x0000,0x0000,0x0f10,0x01fe,0x0f54,0x057c,0x0554,0x04fe,0x0490,0x0040,
    0x07fc,0x0040,0x0ffe,0x0000,0x0000,0x0108,0x07fe,0x0524,0x057c,0x0490,0x097e,0x0a48,
    0x0040,0x07fc,0x0040,0x0ffe,0x0000,0x0000,0x0fe4,0x0824,0x0fe4,0x022e,0x0ee4,0x0224,
    0x02a4,0x0fa4,0x0254,0x0fce,0x0200,0x0000,0x0000,0x0084,0x0ff4,0x0244,0x024e,0x0ff4,
    0x0424,0x07e4,0x0424,0x07e4,0x024e,0x0e30,0x0000,0x0000,0x0fbe,0x042a,0x023e,0x0fea,
    0x0a3e,0x0208,0x037e,0x0040,0x07fc,0x0040,0x0ffe,0x0000,0x0000,0x0108,0x07be,0x0508,
    0x053e,0x0494,0x097e,0x0a48,0x0040,0x07fc,0x0040,0x0ffe,0x0000,0x0000,0x0104,0x0ff4,
    0x0284,0x0fee,0x0aa4,0x0a64,0x0fa4,0x0aa4,0x0aa4,0x0bae,0x0c20,0x0000,0x0000,0x0110,
    0x0ffe,0x0110,0x03f8,0x0208,0x0ffe,0x0110,0x0248,0x0df6,0x0040,0x07fc,0x0000,0x0000,
    0x0244,0x0ef4,0x0144,0x00fe,0x0f94,0x08f4,0x0494,0x02f4,0x094c,0x09f6,0x0e40,0x0000,
    0x0000,0x0104,0x0fe4,0x0944,0x054e,0x0ff4,0x0004,0x0fe4,0x0aa4,0x0ba4,0x082e,0x0fe0,
    0x0000,0x0000,0x024e,0x0fea,0x0286,0x0b6a,0x068a,0x0a76,0x0982,0x0040,0x03f8,0x0040,
    0x0ffe,0x0000,0x0000,0x0244,0x0ff4,0x0914,0x0b5e,0x0914,0x0ff4,0x0424,0x07e4,0x0424,
    0x042e,0x07e0,0x0000,0x0000,0x0784,0x0084,0x0ff4,0x085e,0x07f4,0x0054,0x07d4,0x0a94,
    0x0ef4,0x028e,0x0fe0,0x0000,0x0000,0x0ff4,0x0524,0x0344,0x0ffe,0x0544,0x0924,0x0ff4,
    0x0924,0x0fe4,0x092e,0x0fe0,0x0000,0x0000,0x07fc,0x0554,0x0444,0x07fc,0x0040,0x0ffe,
    0x0494,0x0922,0x03f8,0x0040,0x0ffe,0x0000,0x0000,0x0244,0x0ff4,0x0a04,0x09ee,0x08a4,
    0x0ae4,0x0a84,0x0444,0x05f4,0x0a4e,0x0960,0x0000,0x0000,0x0fee,0x008a,0x0fc6,0x022a,
    0x0fda,0x084a,0x0fc6,0x0842,0x07fc,0x0040,0x0ffe,0x0000,0x0000,0x0104,0x0fe4,0x0104,
    0x054e,0x0ff4,0x0444,0x0fe4,0x0824,0x0fe4,0x044e,0x0830,0x0000,0x0000,0x0fbe,0x0894,
    0x0ffe,0x0894,0x0faa,0x04a4,0x0b9a,0x0040,0x07fc,0x0040,0x0ffe,0x0000,0x0000,0x023c,
    0x0fe4,0x04bc,0x0fc2,0x023e,0x0fe4,0x023c,0x0040,0x07fc,0x0040,0x0ffe,0x0000,0x0000,
    0x0040,0x0ffe,0x0244,0x0fea,0x0254,0x025e,0x0fc8,0x0044,0x07fc,0x0040,0x0ffe,0x0000,
    0x0000,0x00a0,0x064c,0x04a4,0x075c,0x04a4,0x0ffe,0x0802,0x0040,0x07fc,0x0040,0x0ffe,
    0x0000,0x0000,0x0104,0x0ff4,0x0aa4,0x0bae,0x0824,0x0fe4,0x0444,0x07c4,0x0444,0x044e,
    0x0ff0,0x0000,0x0000,0x0f10,0x09fe,0x0aaa,0x0a54,0x05fe,0x0a44,0x097c,0x0040,0x07fc,
    0x0040,0x0ffe,0x0000,0x0000,0x0ffe,0x024a,0x0a7a,0x0f82,0x027a,0x034a,0x04fa,0x084a,
    0x07fa,0x0080,0x0ffe,0x0000,0x0000,0x0104,0x0ff4,0x0244,0x0ffe,0x0814,0x0fe4,0x0144,
    0x0b34,0x0684,0x0a6e,0x0180,0x0000,0x0000,0x03f8,0x0248,0x03f8,0x0248,0x0ffe,0x0aaa,
    0x0fbe,0x0040,0x07fc,0x0040,0x0ffe,0x0000,0x0000,0x0104,0x0ff4,0x0aa4,0x0aae,0x0fe4,
    0x0104,0x0d64,0x0284,0x0a74,0x044e,0x09e0,0x0000,0x0000,0x0f88,0x00be,0x0fa4,0x087e,
    0x0fa4,0x00bc,0x0fa4,0x0040,0x03f8,0x0040,0x0ffe,0x0000,0x0000,0x0fe4,0x0924,0x04a4,
    0x0fee,0x04a4,0x0ee4,0x04a4,0x0224,0x0ea4,0x029e,0x0fd0,0x0000,0x0000,0x0104,0x0ff4,
    0x0aa4,0x0eee,0x0284,0x0ff4,0x0284,0x0ff4,0x0544,0x023e,0x0ce0,0x0000,0x0000,0x0fe4,
    0x0104,0x0fe4,0x092e,0x0584,0x0ef4,0x0aa4,0x0ff4,0x0a54,0x0ffe,0x0a40,0x0000,0x0000,
    0x0040,0x0040,0x0040,0x0ffe,0x0040,0x0040,0x0040,0x0040,0x0040,0x0040,0x07fc,0x0000,
    0x0000,0x0780,0x007c,0x0040,0x0040,0x0040,0x0ffe,0x0040,0x0040,0x0040,0x0040,0x07fc,
    0x0000,0x0000,0x0108,0x0108,0x010a,0x0fec,0x0108,0x0108,0x0108,0x010c,0x010a,0x0108,
    0x0fe8,0x0000,0x0000,0x0212,0x0212,0x0212,0x0ffe,0x0210,0x0210,0x021e,0x0214,0x0214,
    0x0212,0x0fd2,0x0000,0x0000,0x0040,0x0ffe,0x0040,0x07fc,0x0000,0x07fc,0x0444,0x0444,
    0x07fc,0x0002,0x0002,0x0000,0x0000,0x0040,0x0ffe,0x0040,0x07fc,0x0000,0x0ffe,0x0802,
    0x01f0,0x0110,0x0908,0x0f06,0x0000,0x0000,0x0040,0x0ffe,0x0040,0x07fc,0x0000,0x0ffe,
    0x08a2,0x02a8,0x01b0,0x00a0,0x0ffe,0x0000,0x0000,0x0040,0x0ffe,0x0040,0x0ffe,0x0802,
    0x0bfa,0x0208,0x03f8,0x0110,0x0110,0x0ffe,0x0000,0x0000,0x0040,0x0ffe,0x0040,0x0ffe,
    0x08a2,0x0bba,0x0208,0x03b8,0x00a0,0x00a0,0x0ffe,0x0000,0x0000,0x0040,0x07fc,0x0040,
    0x0ffe,0x0800,0x03fc,0x0440,0x0ffe,0x0414,0x0454,0x069c,0x0000,0x0000,0x0108,0x0178,
    0x0144,0x0344,0x054a,0x092a,0x0128,0x0110,0x0110,0x0068,0x0f86,0x0000,0x0000,0x0020,
    0x03f0,0x012c,0x00c0,0x0330,0x0c0e,0x03f8,0x0248,0x03f8,0x0248,0x03f8,0x0000,0x0000,
    0x0008,0x0ff8,0x0404,0x07fe,0x0404,0x07fc,0x0008,0x07fc,0x020a,0x01f0,0x0e0e,0x0000,
    0x0000,0x0ffe,0x0040,0x07f8,0x0408,0x07f8,0x0408,0x07f8,0x0210,0x022c,0x01e0,0x0e1e,
    0x0000,0x0000,0x03f0,0x0108,0x07fc,0x04a6,0x0514,0x07fc,0x0404,0x07fc,0x0216,0x01e0,
    0x0e1e,0x0000,0x0000,0x0110,0x0ffe,0x0aa8,0x0efa,0x02aa,0x0efe,0x0228,0x0de6,0x0118,
    0x00e0,0x0f1e,0x0000,0x0000,0x0020,0x07e0,0x0410,0x0410,0x0428,0x0244,0x0280,0x0100,
    0x0080,0x0060,0x001c,0x0000,0x0000,0x0104,0x013c,0x0124,0x0124,0x032a,0x0532,0x0920,
    0x0110,0x0110,0x0108,0x0106,0x0000,0x0000,0x07fc,0x0404,0x07fc,0x0424,0x05e4,0x0524,
    0x0554,0x0594,0x0904,0x08c2,0x0832,0x0000,0x0000,0x0040,0x03e0,0x021c,0x0120,0x00c0,
    0x0f30,0x088e,0x0860,0x0480,0x0300,0x00f8,0x0000,0x0000,0x0040,0x0ffe,0x0048,0x07c8,
    0x04a4,0x0524,0x0256,0x0294,0x0104,0x02c4,0x0c34,0x0000,0x0000,0x0204,0x0f7c,0x08c2,
    0x0542,0x025c,0x01d4,0x0e54,0x095c,0x0ac0,0x0420,0x0398,0x0000,0x0000,0x0088,0x0fbc,
    0x0862,0x0814,0x0b88,0x0a86,0x0ab8,0x0ba4,0x082a,0x0810,0x060e,0x0000,0x0000,0x0110,
    0x0ffe,0x0110,0x07fc,0x04a4,0x0ffe,0x0822,0x0bfa,0x0220,0x01c0,0x003c,0x0000,0x0000,
    0x07e0,0x041c,0x0220,0x0ffe,0x0842,0x0bfa,0x0248,0x03f8,0x0248,0x03f8,0x0c06,0x0000,
    0x0000,0x013e,0x0f2a,0x08fe,0x052a,0x033e,0x00c8,0x0f3e,0x08c8,0x051c,0x030a,0x00e8,
    0x0000,0x0000,0x0040,0x0040,0x0040,0x0ffe,0x0040,0x0040,0x00a0,0x00a0,0x0110,0x0208,
    0x0c06,0x0000,0x0000,0x07fc,0x0040,0x0040,0x0040,0x0ffe,0x0040,0x0040,0x00a0,0x0110,
    0x0208,0x0c06,0x0000,0x0000,0x0040,0x0040,0x0ffe,0x0040,0x00a0,0x00a0,0x0110,0x0110,
    0x0208,0x0444,0x0882,0x0000,0x0000,0x0040,0x0040,0x07fc,0x0040,0x0040,0x0ffe,0x0040,
    0x00a0,0x0110,0x0208,0x0c06,0x0000,0x0000,0x0040,0x0040,0x07fc,0x0440,0x0440,0x0440,
    0x0ffe,0x00a0,0x0110,0x0208,0x0c06,0x0000,0x0000,0x0780,0x007c,0x0040,0x0040,0x0ffe,
    0x0040,0x0040,0x00a0,0x0110,0x0208,0x0c06,0x0000,0x0000,0x0040,0x07fc,0x0444,0x0444,
    0x0444,0x0444,0x0ffe,0x0040,0x00a0,0x0318,0x0c06,0x0000,0x0000,0x0040,0x0ffe,0x00a0,
    0x0318,0x0c06,0x0020,0x07fc,0x0420,0x0420,0x0410,0x030e,0x0000,0x0000,0x0048,0x0048,
    0x07f8,0x0044,0x0042,0x0ffe,0x0040,0x00a0,0x0110,0x0208,0x0c06,0x0000,0x0000,0x0080,
    0x0098,0x00a0,0x008c,0x0090,0x0080,0x0ffe,0x0140,0x0220,0x0418,0x0806,0x0000,0x0000,
    0x0040,0x0ffe,0x0040,0x07fc,0x0440,0x07fc,0x0044,0x0ffe,0x08a0,0x0318,0x0c06,0x0000,
    0x0000,0x0040,0x0ffe,0x0110,0x0208,0x05f4,0x0802,0x07fc,0x0010,0x07f8,0x0408,0x0380,
    0x0000,0x0000,0x0040,0x07fc,0x0040,0x0248,0x0150,0x0040,0x0ffe,0x00a0,0x0110,0x0208,
    0x0c06,0x0000,0x0000,0x0040,0x0ffe,0x00a0,0x0318,0x0c06,0x0200,0x0ffe,0x0200,0x0208,
    0x0210,0x0380,0x0000,0x0000,0x0040,0x0ffe,0x0040,0x0248,0x0248,0x0554,0x0842,0x00a0,
    0x0110,0x0208,0x0c06,0x0000,0x0000,0x0040,0x0ffe,0x0110,0x0248,0x0ffc,0x024a,0x03f8,
    0x0248,0x03f8,0x0840,0x0fc0,0x0000,0x0000,0x0040,0x07fc,0x00a0,0x0110,0x0208,0x0ffe,
    0x0200,0x0278,0x0248,0x0278,0x0300,0x0000,0x0000,0x0040,0x0ffe,0x0120,0x0210,0x05f8,
    0x0806,0x03f8,0x0040,0x0444,0x0842,0x0060,0x0000,0x0000,0x0040,0x0ffe,0x0020,0x07fc,
    0x0110,0x0ffe,0x0248,0x05f4,0x0842,0x07fc,0x0040,0x0000,0x0000,0x0040,0x0ffe,0x0040,
    0x00a0,0x0318,0x0c06,0x07fc,0x0444,0x07fc,0x0444,0x07fc,0x0000,0x0000,0x0040,0x0ffe,
    0x0210,0x0448,0x0bf6,0x0040,0x07fc,0x0040,0x03f8,0x0040,0x0ffe,0x0000,0x0000,0x0040,
    0x0ffe,0x0020,0x03f8,0x0110,0x0ffe,0x0248,0x07fc,0x08a2,0x0110,0x060c,0x0000,0x0000,
    0x03f0,0x0108,0x07fc,0x04a6,0x0794,0x040c,0x0444,0x0ffe,0x00a0,0x0318,0x0c06,0x0000,
    0x0000,0x0fc8,0x093e,0x0908,0x08bc,0x0888,0x063e,0x0040,0x0ffe,0x00a0,0x0318,0x0c06,
    0x0000,0x0000,0x0040,0x0ffe,0x0120,0x0258,0x0c46,0x03f8,0x0150,0x0110,0x0ffe,0x0108,
    0x0108,0x0000,0x0000,0x0040,0x0ffe,0x0120,0x0524,0x0922,0x0110,0x0040,0x0ffe,0x00a0,
    0x0318,0x0c06,0x0000,0x0000,0x0090,0x0f92,0x0894,0x0950,0x0618,0x01d6,0x0040,0x0ffe,
    0x00a0,0x0318,0x0c06,0x0000,0x0000,0x0040,0x0ffe,0x0110,0x03f8,0x0c16,0x01f0,0x0010,
    0x0ffe,0x0020,0x0410,0x07fc,0x0000,0x0000,0x0212,0x0ffe,0x0210,0x021e,0x0fd4,0x0012,
    0x0040,0x0ffe,0x00a0,0x0318,0x0c06,0x0000,0x0000,0x05fc,0x0424,0x0248,0x0090,0x0248,
    0x07fc,0x0040,0x0ffe,0x00a0,0x0318,0x0c06,0x0000,0x0000,0x0110,0x0ffe,0x00a0,0x07fc,
    0x04a4,0x0514,0x07fc,0x0404,0x0ffe,0x0110,0x0e0e,0x0000,0x0000,0x0040,0x0ffe,0x0210,
    0x0448,0x0bf6,0x0140,0x0ffe,0x0410,0x07f8,0x0416,0x07f0,0x0000,0x0000,0x0020,0x07fc,
    0x0554,0x0444,0x07fc,0x0444,0x0554,0x0ffe,0x00a0,0x0318,0x0c06,0x0000,0x0000,0x0040,
    0x07fc,0x0484,0x0574,0x0554,0x07fc,0x0464,0x0554,0x0ffe,0x0110,0x0e0e,0x0000,0x0000,
    0x0040,0x0ffe,0x0228,0x04a4,0x0bf2,0x009c,0x03f0,0x0090,0x0ffe,0x0208,0x0310,0x0000,
    0x0000,0x0040,0x0ffe,0x0248,0x075c,0x0554,0x075c,0x0554,0x075c,0x00a0,0x0318,0x0c06,
    0x0000,0x0000,0x0040,0x0ffe,0x0208,0x0494,0x0bfa,0x008c,0x07fa,0x0088,0x07fc,0x0484,
    0x07fc,0x0000,0x0000,0x0020,0x0020,0x0ffe,0x0210,0x0210,0x0210,0x0108,0x0138,0x00c0,
    0x0330,0x0c0e,0x0000,0x0000,0x0fc4,0x0804,0x083e,0x08a4,0x08a4,0x0514,0x0512,0x020e,
    0x0338,0x0484,0x0864,0x0000,0x0000,0x03e4,0x0244,0x025e,0x0254,0x0e54,0x0854,0x0852,
    0x084e,0x0838,0x0424,0x0324,0x0000,0x0000,0x0fe4,0x0104,0x011e,0x0114,0x0114,0x0ff4,
    0x0112,0x010e,0x0118,0x0104,0x0104,0x0000,0x0000,0x0104,0x0d44,0x0b5e,0x09d4,0x0974,
    0x0954,0x0d52,0x014e,0x0058,0x0844,0x0fc4,0x0000,0x0000,0x07c4,0x0404,0x021e,0x0114,
    0x0114,0x0ff4,0x0112,0x010e,0x0118,0x0104,0x01c4,0x0000,0x0000,0x0044,0x0fc4,0x085e,
    0x0834,0x0814,0x0894,0x0912,0x080e,0x0818,0x0404,0x0304,0x0000,0x0000,0x0008,0x0f88,
    0x08be,0x08a4,0x08a4,0x08a4,0x08a2,0x0896,0x0898,0x08a4,0x0fa2,0x0000,0x0000,0x0fc4,
    0x0804,0x081e,0x0814,0x0fd4,0x0054,0x0052,0x004e,0x0858,0x0844,0x0fc4,0x0000,0x0000,
    0x0040,0x0ffe,0x0008,0x0008,0x07f0,0x0040,0x0ffe,0x0210,0x0118,0x01e0,0x061c,0x0000,
    0x0000,0x0110,0x0112,0x0ff2,0x0494,0x0494,0x0490,0x0450,0x02d8,0x0314,0x0492,0x0870,
    0x0000,0x0000,0x0fc4,0x0804,0x081e,0x0814,0x0814,0x0fd4,0x0812,0x080e,0x0818,0x0804,
    0x0fc4,0x0000,0x0000,0x07c4,0x0404,0x049e,0x0494,0x0254,0x0254,0x0fd2,0x080e,0x0bd8,
    0x0804,0x0604,0x0000,0x0000,0x0604,0x01e4,0x011e,0x0114,0x0114,0x0ff4,0x0112,0x010e,
    0x0118,0x0104,0x0fe4,0x0000,0x0000,0x0fe4,0x0484,0x049e,0x0494,0x0ff4,0x0494,0x0492,
    0x048e,0x0498,0x0444,0x0444,0x0000,0x0000,0x0e04,0x01c4,0x005e,0x0fd4,0x0854,0x0854,
    0x0fd2,0x004e,0x0058,0x0024,0x0024,0x0000,0x0000,0x0104,0x0ff4,0x011e,0x0114,0x07f4,
    0x0414,0x0452,0x044e,0x0298,0x0384,0x0c74,0x0000,0x0000,0x0604,0x01c4,0x011e,0x0114,
    0x0114,0x0ff4,0x0112,0x010e,0x0298,0x0444,0x0834,0x0000,0x0000,0x0104,0x0104,0x055e,
    0x0934,0x0114,0x0114,0x0192,0x080e,0x0418,0x0304,0x00e4,0x0000,0x0000,0x0112,0x0112,
    0x0ff2,0x049e,0x0490,0x0490,0x045e,0x02d4,0x0314,0x0492,0x0872,0x0000,0x0000,0x07e4,
    0x0484,0x049e,0x0494,0x0494,0x0ff4,0x0452,0x044e,0x0458,0x0444,0x0fe4,0x0000,0x0000,
    0x0244,0x0244,0x0a5e,0x07d4,0x0254,0x0254,0x0252,0x024e,0x0258,0x0bc4,0x0e64,0x0000,
    0x0000,0x07e4,0x0404,0x029e,0x0114,0x0ff4,0x0914,0x0512,0x010e,0x0118,0x0104,0x0184,
    0x0000,0x0000,0x07fc,0x0400,0x0224,0x0248,0x0000,0x0020,0x0ffe,0x0210,0x0118,0x01e0,
    0x061c,0x0000,0x0000,0x0104,0x0fe4,0x011e,0x0114,0x0f14,0x0894,0x0892,0x084e,0x0858,
    0x0404,0x0304,0x0000,0x0000,0x0fc4,0x0844,0x085e,0x0fd4,0x0054,0x0954,0x0552,0x034e,
    0x0948,0x0934,0x0e22,0x0000,0x0000,0x0204,0x0204,0x0fde,0x0a54,0x0a54,0x0a54,0x0fd2,
    0x0a4e,0x0a58,0x0a44,0x0fc4,0x0000,0x0000,0x0fc4,0x0844,0x085e,0x0fd4,0x0854,0x0854,
    0x0852,0x0fce,0x0018,0x0004,0x0fe4,0x0000,0x0000,0x0044,0x0fc4,0x085e,0x0934,0x0114,
    0x0554,0x0552,0x092e,0x0928,0x0104,0x0184,0x0000,0x0000,0x0104,0x0fe4,0x011e,0x0114,
    0x0ff4,0x0114,0x0112,0x038e,0x0548,0x0934,0x0104,0x0000,0x0000,0x0040,0x0ffe,0x0240,
    0x0ffc,0x0240,0x03f8,0x0020,0x0ffe,0x0210,0x01f0,0x060c,0x0000,0x0000,0x0040,0x0ffe,
    0x0110,0x0110,0x0ffe,0x0020,0x0ffe,0x0210,0x0118,0x01f0,0x0e0e,0x0000,0x0000,0x07c4,
    0x0444,0x04de,0x0554,0x0ff4,0x0454,0x04d2,0x052e,0x0fe8,0x0404,0x0304,0x0000,0x0000,
    0x0104,0x0d04,0x03de,0x0154,0x0154,0x0fd4,0x0912,0x098e,0x0958,0x0d24,0x0104,0x0000,
    0x0000,0x0104,0x0884,0x085e,0x0fd4,0x0014,0x0014,0x0fd2,0x084e,0x0858,0x0844,0x0fc4,
    0x0000,0x0000,0x07c4,0x0544,0x055e,0x0554,0x0554,0x0ff4,0x0552,0x054e,0x0558,0x0544,
    0x0544,0x0000,0x0000,0x07c4,0x0444,0x045e,0x07d4,0x0454,0x0454,0x07d2,0x044e,0x0458,
    0x0444,0x0fe4,0x0000,0x0000,0x0204,0x0204,0x0fde,0x0214,0x0214,0x0214,0x0fd2,0x084e,
    0x0858,0x0844,0x0fc4,0x0000,0x0000,0x0444,0x0444,0x04de,0x0554,0x0454,0x0454,0x0452,
    0x02ce,0x0238,0x0504,0x08c4,0x0000,0x0000,0x0244,0x0244,0x0fde,0x0254,0x0214,0x0214,
    0x0fd2,0x020e,0x0218,0x0204,0x0fe4,0x0000,0x0000,0x07fc,0x0040,0x0ffe,0x0160,0x0258,
    0x0c46,0x0020,0x0ffe,0x0210,0x01f0,0x060c,0x0000,0x0000,0x0484,0x0284,0x0fde,0x0494,
    0x0494,0x0494,0x0ff2,0x048e,0x0498,0x0444,0x0444,0x0000,0x0000,0x0284,0x0aa4,0x06de,
    0x0294,0x0294,0x0294,0x06d2,0x0aae,0x0288,0x0a44,0x0e34,0x0000,0x0000,0x0110,0x0ffe,
    0x0040,0x03f8,0x0040,0x0ffe,0x0020,0x0ffe,0x0210,0x01f0,0x060c,0x0000,0x0000,0x0104,
    0x0fc4,0x001e,0x0494,0x0854,0x0014,0x0452,0x028e,0x0118,0x0284,0x0c64,0x0000,0x0000,
    0x0084,0x0fe4,0x049e,0x0294,0x0ff4,0x0094,0x0652,0x01ce,0x0058,0x0844,0x0fc4,0x0000,
    0x0000,0x0020,0x07fc,0x0110,0x0118,0x01f0,0x0208,0x0ffe,0x04a4,0x04a6,0x0738,0x08c6,
    0x0000,0x0000,0x0104,0x0fe4,0x011e,0x0fd4,0x0914,0x0fd4,0x0152,0x0fce,0x0938,0x0284,
    0x0c64,0x0000,0x0000,0x0fe4,0x0104,0x009e,0x0854,0x0fd4,0x0214,0x0212,0x0fce,0x0218,
    0x0204,0x0fe4,0x0000,0x0000,0x0fc4,0x0244,0x025e,0x0f54,0x0954,0x0954,0x0f52,0x024e,
    0x0258,0x0244,0x0fc4,0x0000,0x0000,0x0784,0x0844,0x003e,0x0794,0x0014,0x0014,0x0fd2,
    0x084e,0x0858,0x0844,0x0fc4,0x0000,0x0000,0x0fe4,0x0924,0x093e,0x0fe4,0x0924,0x0924,
    0x0922,0x0aae,0x0c78,0x0824,0x0fe4,0x0000,0x0000,0x0040,0x0fce,0x0920,0x0288,0x0c46,
    0x0020,0x0ffe,0x0210,0x0118,0x01f0,0x0e0e,0x0000,0x0000,0x0a00,0x0ffc,0x0204,0x02fc,
    0x0a24,0x0bfc,0x0a94,0x0494,0x0454,0x0a62,0x099a,0x0000,0x0000,0x0104,0x0fc4,0x011e,
    0x0114,0x0ff4,0x0114,0x0112,0x0fce,0x0118,0x0104,0x0fe4,0x0000,0x0000,0x0248,0x0150,
    0x0ffe,0x0248,0x0444,0x0020,0x0ffe,0x0210,0x0118,0x00e0,0x071c,0x0000,0x0000,0x0604,
    0x01c4,0x011e,0x0ff4,0x0294,0x0454,0x0832,0x048e,0x0498,0x0444,0x0444,0x0000,0x0000,
    0x0104,0x0fc4,0x095e,0x0fd4,0x0954,0x0ff4,0x0092,0x0fce,0x0858,0x0804,0x0604,0x0000,
    0x0000,0x0fc4,0x0a44,0x0fde,0x0a54,0x0a54,0x0fd4,0x0212,0x0fce,0x0218,0x0204,0x0fc4,
    0x0000,0x0000,0x0104,0x0548,0x0922,0x0104,0x0590,0x0208,0x0124,0x0ffe,0x0210,0x01f0,
    0x0e0e,0x0000,0x0000,0x0fc4,0x0844,0x0fde,0x0054,0x0fd4,0x0254,0x0fd2,0x024e,0x0fa8,
    0x0224,0x0e04,0x0000,0x0000,0x0104,0x0fc4,0x085e,0x0fd4,0x0854,0x0fd4,0x0952,0x054e,
    0x0258,0x0444,0x09c4,0x0000,0x0000,0x0f04,0x0944,0x095e,0x0f54,0x0054,0x0fd4,0x0912,
    0x0fee,0x0118,0x0284,0x0c64,0x0000,0x0000,0x0ef4,0x0aa4,0x0afe,0x0aa4,0x06a4,0x0af4,
    0x0aa2,0x0aae,0x0a98,0x0694,0x0264,0x0000,0x0000,0x0fc4,0x0844,0x0fde,0x0014,0x0fd4,
    0x0854,0x0fd2,0x084e,0x0fd8,0x0844,0x0c44,0x0000,0x0000,0x0ff4,0x0014,0x07de,0x0014,
    0x0014,0x0ff4,0x0252,0x0a5e,0x0a48,0x0444,0x09e4,0x0000,0x0000,0x0484,0x0284,0x0fde,
    0x0914,0x0fd4,0x0154,0x0fd2,0x090e,0x0998,0x0744,0x0124,0x0000,0x0000,0x0ae4,0x0a44,
    0x025e,0x0ff4,0x0254,0x0a54,0x0a52,0x04ce,0x0478,0x0a44,0x0964,0x0000,0x0000,0x03c4,
    0x0224,0x011e,0x0ff4,0x0914,0x0914,0x0ff2,0x028e,0x0298,0x0a44,0x0e34,0x0000,0x0000,
    0x0fc4,0x0844,0x085e,0x0fd4,0x0014,0x0fd4,0x0112,0x0fee,0x0118,0x0284,0x0c64,0x0000,
    0x0000,0x0ff4,0x00a4,0x0ffe,0x08a4,0x0aa4,0x0ae4,0x0ab2,0x04ae,0x04e8,0x0ab4,0x0984,
    0x0000,0x0000,0x0fbe,0x0824,0x08bc,0x04a4,0x033c,0x0ce6,0x0020,0x0ffe,0x0210,0x01f0,
    0x0e0e,0x0000,0x0000,0x07c4,0x0444,0x07de,0x0454,0x07d4,0x0014,0x0ff2,0x082e,0x0fe8,
    0x0824,0x0fe4,0x0000,0x0000,0x0fe4,0x08a4,0x08be,0x0e64,0x0aa4,0x0aa4,0x0ab2,0x0eae,
    0x0868,0x0824,0x0c24,0x0000,0x0000,0x0040,0x07fc,0x0444,0x0ffe,0x0444,0x0ffe,0x0842,
    0x0ffe,0x0210,0x01f0,0x0e0e,0x0000,0x0000,0x0104,0x0fe8,0x0922,0x07e4,0x04a8,0x0324,
    0x0492,0x0ffe,0x0210,0x01f0,0x0e0e,0x0000,0x0000,0x0104,0x0ff4,0x081e,0x0ef4,0x0a94,
    0x0a94,0x0ab2,0x0ece,0x0298,0x0a44,0x0e34,0x0000,0x0000,0x0104,0x0fc4,0x011e,0x0fd4,
    0x0114,0x0fd4,0x0892,0x054e,0x0278,0x0444,0x09e4,0x0000,0x0000,0x0104,0x0fc4,0x091e,
    0x0ff4,0x0914,0x0fd4,0x0112,0x0f4e,0x0158,0x01c4,0x0e34,0x0000,0x0000,0x0fc4,0x0244,
    0x0fde,0x0254,0x0cd4,0x0014,0x0fd2,0x084e,0x0fd8,0x0844,0x0fc4,0x0000,0x0000,0x0104,
    0x0fc4,0x095e,0x0fd4,0x0954,0x0fd4,0x0292,0x024e,0x0ff8,0x0204,0x0204,0x0000,0x0000,
    0x07e4,0x0404,0x07ee,0x0404,0x0ff4,0x0914,0x07f2,0x052e,0x0528,0x0724,0x0104,0x0000,
    0x0000,0x0104,0x0fe4,0x011e,0x0fd4,0x0114,0x0ff4,0x0852,0x0fce,0x0858,0x0fc4,0x0844,
    0x0000,0x0000,0x0208,0x0fbe,0x0308,0x069c,0x0a4a,0x0208,0x0020,0x0ffe,0x0210,0x01f0,
    0x0e0e,0x0000,0x0000,0x0fbe,0x08a2,0x0aaa,0x0aaa,0x0aaa,0x0514,0x08a2,0x0ffe,0x0210,
    0x01f0,0x0e0e,0x0000,0x0000,0x0104,0x0fe4,0x083e,0x0114,0x0fd4,0x0954,0x0fd2,0x094e,
    0x0fd8,0x0104,0x0104,0x0000,0x0000,0x0104,0x0fe4,0x045e,0x07d4,0x0014,0x0ff4,0x0812,
    0x0fce,0x0218,0x0204,0x0384,0x0000,0x0000,0x00be,0x0f90,0x0448,0x057e,0x0314,0x0c92,
    0x0020,0x0ffe,0x0208,0x01f8,0x0e06,0x0000,0x0000,0x0fe4,0x0904,0x075e,0x0154,0x0fd4,
    0x0874,0x0fd2,0x084e,0x0fd8,0x0844,0x0c44,0x0000,0x0000,0x0444,0x0fe4,0x045e,0x07d4,
    0x0454,0x07d4,0x0112,0x0fee,0x0188,0x0544,0x0934,0x0000,0x0000,0x0444,0x0fe4,0x055e,
    0x0114,0x0ff4,0x0934,0x092a,0x0fee,0x0298,0x0444,0x0834,0x0000,0x0000,0x0ff4,0x0914,
    0x0ffe,0x0014,0x0fd4,0x0854,0x0fd2,0x084e,0x0fd8,0x0844,0x0fc4,0x0000,0x0000,0x0ff4,
    0x0944,0x055e,0x0ff4,0x0114,0x0ff4,0x0092,0x07ce,0x04b8,0x0304,0x0ce4,0x0000,0x0000,
    0x0104,0x0f04,0x011e,0x0fd4,0x0854,0x0fd4,0x0852,0x0fce,0x0018,0x0484,0x0864,0x0000,
    0x0000,0x07e4,0x0424,0x07be,0x04a4,0x0ff4,0x0814,0x0bd2,0x0a56,0x0a58,0x0bd4,0x0c14,
    0x0000,0x0000,0x0104,0x0fc4,0x0a5e,0x0954,0x0a54,0x0fd4,0x0252,0x0ece,0x0258,0x0a44,
    0x0ee4,0x0000,0x0000,0x0104,0x0fc4,0x085e,0x0fd4,0x0854,0x0854,0x0fd2,0x010e,0x0458,
    0x0844,0x0384,0x0000,0x0000,0x0fc4,0x0244,0x0fde,0x0254,0x0fd4,0x0254,0x0fd2,0x080e,
    0x0958,0x0954,0x0604,0x0000,0x0000,0x0484,0x0fe4,0x049e,0x0ff4,0x0214,0x0fd4,0x0a52,
    0x0fce,0x0a58,0x0fe4,0x0844,0x0000,0x0000,0x0084,0x0fc4,0x095e,0x0fd4,0x0954,0x0954,
    0x0fd2,0x050e,0x0d98,0x0144,0x0f34,0x0000,0x0000,0x0104,0x0ff4,0x081e,0x07d4,0x0914,
    0x0594,0x0272,0x070e,0x0ac8,0x0a34,0x0184,0x0000,0x0000,0x0144,0x0d24,0x093e,0x0d64,
    0x0924,0x0d64,0x0112,0x0ffe,0x0448,0x03c4,0x0c34,0x0000,0x0000,0x0104,0x0fc4,0x015e,
    0x0f74,0x02d4,0x0254,0x0ff2,0x024e,0x0228,0x0524,0x08c4,0x0000,0x0000,0x0ee4,0x0884,
    0x089e,0x0ee4,0x0224,0x0ee4,0x0aa2,0x0cce,0x0aa8,0x0994,0x0664,0x0000,0x0000,0x0284,
    0x0fe4,0x029e,0x0fd4,0x0a94,0x0ff4,0x0a92,0x0fce,0x0298,0x06c4,0x0aa4,0x0000,0x0000,
    0x0fe4,0x0284,0x0ffe,0x0a94,0x0ff4,0x0014,0x0fd2,0x001e,0x0fe8,0x0544,0x09a4,0x0000,
    0x0000,0x0fe4,0x0024,0x07be,0x04a4,0x07a4,0x0024,0x0ef2,0x0aae,0x0ee8,0x0024,0x0fc4,
    0x0000,0x0000,0x0fc4,0x0944,0x0fde,0x0954,0x0fd4,0x0494,0x0252,0x0fee,0x0118,0x0544,
    0x0924,0x0000,0x0000,0x0104,0x0ff4,0x044e,0x0444,0x0ff4,0x0914,0x0ff2,0x091e,0x0bd0,
    0x0a58,0x0bd4,0x0000,0x0000,0x0fe4,0x0104,0x075e,0x0154,0x0ff4,0x0054,0x07d2,0x004e,
    0x0fd8,0x0804,0x06a4,0x0000,0x0000,0x0544,0x0ff4,0x081e,0x07d4,0x0454,0x07d4,0x0112,
    0x0fee,0x0928,0x0d24,0x0104,0x0000,0x0000,0x0244,0x0ff4,0x0a4e,0x09f4,0x0954,0x0954,
    0x0bf2,0x044e,0x04e8,0x0a54,0x0944,0x0000,0x0000,0x0044,0x0fc4,0x057e,0x0554,0x0ff4,
    0x0554,0x0552,0x0fee,0x0008,0x0aa4,0x0a94,0x0000,0x0000,0x0ee4,0x0aa4,0x0efe,0x0aa4,
    0x0ee4,0x0824,0x0bb2,0x0aae,0x0ba8,0x0aa4,0x0a64,0x0000,0x0000,0x0ee4,0x0aa4,0x0efe,
    0x0aa4,0x0ee4,0x0924,0x0bb2,0x092e,0x0ba8,0x0d64,0x0924,0x0000,0x0000,0x0204,0x0fe4,
    0x021e,0x0fd4,0x0854,0x0fd4,0x0492,0x0fce,0x0858,0x0844,0x0fc4,0x0000,0x0000,0x0ee4,
    0x0aa4,0x0abe,0x0ff4,0x0954,0x0fd4,0x0952,0x0fce,0x0118,0x0fe4,0x0104,0x0000,0x0000,
    0x0fe4,0x0104,0x0ffe,0x0294,0x06d4,0x0bb4,0x0012,0x0fee,0x0aa8,0x0ba4,0x0c24,0x0000,
    0x0000,0x013c,0x0fe4,0x04bc,0x0fe2,0x011e,0x0fd2,0x0112,0x0ffe,0x0210,0x01f0,0x0e0e,
    0x0000,0x0000,0x0fe4,0x0aa4,0x0ffe,0x0014,0x0ff4,0x0454,0x07d2,0x088e,0x0558,0x0264,
    0x0cc4,0x0000,0x0000,0x0084,0x07c4,0x045e,0x0fd4,0x0054,0x0fd4,0x0892,0x0fee,0x0558,
    0x0264,0x0cc4,0x0000,0x0000,0x0104,0x0ff4,0x049e,0x0ff4,0x0494,0x06d4,0x0db2,0x044e,
    0x0228,0x0944,0x0ff4,0x0000,0x0000,0x0104,0x0ff4,0x081e,0x0fd4,0x0534,0x07d4,0x0472,
    0x07ce,0x0458,0x07c4,0x0c34,0x0000,0x0000,0x0fe4,0x0104,0x0ffe,0x0914,0x0dd4,0x0014,
    0x0ff2,0x008e,0x0fe8,0x0aa4,0x0aa4,0x0000,0x0000,0x0fbe,0x08a2,0x0fbe,0x08a2,0x0fbe,
    0x0248,0x0424,0x0ffe,0x0210,0x01f0,0x0e0e,0x0000,0x0000,0x0040,0x0ffe,0x0004,0x07f8,
    0x0208,0x07fc,0x0554,0x05fc,0x0754,0x05dc,0x0d36,0x0000,0x0000,0x0084,0x0ff4,0x081e,
    0x0ff4,0x0554,0x0314,0x07f2,0x0d2e,0x07f8,0x0524,0x07e4,0x0000,0x0000,0x0144,0x0fe4,
    0x015e,0x05d4,0x0c14,0x05d4,0x0552,0x0dce,0x0018,0x0544,0x0944,0x0000,0x0000,0x0fe4,
    0x0104,0x0ffe,0x0914,0x0dd4,0x0054,0x0ef2,0x0a4e,0x0ee8,0x0b54,0x0e44,0x0000,0x0000,
    0x0104,0x0fe4,0x095e,0x0fd4,0x0294,0x0ff4,0x0292,0x0fee,0x0a88,0x0474,0x09c4,0x0000,
    0x0000,0x0aa4,0x0b54,0x022e,0x0ff4,0x02a4,0x0bb4,0x0aa2,0x05be,0x04a8,0x0aa4,0x09f4,
    0x0000,0x0000,0x03f8,0x0200,0x0100,0x0080,0x0040,0x0ffe,0x0040,0x0040,0x0040,0x0040,
    0x0070,0x0000,0x0000,0x03fc,0x0200,0x0100,0x0080,0x0c40,0x03c0,0x007e,0x0040,0x0040,
    0x0040,0x0060,0x0000,0x0000,0x03f8,0x0200,0x0100,0x0080,0x0048,0x0050,0x0060,0x01c0,
    0x0e40,0x0040,0x0070,0x0000,0x0000,0x017e,0x0140,0x0120,0x0110,0x0110,0x0170,0x011e,
    0x0910,0x0910,0x0910,0x0e18,0x0000,0x0000,0x03fc,0x0240,0x0e20,0x0818,0x09f6,0x0680,
    0x0040,0x0ffe,0x0040,0x0040,0x0070,0x0000,0x0000,0x0fbe,0x0820,0x0410,0x0208,0x0238,
    0x0f8e,0x0208,0x0208,0x0208,0x0208,0x030c,0x0000,0x0000,0x0040,0x0ffe,0x0802,0x0bfa,
    0x0100,0x0080,0x0040,0x0ffe,0x0040,0x0040,0x0070,0x0000,0x0000,0x0020,0x0ffe,0x0010,
    0x07d0,0x0408,0x0204,0x0106,0x0ff4,0x0104,0x0104,0x0184,0x0000,0x0000,0x013e,0x0120,
    0x0110,0x0508,0x0548,0x0958,0x094e,0x0928,0x0108,0x0108,0x018c,0x0000,0x0000,0x05fc,
    0x0424,0x0248,0x0000,0x03f8,0x0100,0x0080,0x0ffe,0x0040,0x0040,0x0070,0x0000,0x0000,
    0x0040,0x0ffe,0x0040,0x0ffe,0x0802,0x0bfa,0x0080,0x0040,0x0ffe,0x0040,0x0070,0x0000,
    0x0000,0x00be,0x0fa0,0x04a0,0x0450,0x0448,0x0508,0x053e,0x0208,0x0208,0x0588,0x086c,
    0x0000,0x0000,0x0040,0x07fc,0x0240,0x0140,0x0ffe,0x0020,0x03d8,0x0106,0x0ff8,0x0080,
    0x00e0,0x0000,0x0000,0x03f8,0x0100,0x0080,0x0040,0x0ffe,0x0040,0x0040,0x07fc,0x04a4,
    0x04a4,0x0ffe,0x0000,0x0000,0x005e,0x0fd0,0x0850,0x0be8,0x0a48,0x0a58,0x0bce,0x0c48,
    0x0048,0x0848,0x0f8c,0x0000,0x0000,0x03f8,0x0040,0x0ffe,0x0150,0x0248,0x05f6,0x0880,
    0x0040,0x0ffe,0x0040,0x0070,0x0000,0x0000,0x0fee,0x02a8,0x02a8,0x02a4,0x02a4,0x04ac,
    0x04a6,0x04a4,0x0aa4,0x0bd4,0x0816,0x0000,0x0000,0x0f88,0x087e,0x0924,0x0524,0x0638,
    0x0946,0x03f8,0x0100,0x0ffe,0x0040,0x0070,0x0000,0x0000,0x0248,0x0148,0x0ffe,0x0802,
    0x09fa,0x0080,0x0040,0x0ffe,0x0040,0x0040,0x0070,0x0000,0x0000,0x011e,0x0ff0,0x0110,
    0x0888,0x0448,0x0298,0x090e,0x04c8,0x0208,0x0588,0x086c,0x0000,0x0000,0x0040,0x0ffe,
    0x0120,0x0524,0x0912,0x03f8,0x0080,0x0040,0x0ffe,0x0040,0x0070,0x0000,0x0000,0x0fee,
    0x0108,0x0088,0x0444,0x0284,0x090c,0x0fe6,0x0104,0x0524,0x0914,0x0106,0x0000,0x0000,
    0x0108,0x013e,0x07d4,0x051c,0x0540,0x05be,0x0510,0x0688,0x04be,0x0448,0x0c4c,0x0000,
    0x0000,0x0ffc,0x0804,0x0ffc,0x0104,0x07f4,0x0084,0x0ffc,0x0424,0x0f7a,0x0422,0x0630,
    0x0000,0x0000,0x0110,0x0ffe,0x0528,0x0294,0x0108,0x04a4,0x07fc,0x0100,0x0ffe,0x0040,
    0x0070,0x0000,0x0000,0x0fee,0x0aa2,0x0aaa,0x00aa,0x0eee,0x08aa,0x04aa,0x0fae,0x04e8,
    0x0424,0x0624,0x0000,0x0000,0x064c,0x04a4,0x075c,0x04a4,0x0ffe,0x0802,0x09f2,0x0080,
    0x0ffe,0x0040,0x0070,0x0000,0x0000,0x0fee,0x0108,0x0fe8,0x0924,0x0da4,0x010c,0x0fe6,
    0x0084,0x0fe4,0x0aa4,0x0aa6,0x0000,0x0000,0x0110,0x0ffe,0x0492,0x0ffe,0x0122,0x0fe2,
    0x013e,0x0080,0x0ffe,0x0040,0x0070,0x0000,0x0000,0x04e4,0x0a0a,0x04e4,0x0f1e,0x04e4,
    0x0eae,0x05f4,0x0080,0x0ffe,0x0040,0x0070,0x0000,0x0000,0x0040,0x0ffe,0x0802,0x0000,
    0x0ffe,0x0080,0x0080,0x0080,0x0080,0x0080,0x00f0,0x0000,0x0000,0x0040,0x0ffe,0x0802,
    0x080a,0x0008,0x0388,0x0078,0x0008,0x0408,0x0408,0x07f0,0x0000,0x0000,0x0040,0x0ffe,
    0x0802,0x0b82,0x0078,0x0020,0x07e0,0x003e,0x0820,0x0820,0x0fc0,0x0000,0x0000,0x0040,
    0x0ffe,0x0802,0x0802,0x03f8,0x0040,0x0040,0x0ffe,0x0040,0x0040,0x0070,0x0000,0x0000,
    0x0040,0x0ffe,0x0802,0x0902,0x0100,0x0ffe,0x0100,0x0108,0x0110,0x0100,0x01c0,0x0000,
    0x0000,0x0040,0x0ffe,0x0802,0x0020,0x0ffe,0x0210,0x0208,0x0138,0x00c0,0x0330,0x0c0e,
    0x0000,0x0000,0x0040,0x0ffe,0x0802,0x0842,0x0040,0x0ffe,0x0040,0x0160,0x0258,0x0c46,
    0x0040,0x0000,0x0000,0x0040,0x0ffe,0x0802,0x0bfa,0x0000,0x0000,0x07fc,0x0090,0x0090,
    0x0888,0x0f86,0x0000,0x0000,0x0040,0x0ffe,0x0822,0x0822,0x03fc,0x0090,0x0490,0x0448,
    0x0448,0x0b24,0x08f2,0x0000,0x0000,0x0040,0x0ffe,0x0822,0x0040,0x0500,0x0494,0x0854,
    0x0832,0x0a12,0x0218,0x01e4,0x0000,0x0000,0x0040,0x0ffe,0x0802,0x0000,0x07fc,0x0020,
    0x0020,0x07f0,0x0418,0x0416,0x07f0,0x0000,0x0000,0x0040,0x0ffe,0x0802,0x09f2,0x0000,
    0x0000,0x07fc,0x0040,0x0444,0x0842,0x0060,0x0000,0x0000,0x0040,0x0ffe,0x0802,0x09fa,
    0x090a,0x01f8,0x0008,0x03f8,0x0208,0x0208,0x03f8,0x0000,0x0000,0x0040,0x0ffe,0x0842,
    0x0040,0x07fc,0x0444,0x0444,0x07fc,0x0444,0x0444,0x07fc,0x0000,0x0000,0x0040,0x0ffe,
    0x0802,0x0802,0x03f8,0x0040,0x0040,0x07c8,0x0048,0x0078,0x0f86,0x0000,0x0000,0x0040,
    0x0ffe,0x0802,0x0804,0x07bc,0x04a4,0x04ac,0x06b2,0x00a0,0x0898,0x0f06,0x0000,0x0000,
    0x0040,0x0ffe,0x0802,0x0bfa,0x0208,0x03f8,0x0208,0x03f8,0x0208,0x0208,0x0ffe,0x0000,
    0x0000,0x0040,0x0ffe,0x0802,0x0802,0x03f8,0x0040,0x0040,0x05f8,0x0840,0x0040,0x0ffe,
    0x0000,0x0000,0x0040,0x0ffe,0x0802,0x0090,0x00a4,0x0088,0x0080,0x0ffe,0x0140,0x0230,
    0x0c0e,0x0000,0x0000,0x0040,0x0ffe,0x0922,0x0220,0x0ffe,0x0090,0x0290,0x0188,0x00c8,
    0x08a4,0x0f02,0x0000,0x0000,0x0040,0x0ffe,0x0802,0x0040,0x07fc,0x0444,0x07fc,0x0444,
    0x07fc,0x0040,0x0040,0x0000,0x0000,0x0040,0x0ffe,0x0a12,0x092a,0x00c4,0x0330,0x0c0e,
    0x03f8,0x0208,0x0208,0x03f8,0x0000,0x0000,0x0040,0x0ffe,0x0802,0x0bfa,0x0208,0x03f8,
    0x0208,0x0208,0x03f8,0x0000,0x0ffe,0x0000,0x0000,0x0040,0x0ffe,0x0802,0x0bfa,0x0120,
    0x0210,0x07fc,0x0040,0x03f8,0x0040,0x0ffe,0x0000,0x0000,0x0040,0x0ffe,0x0822,0x07fc,
    0x0010,0x07f8,0x040c,0x07fa,0x0408,0x07f8,0x0408,0x0000,0x0000,0x0040,0x0ffe,0x0802,
    0x0ffa,0x088a,0x03f8,0x0208,0x03f8,0x0088,0x0088,0x07f8,0x0000,0x0000,0x0040,0x0ffe,
    0x0802,0x0048,0x07f8,0x0044,0x0040,0x0ffe,0x0090,0x0888,0x0f86,0x0000,0x0000,0x0040,
    0x0ffe,0x0802,0x09f2,0x0912,0x01f0,0x0000,0x03f8,0x0208,0x0208,0x03f8,0x0000,0x0000,
    0x0040,0x0ffe,0x0802,0x09f2,0x0912,0x01f0,0x0020,0x03f8,0x0208,0x0208,0x03f8,0x0000,
    0x0000,0x0040,0x0ffe,0x0842,0x07fc,0x0110,0x0110,0x0ffe,0x0040,0x07fc,0x0040,0x0040,
    0x0000,0x0000,0x0040,0x0ffe,0x0842,0x0bfa,0x0040,0x03f8,0x0040,0x0ffe,0x0208,0x0208,
    0x03f8,0x0000,0x0000,0x0040,0x0ffe,0x0a0a,0x0bfa,0x0208,0x03f8,0x0020,0x0ffe,0x0210,
    0x01f0,0x060c,0x0000,0x0000,0x0040,0x0ffe,0x0a4a,0x0150,0x07fc,0x0404,0x07fc,0x0404,
    0x07fc,0x0404,0x0604,0x0000,0x0000,0x0040,0x0ffe,0x0802,0x0bfa,0x0048,0x0460,0x029c,
    0x01c0,0x02b0,0x0c8e,0x0060,0x0000,0x0000,0x0040,0x0ffe,0x0802,0x0ffc,0x0004,0x07f4,
    0x0004,0x0ffc,0x0492,0x0312,0x0c78,0x0000,0x0000,0x0040,0x0ffe,0x0912,0x0a0a,0x04e4,
    0x0110,0x0208,0x07fc,0x0a0a,0x0208,0x03f8,0x0000,0x0000,0x0040,0x0ffe,0x0912,0x07fc,
    0x0208,0x0248,0x0248,0x0248,0x00a0,0x0898,0x0f86,0x0000,0x0000,0x0040,0x0ffe,0x0a02,
    0x01f8,0x0008,0x07f8,0x0108,0x0108,0x0ffe,0x0208,0x0c06,0x0000,0x0000,0x0040,0x0ffe,
    0x0802,0x0ffa,0x0088,0x07e4,0x0426,0x07e4,0x0424,0x0424,0x07e4,0x0000,0x0000,0x0040,
    0x0ffe,0x080a,0x0f8a,0x0438,0x0408,0x057e,0x0508,0x022a,0x032a,0x0ccc,0x0000,0x0000,
    0x0040,0x0ffe,0x0842,0x0bfa,0x00a0,0x0110,0x0ffe,0x0200,0x0278,0x0248,0x0378,0x0000,
    0x0000,0x0040,0x0ffe,0x0802,0x0bfa,0x0040,0x03f8,0x0248,0x03f8,0x0248,0x03f8,0x0c06,
    0x0000,0x0000,0x0040,0x0ffe,0x0842,0x0514,0x0892,0x0460,0x079e,0x0040,0x0444,0x0444,
    0x07fc,0x0000,0x0000,0x0040,0x0ffe,0x0902,0x071c,0x0100,0x07c0,0x04be,0x0314,0x04d4,
    0x0812,0x0fe2,0x0000,0x0000,0x0040,0x0ffe,0x0802,0x0bfa,0x0110,0x0110,0x07fc,0x0444,
    0x07fc,0x0444,0x07fc,0x0000,0x0000,0x0040,0x0ffe,0x0912,0x0114,0x0fd4,0x011c,0x0ff0,
    0x019e,0x0554,0x0932,0x0112,0x0000,0x0000,0x0040,0x0ffe,0x0912,0x0bfa,0x0110,0x0ffe,
    0x0110,0x0268,0x0d86,0x0030,0x01c0,0x0000,0x0000,0x0040,0x0ffe,0x0a4a,0x03f8,0x0248,
    0x03f8,0x0040,0x0ffe,0x0a42,0x0bfa,0x0c02,0x0000,0x0000,0x0040,0x0ffe,0x0802,0x07e4,
    0x0404,0x0ff6,0x0814,0x07e4,0x0446,0x03c4,0x0c34,0x0000,0x0000,0x0040,0x0ffe,0x0912,
    0x0ffe,0x0208,0x03f8,0x0208,0x0ffe,0x0110,0x0208,0x0c06,0x0000,0x0000,0x0040,0x0ffe,
    0x0a22,0x0aaa,0x0318,0x0df6,0x0000,0x0ffe,0x0040,0x0444,0x0862,0x0000,0x0000,0x0040,
    0x0ffe,0x0912,0x09f2,0x0110,0x0ffe,0x0208,0x07fc,0x0a22,0x0210,0x018c,0x0000,0x0000,
    0x0040,0x0ffe,0x0802,0x07d4,0x0414,0x0ffc,0x0410,0x0ffe,0x0a54,0x0392,0x0c72,0x0000,
    0x0000,0x0040,0x0ffe,0x0812,0x0fd4,0x0114,0x07dc,0x0490,0x0ffe,0x0454,0x0452,0x07d2,
    0x0000,0x0000,0x0040,0x0ffe,0x092a,0x0ab4,0x0928,0x00e4,0x0318,0x0cc6,0x0230,0x0180,
    0x0078,0x0000,0x0000,0x0040,0x0ffe,0x0a4a,0x0ffe,0x0248,0x03f8,0x0208,0x03f8,0x0208,
    0x03f8,0x0c06,0x0000,0x0000,0x0040,0x0ffe,0x0892,0x0414,0x09e2,0x0000,0x07fc,0x04a4,
    0x0ffe,0x0040,0x0070,0x0000,0x0000,0x0040,0x0ffe,0x0912,0x03fa,0x0110,0x0ffe,0x0248,
    0x0df6,0x0060,0x0358,0x0c46,0x0000,0x0000,0x0040,0x0ffe,0x0a4a,0x0150,0x0ffe,0x0150,
    0x03f8,0x0e4e,0x03f8,0x0248,0x03f8,0x0000,0x0000,0x0040,0x0ffe,0x0822,0x0398,0x0208,
    0x03b8,0x0208,0x0ffc,0x0802,0x0aa8,0x06a4,0x0000,0x0000,0x0040,0x0ffe,0x0912,0x07fc,
    0x0408,0x07f8,0x0408,0x07f8,0x02a0,0x0898,0x0f86,0x0000,0x0000,0x0040,0x0ffe,0x0842,
    0x07fc,0x0514,0x03f8,0x0d16,0x01f0,0x0040,0x0444,0x0862,0x0000,0x0000,0x0040,0x0ffe,
    0x0aaa,0x0bfa,0x0000,0x0ffe,0x0208,0x0bf8,0x0490,0x030e,0x0c78,0x0000,0x0000,0x0040,
    0x0ffe,0x090a,0x00be,0x0fa4,0x087e,0x0fa2,0x00be,0x0fa2,0x00be,0x0fa2,0x0000,0x0000,
    0x0040,0x0ffe,0x0a92,0x07bc,0x0a90,0x0ffe,0x0208,0x03f8,0x0208,0x03f8,0x0c06,0x0000,
    0x0000,0x0100,0x0100,0x0ffe,0x0100,0x0100,0x0108,0x0110,0x0100,0x0100,0x0100,0x01c0,
    0x0000,0x0000,0x0400,0x041e,0x0fd0,0x0410,0x0412,0x0454,0x0488,0x0408,0x0414,0x0402,
    0x0700,0x0000,0x0000,0x0040,0x07fc,0x0040,0x0040,0x0ffe,0x0100,0x0ffe,0x0100,0x0108,
    0x0110,0x01c0,0x0000,0x0000,0x07fc,0x0400,0x07fc,0x0400,0x07fc,0x0200,0x0ffe,0x0200,
    0x0208,0x0210,0x0380,0x0000,0x0000,0x03fc,0x0204,0x03fc,0x0804,0x0ff8,0x0200,0x0ffe,
    0x0200,0x0208,0x0210,0x0380,0x0000,0x0000,0x0040,0x0ffe,0x0040,0x03f8,0x0040,0x0ffe,
    0x0220,0x0ffe,0x0208,0x0224,0x0340,0x0000,0x0000,0x0408,0x041e,0x0fc8,0x0408,0x043e,
    0x0488,0x0508,0x043e,0x0408,0x0408,0x063e,0x0000,0x0000,0x0404,0x043e,0x0fe2,0x043e,
    0x0422,0x04be,0x0522,0x043e,0x0428,0x0424,0x0632,0x0000,0x0000,0x0fc8,0x0808,0x048a,
    0x052c,0x0048,0x0408,0x0fe8,0x040c,0x044a,0x0488,0x0608,0x0000,0x0000,0x0f12,0x08d2,
    0x0512,0x025e,0x0590,0x0470,0x0fde,0x0414,0x0454,0x0492,0x0612,0x0000,0x0000,0x0040,
    0x0ffe,0x0248,0x03f8,0x0248,0x03fc,0x0440,0x0ffe,0x0200,0x0208,0x0390,0x0000,0x0000,
    0x08fc,0x0884,0x0ffc,0x0804,0x08fc,0x0904,0x0afc,0x0824,0x08aa,0x08aa,0x0c30,0x0000,
    0x0000,0x0110,0x0ffe,0x00a0,0x07fc,0x04a4,0x079c,0x0404,0x0ffe,0x0200,0x0208,0x0310,
    0x0000,0x0000,0x03f8,0x0200,0x0ffe,0x0200,0x07bc,0x0490,0x07bc,0x0200,0x0ffe,0x0208,
    0x0310,0x0000,0x0000,0x0454,0x0436,0x0fd4,0x043e,0x0414,0x0494,0x053e,0x0408,0x043e,
    0x0408,0x063e,0x0000,0x0000,0x0244,0x0fe8,0x0082,0x07e4,0x0420,0x07ee,0x0428,0x0ffe,
    0x0200,0x0208,0x0390,0x0000,0x0000,0x0040,0x0040,0x0040,0x0444,0x0444,0x0844,0x0842,
    0x0842,0x0040,0x0040,0x0070,0x0000,0x0000,0x0040,0x0040,0x0248,0x0448,0x0844,0x0042,
    0x0460,0x0200,0x0180,0x0060,0x001c,0x0000,0x0000,0x0008,0x0ff8,0x0804,0x0484,0x0082,
    0x0080,0x0290,0x0488,0x0884,0x0882,0x00e0,0x0000,0x0000,0x0040,0x0248,0x0444,0x0862,
    0x0000,0x0040,0x0ffe,0x0040,0x00a0,0x0318,0x0c06,0x0000,0x0000,0x0040,0x0248,0x0444,
    0x0842,0x0040,0x0000,0x0040,0x07fc,0x0040,0x0040,0x0ffe,0x0000,0x0000,0x0040,0x0444,
    0x0248,0x0040,0x0ffe,0x0802,0x09f2,0x0912,0x0912,0x09f2,0x0c02,0x0000,0x0000,0x0448,
    0x0248,0x0ffe,0x0802,0x03f8,0x0000,0x0ffe,0x0220,0x0210,0x0588,0x047c,0x0000,0x0000,
    0x0040,0x0040,0x0ffe,0x0020,0x00a0,0x00a0,0x00a0,0x0090,0x0890,0x0888,0x0f86,0x0000,
    0x0000,0x0440,0x0840,0x07fe,0x0040,0x0040,0x00a0,0x00a0,0x0090,0x0890,0x0888,0x0f06,
    0x0000,0x0000,0x0e08,0x01c8,0x043e,0x0310,0x08e0,0x0f1e,0x0000,0x0ffe,0x0090,0x0888,
    0x0f86,0x0000,0x0000,0x0c28,0x0348,0x0008,0x0cfe,0x0328,0x0028,0x0c28,0x0324,0x0024,
    0x0822,0x0fc2,0x0000,0x0000,0x0fc8,0x0208,0x023e,0x0f88,0x0208,0x0214,0x0214,0x0fd4,
    0x0014,0x0812,0x0fe2,0x0000,0x0000,0x0384,0x0444,0x083e,0x0484,0x0494,0x0494,0x0494,
    0x0454,0x0454,0x0812,0x0fe2,0x0000,0x0000,0x0508,0x093e,0x0fc0,0x013e,0x0122,0x0322,
    0x02be,0x0288,0x0a9a,0x0a4a,0x0e4c,0x0000,0x0000,0x0284,0x0ea4,0x01be,0x04a4,0x0884,
    0x0fe4,0x0aac,0x0aaa,0x0ffa,0x080a,0x0ff2,0x0000,0x0000,0x03e4,0x0ea4,0x01fe,0x0124,
    0x0fe4,0x00a4,0x0fec,0x0aaa,0x0ffa,0x080a,0x0ff2,0x0000,0x0000,0x0ff8,0x0808,0x0808,
    0x0808,0x0ff8,0x0008,0x0008,0x0004,0x0004,0x0002,0x0002,0x0000,0x0000,0x07fc,0x0440,
    0x0440,0x0ffe,0x0440,0x0440,0x07fc,0x0040,0x0040,0x0020,0x001c,0x0000,0x0000,0x07f8,
    0x0408,0x0408,0x0408,0x07f8,0x0088,0x0088,0x0104,0x0104,0x0202,0x0c02,0x0000,0x0000,
    0x0ffc,0x0804,0x0804,0x0ffc,0x0044,0x0044,0x07f4,0x0444,0x0442,0x0422,0x0c18,0x0000,
    0x0000,0x07fc,0x0404,0x0404,0x07fc,0x0004,0x0024,0x0624,0x01e4,0x0022,0x0822,0x0fc0,
    0x0000,0x0000,0x07f8,0x0408,0x0408,0x07f8,0x0208,0x0208,0x0464,0x0584,0x0802,0x0872,
    0x0380,0x0000,0x0000,0x07fc,0x0404,0x0404,0x07fc,0x0044,0x03f4,0x0044,0x07fc,0x0044,
    0x0842,0x0fc2,0x0000,0x0000,0x0ffc,0x0804,0x0804,0x0ffc,0x0104,0x0974,0x0544,0x0344,
    0x0522,0x091a,0x0180,0x0000,0x0000,0x07fc,0x0404,0x07fc,0x0004,0x0ffc,0x0804,0x09f4,
    0x0914,0x0914,0x09f2,0x0602,0x0000,0x0000,0x0ffc,0x0804,0x0804,0x0ffc,0x0114,0x0914,
    0x0574,0x0314,0x0112,0x0912,0x0e78,0x0000,0x0000,0x0ffc,0x0804,0x0ffc,0x0004,0x07e4,
    0x0004,0x0ff4,0x0444,0x0422,0x0b12,0x08f0,0x0000,0x0000,0x07fc,0x0404,0x07fc,0x0084,
    0x0ffc,0x0084,0x0084,0x07f4,0x0412,0x0412,0x07f0,0x0000,0x0000,0x0ffc,0x0804,0x0804,
    0x0ffc,0x0104,0x0914,0x0fd4,0x0914,0x0fd2,0x0812,0x0ff0,0x0000,0x0000,0x0ffc,0x0804,
    0x0ffc,0x0104,0x0924,0x0924,0x0fe4,0x0104,0x0912,0x0912,0x0ff0,0x0000,0x0000,0x0ffc,
    0x0804,0x0ffc,0x0494,0x0494,0x0ffc,0x0494,0x0494,0x0792,0x0012,0x0ff0,0x0000,0x0000,
    0x0ffc,0x0804,0x0804,0x0ffc,0x0084,0x0ff4,0x0894,0x0ff4,0x0892,0x0892,0x0ff0,0x0000,
    0x0000,0x0ffc,0x0804,0x0ffc,0x0004,0x0ffc,0x0224,0x07f4,0x0884,0x07f2,0x0082,0x0ff8,
    0x0000,0x0000,0x0ffc,0x0804,0x0ffc,0x0004,0x0ffc,0x0114,0x0974,0x074c,0x0152,0x0922,
    0x0e18,0x0000,0x0000,0x0ffc,0x0804,0x0804,0x0ffc,0x0494,0x02a4,0x0ffc,0x00c4,0x02a2,
    0x0c9a,0x0080,0x0000,0x0000,0x0ffc,0x0804,0x0ffc,0x0424,0x0244,0x0ff4,0x0244,0x0ff4,
    0x0242,0x0222,0x0218,0x0000,0x0000,0x0ffc,0x0804,0x0ffc,0x0214,0x0fcc,0x0224,0x07d4,
    0x049c,0x0492,0x0312,0x0cd0,0x0000,0x0000,0x0ffc,0x0804,0x0ffc,0x0494,0x02a4,0x0ff4,
    0x0814,0x0ff4,0x0812,0x0ff2,0x0810,0x0000,0x0000,0x0ffc,0x0804,0x0ffc,0x0224,0x0ffc,
    0x0224,0x0224,0x0ffc,0x0492,0x0312,0x0c78,0x0000,0x0000,0x0f7e,0x0842,0x047e,0x0402,
    0x0f7a,0x0412,0x047a,0x0412,0x067a,0x0812,0x0fe2,0x0000,0x0000,0x0ffc,0x0804,0x0ffc,
    0x0004,0x0f74,0x0854,0x0f34,0x0954,0x0f52,0x0832,0x0c10,0x0000,0x0000,0x0ffc,0x0804,
    0x0ffc,0x0544,0x0554,0x0fcc,0x0564,0x0554,0x075a,0x0052,0x0fd0,0x0000,0x0000,0x0ffc,
    0x0804,0x0ffc,0x0494,0x0494,0x07f4,0x0084,0x0ffa,0x088a,0x0be8,0x0c08,0x0000,0x0000,
    0x0ffc,0x0804,0x0ffc,0x0844,0x07f4,0x0244,0x0ffc,0x0424,0x07f2,0x042a,0x07e0,0x0000,
    0x0000,0x0ffc,0x0804,0x0ffc,0x0494,0x0ffc,0x02a4,0x0494,0x0ffa,0x0222,0x01e0,0x0e1c,
    0x0000,0x0000,0x0ffc,0x0804,0x0ffc,0x02a4,0x02a4,0x07f4,0x0494,0x0ffc,0x0222,0x01e2,
    0x0e18,0x0000,0x0000,0x0ffc,0x0804,0x0ffc,0x0914,0x0b54,0x0914,0x0ff4,0x0424,0x07e2,
    0x0422,0x07e0,0x0000,0x0000,0x0ffc,0x0804,0x0ffc,0x0054,0x0fcc,0x0464,0x0454,0x0fcc,
    0x04aa,0x038a,0x0c68,0x0000,0x0000,0x0ffe,0x0802,0x0ffe,0x024a,0x07fa,0x04aa,0x0ffa,
    0x092e,0x09fa,0x0920,0x06fc,0x0000,0x0000,0x0040,0x0ffe,0x0040,0x0444,0x0444,0x0444,
    0x07fc,0x0044,0x0840,0x0840,0x0f80,0x0000,0x0000,0x0040,0x0040,0x0040,0x0040,0x0842,
    0x0842,0x0842,0x0842,0x0842,0x0842,0x0ffe,0x0000,0x0000,0x0088,0x0f88,0x0088,0x006a,
    0x0faa,0x042a,0x022a,0x012a,0x08aa,0x08be,0x0f00,0x0000,0x0000,0x0088,0x0f88,0x0088,
    0x00aa,0x0faa,0x082a,0x082a,0x0bea,0x082a,0x043e,0x0300,0x0000,0x0000,0x0842,0x0842,
    0x0ffe,0x0020,0x07f0,0x0418,0x0426,0x0240,0x0180,0x0070,0x000e,0x0000,0x0000,0x0842,
    0x0842,0x0ffe,0x0000,0x07fe,0x0400,0x07fc,0x0004,0x0804,0x0804,0x0ff8,0x0000,0x0000,
    0x0842,0x0ffe,0x0000,0x07fe,0x0408,0x0208,0x0ff8,0x0824,0x0444,0x0382,0x0c7a,0x0000,
    0x0000,0x0108,0x0ff8,0x0108,0x010a,0x07ea,0x040a,0x044a,0x044a,0x029e,0x0380,0x0c70,
    0x0000,0x0000,0x0444,0x0444,0x07fc,0x0110,0x0208,0x05f4,0x0802,0x03f8,0x0200,0x0100,
    0x00c0,0x0000,0x0000,0x01d0,0x0208,0x0404,0x0bfa,0x0220,0x0210,0x01cc,0x0040,0x0842,
    0x0842,0x0ffe,0x0000,0x0000,0x0fe8,0x0028,0x0428,0x04aa,0x032a,0x022a,0x052a,0x08aa,
    0x086a,0x003e,0x0fe0,0x0000,0x0000,0x0842,0x0ffe,0x0000,0x0ffe,0x0802,0x0b1a,0x08a2,
    0x08c2,0x0b22,0x081a,0x0c02,0x0000,0x0000,0x0020,0x03f8,0x0208,0x0228,0x0348,0x0008,
    0x0ff8,0x0810,0x0892,0x0892,0x06fe,0x0000,0x0000,0x0ffe,0x0802,0x0912,0x0892,0x0bfa,
    0x0842,0x0a4a,0x0a4a,0x0bfa,0x0802,0x0c02,0x0000,0x0000,0x0fc8,0x0848,0x0848,0x0fc8,
    0x084a,0x084a,0x0fca,0x084a,0x085e,0x0840,0x0fe0,0x0000,0x0000,0x0444,0x0444,0x07fc,
    0x0000,0x0ffe,0x0020,0x0010,0x07f8,0x040e,0x0408,0x07f8,0x0000,0x0000,0x0108,0x0108,
    0x0fe8,0x092a,0x092a,0x092a,0x0fea,0x092a,0x092a,0x093e,0x0fe0,0x0000,0x0000,0x0fe8,
    0x0928,0x0928,0x0fea,0x092a,0x092a,0x0fea,0x010a,0x012a,0x013e,0x0100,0x0000,0x0000,
    0x0308,0x0488,0x0848,0x012a,0x022a,0x002a,0x0fea,0x082a,0x04aa,0x033e,0x0400,0x0000,
    0x0000,0x0488,0x0888,0x07f4,0x0106,0x0104,0x0204,0x0c44,0x0040,0x0444,0x0444,0x07fc,
    0x0000,0x0000,0x0380,0x0078,0x0008,0x07f8,0x0108,0x0108,0x0ffe,0x0040,0x0444,0x0444,
    0x07fc,0x0000,0x0000,0x0fc8,0x0848,0x0848,0x0fca,0x024a,0x024a,0x0fca,0x044a,0x044a,
    0x087e,0x09c0,0x0000,0x0000,0x0884,0x0ffc,0x0000,0x0ffc,0x0004,0x07f4,0x0084,0x0084,
    0x0ffa,0x0082,0x0080,0x0000,0x0000,0x0842,0x0842,0x0ffe,0x0000,0x0fd0,0x0812,0x0812,
    0x0fca,0x0808,0x0804,0x0fc2,0x0000,0x0000,0x0842,0x0842,0x0ffe,0x0110,0x0208,0x05f4,
    0x0802,0x03f8,0x0208,0x0208,0x03f8,0x0000,0x0000,0x0fe8,0x0828,0x0828,0x0baa,0x082a,
    0x0baa,0x0aaa,0x0aaa,0x0baa,0x083e,0x0c20,0x0000,0x0000,0x0108,0x0fc8,0x0108,0x010a,
    0x0fea,0x040a,0x0fea,0x040a,0x044a,0x049e,0x0600,0x0000,0x0000,0x0108,0x0ff8,0x0108,
    0x092a,0x054a,0x010a,0x0ffa,0x010a,0x028a,0x044e,0x0830,0x0000,0x0000,0x0040,0x0ffe,
    0x0120,0x0524,0x0912,0x0000,0x0040,0x0444,0x0444,0x0444,0x07fc,0x0000,0x0000,0x0ae8,
    0x0a48,0x0248,0x0ffa,0x024a,0x0a4a,0x0aca,0x047a,0x044a,0x0a5e,0x0960,0x0000,0x0000,
    0x0488,0x0848,0x0008,0x030a,0x048a,0x084a,0x002a,0x0fca,0x084a,0x087e,0x0fc0,0x0000,
    0x0000,0x0108,0x0928,0x0548,0x010a,0x0fca,0x084a,0x0fca,0x084a,0x0fca,0x087e,0x0c40,
    0x0000,0x0000,0x0f88,0x0868,0x0488,0x078a,0x0a6a,0x0f8a,0x022a,0x0faa,0x022a,0x0ffe,
    0x0200,0x0000,0x0000,0x0fc8,0x0848,0x0fc8,0x084a,0x0fca,0x084a,0x0fca,0x028a,0x028a,
    0x0a5e,0x0e20,0x0000,0x0000,0x0020,0x03f8,0x0208,0x03f8,0x0208,0x0ff8,0x0008,0x0ff8,
    0x0810,0x0892,0x06fe,0x0000,0x0000,0x0488,0x0448,0x0ff8,0x028a,0x0a8a,0x0c6a,0x078a,
    0x046a,0x024a,0x038e,0x0c70,0x0000,0x0000,0x0108,0x0fe8,0x0108,0x054a,0x054a,0x0baa,
    0x092a,0x010a,0x028a,0x045e,0x0830,0x0000,0x0000,0x0444,0x0444,0x07fc,0x0048,0x0fc8,
    0x095e,0x0528,0x0108,0x0108,0x0298,0x0c66,0x0000,0x0000,0x0108,0x0fe8,0x0aa8,0x028a,
    0x0a8a,0x0e6a,0x000a,0x07ca,0x010a,0x011e,0x0fe0,0x0000,0x0000,0x0444,0x07fc,0x0040,
    0x0ffe,0x0802,0x03f8,0x0000,0x0ffe,0x0040,0x0444,0x0862,0x0000,0x0000,0x0108,0x0fe8,
    0x0288,0x044a,0x082a,0x0fea,0x040a,0x05ca,0x054a,0x05de,0x0600,0x0000,0x0000,0x0842,
    0x0ffe,0x0404,0x07fc,0x0404,0x07fc,0x0084,0x0fbc,0x0084,0x0884,0x0f3e,0x0000,0x0000,
    0x0444,0x07fc,0x0210,0x0110,0x0ff8,0x0088,0x07fc,0x008a,0x07f8,0x0088,0x0ff8,0x0000,
    0x0000,0x0844,0x0ffc,0x0000,0x0ffc,0x0084,0x07f4,0x0084,0x07f4,0x0082,0x0082,0x0ff8,
    0x0000,0x0000,0x0842,0x0ffe,0x0000,0x0ffe,0x0912,0x0892,0x0ffe,0x0842,0x0a4a,0x0bfa,
    0x0c02,0x0000,0x0000,0x0444,0x07fc,0x0110,0x0208,0x07fc,0x0802,0x07fc,0x04a4,0x07fc,
    0x04a4,0x06a4,0x0000,0x0000,0x0108,0x0fe8,0x0108,0x0fea,0x028a,0x0c6a,0x078a,0x046a,
    0x024a,0x039e,0x0c70,0x0000,0x0000,0x0fe8,0x0828,0x0fe8,0x022a,0x0aaa,0x0aaa,0x0faa,
    0x022a,0x0a6a,0x0a5e,0x0fd0,0x0000,0x0000,0x0842,0x0842,0x0ffe,0x0110,0x0208,0x05f4,
    0x0842,0x07fc,0x0248,0x0150,0x0ffe,0x0000,0x0000,0x0be8,0x0928,0x0548,0x000a,0x0fca,
    0x0a0a,0x0fea,0x0a0a,0x0fca,0x023e,0x0380,0x0000,0x0000,0x0cc8,0x0308,0x0ce8,0x010a,
    0x0fea,0x008a,0x0fca,0x08aa,0x0f8a,0x089e,0x0c80,0x0000,0x0000,0x0444,0x07fc,0x0000,
    0x07c8,0x041e,0x0848,0x092c,0x048c,0x044a,0x0b2a,0x08e8,0x0000,0x0000,0x0444,0x07fc,
    0x0000,0x0fbc,0x08a4,0x0fbc,0x08a4,0x0fbc,0x08a4,0x08a2,0x0cb2,0x0000,0x0000,0x0842,
    0x0ffe,0x0008,0x0ffe,0x0084,0x0092,0x0fbe,0x0490,0x0490,0x047e,0x0450,0x0000,0x0000,
    0x0444,0x07fc,0x0a00,0x0ffc,0x0204,0x0afc,0x0a24,0x05fc,0x0494,0x0a72,0x0a8a,0x0000,
    0x0000,0x0444,0x07fc,0x0000,0x07fc,0x0444,0x07fc,0x0444,0x07fc,0x0490,0x0814,0x03e2,
    0x0000,0x0000,0x0530,0x090e,0x0fe8,0x0108,0x0a9e,0x0e68,0x010c,0x092c,0x092a,0x092a,
    0x0fe8,0x0000,0x0000,0x0fe8,0x0108,0x0fe8,0x054a,0x0d6a,0x054a,0x0d6a,0x030a,0x059e,
    0x0960,0x0100,0x0000,0x0000,0x0fe8,0x0928,0x0fe8,0x002a,0x0faa,0x08aa,0x0faa,0x08aa,
    0x0faa,0x089e,0x0f90,0x0000,0x0000,0x0842,0x0ffe,0x0080,0x0092,0x0fbe,0x0a92,0x0a52,
    0x025e,0x0212,0x0512,0x08de,0x0000,0x0000,0x0fe8,0x0928,0x0fe8,0x092a,0x0fea,0x010a,
    0x0fea,0x08aa,0x0aaa,0x0bfe,0x0c20,0x0000,0x0000,0x0842,0x0ffe,0x0404,0x07fc,0x0444,
    0x05f4,0x0554,0x05f4,0x0a44,0x0bfa,0x0802,0x0000,0x0000,0x0444,0x07fc,0x0000,0x04b0,
    0x050e,0x0448,0x04be,0x0c08,0x071c,0x04ca,0x0408,0x0000,0x0000,0x0444,0x07fc,0x0040,
    0x0ffe,0x0110,0x01f0,0x0000,0x0ffe,0x0912,0x09f2,0x0c02,0x0000,0x0000,0x0842,0x0ffe,
    0x0020,0x07fc,0x0444,0x07fc,0x0444,0x07fc,0x02a0,0x0898,0x0f86,0x0000,0x0000,0x0248,
    0x0fe8,0x0108,0x0fca,0x010a,0x0fea,0x008a,0x0fca,0x023e,0x0200,0x0fe0,0x0000,0x0000,
    0x0108,0x0fe8,0x0488,0x0fea,0x082a,0x0fea,0x082a,0x0fea,0x010a,0x0ffe,0x0100,0x0000,
    0x0000,0x0842,0x0ffe,0x0008,0x0ffe,0x00aa,0x00be,0x0faa,0x04be,0x0488,0x047e,0x0448,
    0x0000,0x0000,0x0fe8,0x0028,0x07a8,0x04aa,0x07aa,0x002a,0x0eea,0x0aaa,0x0eea,0x003e,
    0x0fc0,0x0000,0x0000,0x0444,0x07fc,0x00a4,0x0f82,0x0abe,0x0a88,0x023e,0x0508,0x052a,
    0x0888,0x087e,0x0000,0x0000,0x0948,0x0548,0x0fe8,0x054a,0x092a,0x04ea,0x0faa,0x04aa,
    0x0fde,0x0440,0x0430,0x0000,0x0000,0x09e8,0x0508,0x0aa8,0x044a,0x0fca,0x002a,0x0fca,
    0x084a,0x0fca,0x049e,0x0fe0,0x0000,0x0000,0x0842,0x0ffe,0x0002,0x0fbe,0x0402,0x027c,
    0x0f92,0x027e,0x0e90,0x02a8,0x0fc6,0x0000,0x0000,0x0aa8,0x0aa8,0x0558,0x088a,0x0fea,
    0x092a,0x0fca,0x010a,0x058a,0x095e,0x0120,0x0000,0x0000,0x0842,0x0ffe,0x0224,0x0fc2,
    0x08be,0x0f80,0x08be,0x0fa4,0x0024,0x04b4,0x0844,0x0000,0x0000,0x0ce8,0x0ba8,0x08a8,
    0x0cea,0x0baa,0x0a2a,0x0eea,0x0aaa,0x0ffa,0x044e,0x0830,0x0000,0x0000,0x0842,0x0ffe,
    0x0000,0x0aea,0x0a04,0x0fea,0x0208,0x02ec,0x02aa,0x05a8,0x08e6,0x0000,0x0000,0x0444,
    0x07fc,0x0010,0x0ffe,0x0224,0x0fbc,0x08a4,0x0abc,0x0aa4,0x053e,0x08d4,0x0000,0x0000,
    0x07c8,0x0228,0x0ff8,0x082a,0x0fea,0x024a,0x0ffa,0x092a,0x0fea,0x029e,0x0e60,0x0000,
    0x0000,0x0842,0x0ffe,0x0108,0x0ffe,0x094c,0x0fda,0x0948,0x0ffe,0x02a4,0x0a9c,0x0e62,
    0x0000,0x0000,0x04e4,0x0a0a,0x04e4,0x0f1e,0x04e4,0x0eae,0x04e4,0x0040,0x0842,0x0842,
    0x0ffe,0x0000,0x0000,0x0444,0x07fc,0x0008,0x0ffe,0x0124,0x07bc,0x04a4,0x07bc,0x04a4,
    0x07be,0x0cd4,0x0000,0x0000,0x0842,0x0ffe,0x04a4,0x0ffc,0x0224,0x0ffc,0x0a94,0x0af4,
    0x0494,0x0af2,0x099a,0x0000,0x0000,0x0404,0x0444,0x0444,0x0444,0x0444,0x0444,0x0444,
    0x0444,0x0442,0x0402,0x0402,0x0000,0x0000,0x0888,0x0888,0x0888,0x0aaa,0x0aaa,0x0aaa,
    0x0aaa,0x0888,0x0888,0x0884,0x0804,0x0000,0x0000,0x0544,0x0548,0x0540,0x02a2,0x02a4,
    0x0540,0x0a8e,0x0a88,0x0008,0x0014,0x0fe2,0x0000,0x0000,0x0444,0x0222,0x0444,0x03f8,
    0x0248,0x03f8,0x0248,0x0ffe,0x0160,0x0258,0x0c46,0x0000,0x0000,0x0000,0x07fc,0x0040,
    0x0040,0x0040,0x0040,0x0040,0x0040,0x0040,0x0ffe,0x0000,0x0000,0x0000,0x0020,0x0ffe,
    0x0010,0x0010,0x0010,0x0fe8,0x0108,0x0104,0x0104,0x0102,0x0ff0,0x0000,0x0000,0x0fe0,
    0x009e,0x0088,0x0048,0x0fc8,0x0808,0x0808,0x0808,0x0818,0x0406,0x0300,0x0000,0x0000,
    0x0ffe,0x0004,0x0004,0x03fc,0x0204,0x0204,0x03fc,0x0004,0x0004,0x0004,0x0ffe,0x0000,
    0x0000,0x07c0,0x045e,0x0448,0x0448,0x04c8,0x0548,0x0448,0x0458,0x0426,0x0820,0x0810,
    0x0000,0x0000,0x0ffe,0x0040,0x0040,0x0248,0x0248,0x0248,0x0554,0x08e2,0x0040,0x0040,
    0x0ffe,0x0000,0x0000,0x0110,0x0ffe,0x0040,0x07fc,0x0040,0x0ffe,0x0010,0x07f8,0x0086,
    0x0080,0x0ffc,0x0000,0x0000,0x07fc,0x0400,0x0400,0x0400,0x07fc,0x0004,0x0004,0x0004,
    0x0804,0x0804,0x0ff8,0x0000,0x0000,0x07fc,0x0400,0x0400,0x0404,0x07fc,0x0004,0x0004,
    0x0004,0x0804,0x0804,0x0ff8,0x0000,0x0000,0x07fc,0x0404,0x0404,0x0404,0x07fc,0x0004,
    0x0004,0x0004,0x0804,0x0804,0x0ff8,0x0000,0x0000,0x07fe,0x0442,0x0442,0x0442,0x0442,
    0x07fe,0x0002,0x0002,0x0802,0x0802,0x0ffc,0x0000,0x0000,0x0110,0x07fc,0x0110,0x0ffe,
    0x0110,0x03f8,0x0d14,0x01f2,0x0010,0x0410,0x07f0,0x0000,0x0000,0x07bc,0x04a4,0x07bc,
    0x0884,0x0fbc,0x0110,0x0ffe,0x0110,0x0ffe,0x0208,0x0c06,0x0000,0x0000,0x0040,0x0040,
    0x0ffe,0x0842,0x0842,0x0842,0x0842,0x0842,0x0e42,0x0040,0x0040,0x0000,0x0000,0x0f80,
    0x007e,0x0040,0x0040,0x07fc,0x0444,0x0444,0x0444,0x0444,0x0644,0x0040,0x0000,0x0000,
    0x0040,0x0ffe,0x0040,0x0040,0x07fc,0x0444,0x0444,0x0444,0x0444,0x0644,0x0040,0x0000,
    0x0000,0x0020,0x0ffe,0x0010,0x0090,0x0088,0x07fc,0x048a,0x0488,0x0488,0x0688,0x0080,
    0x0000,0x0000,0x0108,0x0108,0x0fea,0x092a,0x092a,0x092a,0x0928,0x0928,0x0924,0x0d24,
    0x0102,0x0000,0x0000,0x0788,0x0488,0x04be,0x04aa,0x05aa,0x06aa,0x04aa,0x04aa,0x04ba,
    0x0448,0x0c48,0x0000,0x0000,0x0fe8,0x0108,0x010a,0x0fea,0x092a,0x092a,0x0928,0x0928,
    0x0924,0x0d24,0x0102,0x0000,0x0000,0x0718,0x00e0,0x031c,0x0440,0x0ffe,0x0090,0x07f8,
    0x0496,0x0490,0x0690,0x0080,0x0000,0x0000,0x0448,0x0448,0x0248,0x017e,0x004a,0x0fea,
    0x024a,0x024a,0x0448,0x0448,0x09e8,0x0000,0x0000,0x0f88,0x087e,0x0924,0x0524,0x0638,
    0x09c6,0x0040,0x07fc,0x0444,0x0444,0x0644,0x0000,0x0000,0x0108,0x0088,0x0fc8,0x087e,
    0x084a,0x084a,0x0fca,0x084a,0x086a,0x0848,0x0fc8,0x0000,0x0000,0x0108,0x0108,0x0f08,
    0x013e,0x012a,0x012a,0x0fea,0x084a,0x0848,0x0848,0x0fc8,0x0000,0x0000,0x0040,0x0ffe,
    0x08a2,0x0090,0x078c,0x0040,0x07fc,0x0444,0x0444,0x0644,0x0040,0x0000,0x0000,0x0248,
    0x0248,0x0fc8,0x023e,0x022a,0x0fea,0x022a,0x052a,0x0508,0x0888,0x0868,0x0000,0x0000,
    0x03f8,0x0200,0x0ffe,0x0200,0x0ffe,0x0842,0x0bfa,0x0248,0x0248,0x0348,0x0040,0x0000,
    0x0000,0x0020,0x07fc,0x0404,0x07fc,0x0404,0x07fc,0x0040,0x0ffe,0x0842,0x0842,0x0c42,
    0x0000,0x0000,0x0fc8,0x0848,0x0848,0x087e,0x084a,0x0fca,0x000a,0x048a,0x0488,0x0848,
    0x0828,0x0000,0x0000,0x0040,0x0ffe,0x0110,0x0110,0x0ffe,0x0842,0x0bfa,0x0248,0x0248,
    0x0248,0x0348,0x0000,0x0000,0x0104,0x011e,0x0fd2,0x0952,0x095e,0x0942,0x095e,0x0952,
    0x0952,0x0d5e,0x0102,0x0000,0x0000,0x0248,0x0ffe,0x0248,0x0000,0x0ffe,0x0842,0x0bfa,
    0x0248,0x0248,0x0348,0x0040,0x0000,0x0000,0x0108,0x0f08,0x0108,0x0ffe,0x084a,0x0a4a,
    0x0a4a,0x0a4a,0x0a48,0x0588,0x0868,0x0000,0x0000,0x0fe4,0x011e,0x0112,0x0fd2,0x095e,
    0x0942,0x095e,0x0952,0x0952,0x0d52,0x011e,0x0000,0x0000,0x0080,0x0ffc,0x0224,0x0ffc,
    0x0224,0x03e4,0x0084,0x07f4,0x0492,0x0492,0x0690,0x0000,0x0000,0x0f10,0x09fe,0x0510,
    0x097e,0x0910,0x05fe,0x0148,0x07fc,0x0444,0x0444,0x0644,0x0000,0x0000,0x0fc8,0x0048,
    0x07c8,0x007e,0x07ca,0x004a,0x0fea,0x014a,0x0a48,0x0448,0x09c8,0x0000,0x0000,0x02a8,
    0x0ffe,0x02a8,0x0ee6,0x0000,0x0ffe,0x0842,0x0bfa,0x0248,0x0248,0x0348,0x0000,0x0000,
    0x0488,0x0488,0x0fc8,0x025e,0x0fea,0x024a,0x024a,0x0fca,0x0248,0x0248,0x0fc8,0x0000,
    0x0000,0x0248,0x0ffe,0x0802,0x09f2,0x0110,0x01f0,0x0040,0x07fc,0x0444,0x0444,0x0644,
    0x0000,0x0000,0x0fe8,0x0828,0x0ba8,0x083e,0x0baa,0x000a,0x07ca,0x044a,0x07ca,0x0448,
    0x07c8,0x0000,0x0000,0x0108,0x0f08,0x0108,0x0ffe,0x084a,0x0fca,0x084a,0x084a,0x0fc8,
    0x0488,0x0868,0x0000,0x0000,0x0ffe,0x0802,0x03f8,0x0208,0x03f8,0x0208,0x0ffe,0x0248,
    0x07fc,0x0a4a,0x0348,0x0000,0x0000,0x0208,0x0fc8,0x0908,0x0ffe,0x08aa,0x0faa,0x022a,
    0x0fca,0x0248,0x0fe8,0x0208,0x0000,0x0000,0x0fe8,0x0828,0x0fe8,0x003e,0x0fea,0x04aa,
    0x0faa,0x022a,0x0fa8,0x0208,0x0fc8,0x0000,0x0000,0x0fe8,0x0008,0x07c8,0x045e,0x07ca,
    0x000a,0x0fea,0x092a,0x0fea,0x0928,0x0fe8,0x0000,0x0000,0x0fc8,0x0848,0x0fc8,0x087e,
    0x0fca,0x092a,0x054a,0x0fea,0x0288,0x0a48,0x0e38,0x0000,0x0000,0x07c8,0x0448,0x07c8,
    0x045e,0x0fea,0x0aaa,0x0fea,0x044a,0x0488,0x0388,0x0c68,0x0000,0x0000,0x0110,0x0ffe,
    0x0110,0x03f8,0x0208,0x0ffe,0x0248,0x07fc,0x0a4a,0x0248,0x0348,0x0000,0x0000,0x0fe8,
    0x0928,0x0fe8,0x0a3e,0x0aea,0x0eaa,0x0aea,0x0a2a,0x0de8,0x0928,0x0fe8,0x0000,0x0000,
    0x0108,0x0fe8,0x0488,0x0ffe,0x082a,0x0fea,0x082a,0x0fea,0x0108,0x0fe8,0x0108,0x0000,
    0x0000,0x0a48,0x0bf8,0x02a8,0x0eae,0x03fa,0x0a0a,0x0aea,0x04aa,0x04e8,0x0aa8,0x09e8,
    0x0000,0x0000,0x0fe8,0x0548,0x0308,0x0ffe,0x054a,0x092a,0x0ffa,0x092a,0x0fea,0x0928,
    0x0fe8,0x0000,0x0000,0x0108,0x0fe8,0x0488,0x049e,0x0fea,0x094a,0x0fca,0x094a,0x0fc8,
    0x0108,0x0fe8,0x0000,0x0000,0x00aa,0x0f88,0x047e,0x054a,0x035e,0x0cea,0x0040,0x07fc,
    0x0444,0x0444,0x0644,0x0000,0x0000,0x0408,0x0fbe,0x0488,0x05fe,0x0608,0x03fe,0x0208,
    0x07fc,0x0444,0x0444,0x0644,0x0000,0x0000,0x07fc,0x0040,0x0040,0x0040,0x0040,0x0ffe,
    0x0040,0x0040,0x0040,0x0040,0x0040,0x0000,0x0000,0x0ffe,0x0040,0x0444,0x0248,0x0040,
    0x0040,0x0ffe,0x0040,0x0040,0x0040,0x0040,0x0000,0x0000,0x0008,0x0ff8,0x0084,0x0082,
    0x07f8,0x0088,0x0088,0x0ffe,0x0080,0x0080,0x0080,0x0000,0x0000,0x0208,0x0110,0x07fc,
    0x0110,0x0110,0x0110,0x0ffe,0x0110,0x0110,0x0108,0x0106,0x0000,0x0000,0x0040,0x07fc,
    0x0040,0x0ffe,0x0110,0x0110,0x0ffe,0x0040,0x07fc,0x0040,0x0040,0x0000,0x0000,0x0708,
    0x08be,0x0048,0x0fbe,0x0222,0x023e,0x0222,0x0fbe,0x0208,0x023e,0x0208,0x0000,0x0000,
    0x0020,0x0010,0x0208,0x0104,0x0088,0x0050,0x0220,0x0210,0x0208,0x0504,0x04fc,0x0000,
    0x0000,0x0fe4,0x0804,0x0802,0x0812,0x0814,0x0808,0x0808,0x0804,0x0824,0x0422,0x03be,
    0x0000,0x0000,0x0104,0x0104,0x0fe2,0x0912,0x0914,0x0888,0x0888,0x0844,0x0854,0x0412,
    0x031e,0x0000,0x0000,0x0040,0x0a52,0x094a,0x08c6,0x0d6a,0x0a52,0x094a,0x0ffe,0x0842,
    0x0842,0x0ffe,0x0000,0x0000,0x0248,0x0554,0x0248,0x0944,0x0f7c,0x0240,0x0ffe,0x0888,
    0x0488,0x0314,0x0ce4,0x0000,0x0000,0x0080,0x0ffc,0x0004,0x0004,0x0004,0x0004,0x0004,
    0x0004,0x0004,0x0002,0x0002,0x0000,0x0000,0x0080,0x0ffc,0x0004,0x0104,0x0104,0x0fe4,
    0x0104,0x0104,0x0102,0x0102,0x0ff0,0x0000,0x0000,0x0080,0x0ffc,0x0004,0x0084,0x0084,
    0x0ff4,0x0084,0x0084,0x0142,0x0222,0x0c18,0x0000,0x0000,0x0080,0x0ffc,0x0004,0x0114,
    0x0114,0x0f74,0x0114,0x0114,0x0112,0x0912,0x0f78,0x0000,0x0000,0x0080,0x0ffc,0x0084,
    0x0084,0x0ffc,0x0084,0x0184,0x02c4,0x04a2,0x089a,0x0080,0x0000,0x0000,0x0080,0x0ffc,
    0x0004,0x07e4,0x0204,0x0144,0x0ff4,0x0904,0x0502,0x0102,0x01c0,0x0000,0x0000,0x0040,
    0x0ffc,0x0084,0x0ff4,0x0814,0x0814,0x0ff4,0x0014,0x0012,0x000a,0x0008,0x0000,0x0000,
    0x0080,0x0ffc,0x0104,0x0ff4,0x0144,0x0124,0x0fe4,0x0104,0x0102,0x0ffa,0x0100,0x0000,
    0x0000,0x0080,0x0ffc,0x0004,0x0084,0x0894,0x0914,0x0924,0x0424,0x0422,0x0202,0x0ff8,
    0x0000,0x0000,0x0080,0x0ffc,0x0004,0x07f4,0x0114,0x0ff4,0x0114,0x0114,0x0a72,0x0a02,
    0x0cf8,0x0000,0x0000,0x0080,0x0ffc,0x0024,0x0fe4,0x0814,0x0bfc,0x0a14,0x0bf4,0x0412,
    0x0812,0x0ff0,0x0000,0x0000,0x0080,0x0ffc,0x0084,0x0084,0x0f84,0x0084,0x0084,0x0ff4,
    0x0812,0x0812,0x0ff0,0x0000,0x0000,0x0080,0x0ffc,0x0104,0x0104,0x0ff4,0x0914,0x0914,
    0x0ff4,0x0912,0x0912,0x0ff0,0x0000,0x0000,0x0080,0x0ffc,0x0084,0x0ff4,0x0884,0x0ffc,
    0x0884,0x0ff4,0x0142,0x0222,0x0c18,0x0000,0x0000,0x0080,0x0ffc,0x0424,0x0424,0x0fd4,
    0x041c,0x0494,0x0514,0x0412,0x0412,0x0610,0x0000,0x0000,0x0080,0x0ffc,0x0244,0x0444,
    0x0ff4,0x0144,0x0544,0x0324,0x0122,0x0992,0x0f08,0x0000,0x0000,0x0080,0x0ffc,0x0294,
    0x0494,0x0ffc,0x0044,0x07c4,0x0424,0x025a,0x0182,0x0e70,0x0000,0x0000,0x0080,0x0ffc,
    0x0444,0x0244,0x0ff4,0x0104,0x0fe4,0x0104,0x0ff2,0x0102,0x0100,0x0000,0x0000,0x0080,
    0x0ffc,0x0224,0x0ffc,0x0224,0x03e4,0x0004,0x07f2,0x0222,0x01e0,0x0e1c,0x0000,0x0000,
    0x0080,0x0ffc,0x0224,0x0224,0x0554,0x088c,0x0084,0x0ff4,0x0082,0x0082,0x0ff8,0x0000,
    0x0000,0x0080,0x0ffc,0x0104,0x0ff4,0x0914,0x0ff4,0x0914,0x0ff4,0x0104,0x0ffa,0x0102,
    0x0000,0x0000,0x0040,0x0ffc,0x0004,0x0fbc,0x0224,0x0f94,0x023c,0x0222,0x0f92,0x0030,
    0x0fcc,0x0000,0x0000,0x0080,0x0ffc,0x0044,0x0ffc,0x02a4,0x0494,0x0ffc,0x0494,0x07f4,
    0x0892,0x0f82,0x0000,0x0000,0x0080,0x0ffc,0x0224,0x0224,0x0ffc,0x0224,0x0222,0x03e2,
    0x0000,0x0494,0x0922,0x0000,0x0000,0x0080,0x0ffc,0x0884,0x0ffc,0x0884,0x0ff4,0x088c,
    0x0594,0x02a2,0x0492,0x08c8,0x0000,0x0000,0x0080,0x0ffc,0x0884,0x0ffc,0x0884,0x0ff4,
    0x0084,0x0ffc,0x088a,0x0ffa,0x0888,0x0000,0x0000,0x0080,0x0ffc,0x0084,0x06b4,0x0494,
    0x06b4,0x0494,0x07f4,0x0142,0x0222,0x0c18,0x0000,0x0000,0x0080,0x0ffc,0x0004,0x0af4,
    0x0a94,0x0af4,0x0a94,0x0a94,0x0af2,0x0892,0x0d08,0x0000,0x0000,0x0080,0x0ffc,0x0024,
    0x0fa4,0x08fc,0x0fa4,0x08b4,0x0fb4,0x08ea,0x08aa,0x0fa0,0x0000,0x0000,0x0080,0x0ffc,
    0x0004,0x0774,0x0554,0x0d74,0x0054,0x0f74,0x0914,0x0652,0x09ba,0x0000,0x0000,0x0080,
    0x0ffc,0x0044,0x07f4,0x0414,0x07f4,0x0414,0x07f4,0x022a,0x01c2,0x0e38,0x0000,0x0000,
    0x0080,0x0ffc,0x0224,0x0ff4,0x0944,0x0ffc,0x0944,0x0ff4,0x0142,0x0552,0x0948,0x0000,
    0x0000,0x0040,0x0ffe,0x0012,0x0f7a,0x094a,0x057a,0x054a,0x097a,0x092a,0x074a,0x01ba,
    0x0000,0x0000,0x0040,0x0ffe,0x0012,0x0f7e,0x094a,0x057a,0x0522,0x0912,0x09fe,0x0722,
    0x013a,0x0000,0x0000,0x0080,0x0ffc,0x0954,0x0a64,0x0954,0x018c,0x0264,0x0d9c,0x0062,
    0x0302,0x00f0,0x0000,0x0000,0x0040,0x0ffe,0x0412,0x047e,0x0f92,0x047e,0x04c2,0x057e,
    0x042a,0x0428,0x067e,0x0000,0x0000,0x0080,0x0ffc,0x0494,0x07f4,0x0494,0x0ffc,0x0224,
    0x0c94,0x03ea,0x0082,0x0ff8,0x0000,0x0000,0x0080,0x0ffc,0x0024,0x0f7c,0x0124,0x0f3c,
    0x0924,0x09fc,0x0902,0x092a,0x0844,0x0000,0x0000,0x0040,0x0ffe,0x0012,0x0ffe,0x094a,
    0x0f7a,0x094a,0x0f7a,0x0912,0x08fe,0x0c92,0x0000,0x0000,0x0040,0x0ffe,0x00aa,0x0faa,
    0x048a,0x047e,0x0542,0x055e,0x0252,0x035e,0x0ce2,0x0000,0x0000,0x0080,0x0ffc,0x0024,
    0x0ff4,0x055c,0x0ff4,0x0554,0x0ffc,0x0002,0x0552,0x0948,0x0000,0x0000,0x0080,0x0ffe,
    0x0552,0x022e,0x0f7a,0x054e,0x0cfa,0x078a,0x04ba,0x0322,0x0cf8,0x0000,0x0000,0x0080,
    0x0ffc,0x0244,0x0ff4,0x0244,0x0ffc,0x0524,0x07e4,0x0522,0x07e2,0x0c18,0x0000,0x0000,
    0x0080,0x0ffe,0x0a42,0x09fa,0x0caa,0x02fa,0x0eaa,0x05aa,0x04fa,0x0f8a,0x048a,0x0000,
    0x0000,0x0080,0x0ffc,0x0554,0x05d4,0x0414,0x07f4,0x0084,0x0ffc,0x02c2,0x04a2,0x0898,
    0x0000,0x0000,0x0080,0x0ffc,0x0094,0x0ff4,0x0894,0x07d4,0x0554,0x0554,0x0fea,0x0aaa,
    0x0ff8,0x0000,0x0000,0x0040,0x0ffc,0x0124,0x0ffc,0x0aa4,0x0ffc,0x002a,0x0ffe,0x0528,
    0x097e,0x0720,0x0000,0x0000,0x0600,0x01ee,0x0108,0x0104,0x0f42,0x014e,0x0148,0x014a,
    0x0fe4,0x001a,0x0fe2,0x0000,0x0000,0x0600,0x01ce,0x0108,0x0104,0x0fe2,0x010e,0x0108,
    0x010a,0x0fe4,0x001c,0x0fe2,0x0000,0x0000,0x0100,0x0fee,0x0908,0x0ff4,0x0902,0x0fce,
    0x0108,0x0fea,0x0104,0x000c,0x0ff2,0x0000,0x0000,0x0208,0x0208,0x0208,0x0ffe,0x0208,
    0x0208,0x0208,0x0208,0x0208,0x0208,0x03f8,0x0000,0x0000,0x07fc,0x0110,0x0110,0x0110,
    0x0110,0x0ffe,0x0110,0x0110,0x0110,0x0108,0x0108,0x0000,0x0000,0x0020,0x0210,0x0408,
    0x0ffe,0x0110,0x0110,0x0ffe,0x0110,0x0110,0x0108,0x0106,0x0000,0x0000,0x07fc,0x0404,
    0x07fc,0x0004,0x0804,0x0ff8,0x0210,0x0ffe,0x0210,0x0210,0x020c,0x0000,0x0000,0x0040,
    0x0ffe,0x0010,0x0208,0x07fc,0x0910,0x0110,0x0ffe,0x0110,0x0108,0x0106,0x0000,0x0000,
    0x0ffe,0x0040,0x03f8,0x0040,0x0040,0x0ffe,0x0110,0x0ffe,0x0110,0x0108,0x0106,0x0000,
    0x0000,0x01f0,0x0208,0x05f4,0x0802,0x03f8,0x0208,0x03f8,0x0110,0x0ffe,0x0110,0x010c,
    0x0000,0x0000,0x0040,0x0ffe,0x0120,0x0524,0x0912,0x0000,0x0110,0x0ffe,0x0110,0x0108,
    0x0108,0x0000,0x0000,0x00aa,0x0f88,0x047e,0x052a,0x033e,0x0cea,0x0110,0x0110,0x0ffe,
    0x0110,0x010c,0x0000,0x0000,0x0220,0x0420,0x0020,0x0ffe,0x0040,0x0040,0x0040,0x0080,
    0x0880,0x0900,0x0e00,0x0000,0x0000,0x0900,0x0900,0x0ffe,0x0100,0x0200,0x027c,0x0210,
    0x0410,0x0410,0x08f0,0x080e,0x0000,0x0000,0x0a20,0x0fd4,0x0208,0x0214,0x03e2,0x0288,
    0x04be,0x0488,0x049c,0x0bea,0x0808,0x0000,0x0000,0x07f8,0x0400,0x0400,0x07f8,0x0008,
    0x0004,0x0ffc,0x0800,0x0800,0x0400,0x0380,0x0000,0x0000,0x07fc,0x0440,0x0440,0x07fc,
    0x0044,0x0044,0x0ffe,0x0842,0x0840,0x0640,0x0040,0x0000,0x0000,0x087e,0x0840,0x0840,
    0x087e,0x0802,0x0802,0x087e,0x0840,0x0840,0x0820,0x081c,0x0000,0x0000,0x0090,0x07fe,
    0x0490,0x07fc,0x0094,0x0094,0x0ffe,0x0892,0x0890,0x0888,0x0686,0x0000,0x0000,0x011e,
    0x0110,0x0110,0x011e,0x0082,0x0082,0x049e,0x0450,0x0450,0x0a28,0x09e6,0x0000,0x0000,
    0x010e,0x0d48,0x0b48,0x09ce,0x0972,0x0942,0x0d4e,0x0148,0x0048,0x0848,0x0fc6,0x0000,
    0x0000,0x0110,0x0090,0x07fc,0x0440,0x07fc,0x0044,0x0ffc,0x0860,0x0850,0x0848,0x0646,
    0x0000,0x0000,0x044e,0x0448,0x0248,0x014e,0x0042,0x0fe2,0x024e,0x0248,0x0448,0x0448,
    0x09e6,0x0000,0x0000,0x009e,0x0f90,0x0250,0x025e,0x0202,0x0682,0x0a5e,0x0a30,0x0210,
    0x0210,0x038c,0x0000,0x0000,0x011e,0x0fd0,0x0210,0x011e,0x0882,0x0442,0x029e,0x0110,
    0x0890,0x0848,0x0fc6,0x0000,0x0000,0x0fee,0x02a8,0x02a8,0x02ae,0x02a2,0x04a2,0x04ae,
    0x04a8,0x0aa8,0x0bd8,0x0816,0x0000,0x0000,0x0f88,0x097e,0x0724,0x08b8,0x07e6,0x0400,
    0x07f8,0x0008,0x0ffc,0x0804,0x0780,0x0000,0x0000,0x0ffe,0x0450,0x07d0,0x045e,0x0442,
    0x07c2,0x045e,0x0c50,0x07d0,0x0470,0x040e,0x0000,0x0000,0x0040,0x0ffe,0x0524,0x0922,
    0x07fc,0x0400,0x07fc,0x0004,0x0ffe,0x0802,0x0780,0x0000,0x0000,0x0fbe,0x0820,0x0820,
    0x0fbe,0x0082,0x0fbe,0x08a2,0x0924,0x0a28,0x0924,0x069a,0x0000,0x0000,0x0fce,0x0048,
    0x07c8,0x004e,0x07c2,0x0042,0x0fee,0x0148,0x0a48,0x0448,0x09e6,0x0000,0x0000,0x004e,
    0x0828,0x0fe8,0x010e,0x0fe2,0x0922,0x092e,0x0fe8,0x0108,0x0908,0x0fe6,0x0000,0x0000,
    0x0eee,0x0aa8,0x0aa8,0x0eee,0x0aa2,0x0aa2,0x0eee,0x0aa8,0x0aa8,0x0aa8,0x0aa6,0x0000,
    0x0000,0x044e,0x0248,0x0fe8,0x092e,0x0fe2,0x0922,0x0fee,0x0108,0x0fe8,0x0108,0x0106,
    0x0000,0x0000,0x0fee,0x0828,0x0fe8,0x010e,0x0fe2,0x0922,0x092e,0x0fe8,0x0108,0x0908,
    0x0fe6,0x0000,0x0000,0x0eee,0x0848,0x0848,0x0eee,0x02a2,0x02a2,0x0eee,0x08a8,0x08a8,
    0x08a8,0x06e6,0x0000,0x0000,0x00aa,0x0f88,0x047e,0x052a,0x033e,0x0caa,0x03f8,0x0008,
    0x07fc,0x0404,0x0380,0x0000,0x0000,0x0eee,0x0aa8,0x0aa8,0x0fee,0x0922,0x0fe2,0x092e,
    0x0fe8,0x0108,0x0ff8,0x0106,0x0000,0x0000,0x0ffe,0x0548,0x0928,0x0fee,0x0d62,0x0ba2,
    0x0d6e,0x0ba8,0x0d68,0x0ba8,0x0926,0x0000,0x0000,0x04e4,0x0a0a,0x04e4,0x0f1e,0x04e4,
    0x0ca6,0x07fc,0x0004,0x0ffe,0x0802,0x0780,0x0000,0x0000,0x0fd0,0x0812,0x0812,0x0812,
    0x0812,0x0fd2,0x0810,0x0808,0x0808,0x0804,0x0fc2,0x0000,0x0000,0x0040,0x0844,0x0448,
    0x0040,0x0ffc,0x0800,0x0800,0x0ffc,0x0800,0x0800,0x0ffc,0x0000,0x0000,0x03f8,0x0200,
    0x03f8,0x0200,0x0ffe,0x0040,0x0444,0x02c8,0x0160,0x0258,0x0c66,0x0000,0x0000,0x07e0,
    0x0210,0x01f8,0x0080,0x0ffe,0x0444,0x02b0,0x01ce,0x02b0,0x0c8e,0x0060,0x0000,0x0000,
    0x0208,0x0fbe,0x0208,0x0fbe,0x0208,0x0000,0x03f8,0x0200,0x0ffe,0x0200,0x03f8,0x0000,
    0x0000,0x03f0,0x0108,0x0ffe,0x0a4a,0x0bfa,0x0248,0x0248,0x0ffe,0x0160,0x0258,0x0c46,
    0x0000,0x0000,0x07f0,0x0208,0x0ffe,0x052a,0x0a9c,0x0fea,0x0a88,0x0110,0x0ffe,0x0110,
    0x010c,0x0000,0x0000,0x0c7e,0x0324,0x0024,0x0024,0x0c7e,0x0324,0x0024,0x0024,0x0824,
    0x0622,0x01a2,0x0000,0x0000,0x087c,0x0444,0x024c,0x0054,0x0844,0x04fe,0x0244,0x0044,
    0x0844,0x0442,0x0262,0x0000,0x0000,0x0040,0x0ffe,0x0210,0x0110,0x0ffc,0x0084,0x0674,
    0x0184,0x0c72,0x0302,0x00f8,0x0000,0x0000,0x0040,0x0ffe,0x0110,0x0110,0x0ffc,0x0084,
    0x0674,0x0184,0x0c72,0x0302,0x00f8,0x0000,0x0000,0x08be,0x0488,0x0252,0x0044,0x0800,
    0x0410,0x02fe,0x0010,0x0858,0x0496,0x0210,0x0000,0x0000,0x0c70,0x0310,0x00fc,0x0c94,
    0x037c,0x0014,0x0cf4,0x0304,0x0052,0x0852,0x0fcc,0x0000,0x0000,0x0888,0x0488,0x03fe,
    0x0088,0x0888,0x05cc,0x02ac,0x009a,0x088a,0x0488,0x0288,0x0000,0x0000,0x0c08,0x037e,
    0x0008,0x007e,0x0c00,0x037e,0x0042,0x007e,0x0024,0x0c24,0x037e,0x0000,0x0000,0x0810,
    0x04fe,0x0248,0x01fe,0x0844,0x047c,0x0244,0x007c,0x0810,0x04fe,0x0210,0x0000,0x0000,
    0x0c7e,0x0342,0x007e,0x0042,0x0c7e,0x0310,0x007e,0x0024,0x083c,0x0652,0x019a,0x0000,
    0x0000,0x0300,0x00c0,0x0038,0x0c00,0x0300,0x00e0,0x009c,0x0080,0x0080,0x0080,0x0080,
    0x0000,0x0000,0x0088,0x0fe4,0x0082,0x0080,0x0f88,0x0844,0x0846,0x0824,0x0824,0x0404,
    0x0304,0x0000,0x0000,0x03c8,0x0244,0x0242,0x0a40,0x0e28,0x0004,0x07e6,0x0444,0x0244,
    0x0384,0x0c74,0x0000,0x0000,0x0fa8,0x0a24,0x0a22,0x0af0,0x0a28,0x0924,0x0926,0x0924,
    0x08e4,0x0884,0x0644,0x0000,0x0000,0x0108,0x0fe4,0x0922,0x0120,0x07e8,0x0424,0x04a6,
    0x0514,0x0214,0x0584,0x0864,0x0000,0x0000,0x0288,0x0fe4,0x0a82,0x0fe0,0x02a8,0x02a4,
    0x0fe6,0x0a84,0x0a84,0x0644,0x0234,0x0000,0x0000,0x0088,0x0104,0x0fe2,0x0100,0x0108,
    0x0104,0x0fe6,0x0104,0x0104,0x0104,0x0fe4,0x0000,0x0000,0x0fe8,0x0104,0x0102,0x0100,
    0x0128,0x0f24,0x0126,0x0124,0x0124,0x0124,0x0ff4,0x0000,0x0000,0x07c8,0x0444,0x0442,
    0x07c0,0x0448,0x0444,0x07c6,0x0444,0x0444,0x0444,0x0fe4,0x0000,0x0000,0x0fe8,0x0804,
    0x0482,0x0300,0x0ce8,0x0104,0x0106,0x0fc4,0x0104,0x0104,0x0fe4,0x0000,0x0000,0x0108,
    0x0fc4,0x0102,0x0100,0x0fe8,0x0404,0x0fe6,0x0404,0x0444,0x0484,0x0604,0x0000,0x0000,
    0x0028,0x0fe4,0x0812,0x0810,0x09e0,0x0924,0x09e6,0x0924,0x09e4,0x0404,0x0304,0x0000,
    0x0000,0x07e8,0x0424,0x07e2,0x0420,0x0428,0x07e4,0x0926,0x0524,0x0224,0x0424,0x08e4,
    0x0000,0x0000,0x0448,0x0244,0x0fe2,0x0100,0x0108,0x0fe4,0x0106,0x0104,0x0fe4,0x0104,
    0x0104,0x0000,0x0000,0x0fe8,0x0824,0x0822,0x0ba0,0x0aa8,0x0aa4,0x0aa6,0x0ba4,0x0824,
    0x0824,0x0fe4,0x0000,0x0000,0x0108,0x0fe4,0x0902,0x0ff0,0x0908,0x0fe4,0x0106,0x0fe4,
    0x0104,0x0ff4,0x0104,0x0000,0x0000,0x0288,0x0244,0x0122,0x0540,0x0488,0x0fe4,0x0046,
    0x07e4,0x0454,0x0384,0x0c74,0x0000,0x0000,0x03c8,0x0424,0x0812,0x0fe0,0x0108,0x0104,
    0x0fe6,0x0104,0x0524,0x0914,0x0184,0x0000,0x0000,0x0fe8,0x0544,0x0542,0x02a0,0x0548,
    0x0544,0x0006,0x0fe4,0x0104,0x0104,0x0fe4,0x0000,0x0000,0x0108,0x0fe4,0x0102,0x0100,
    0x0fe8,0x0104,0x0106,0x0f24,0x0124,0x01e4,0x0e1c,0x0000,0x0000,0x07c8,0x0444,0x07c2,
    0x0440,0x07c8,0x0204,0x0fe6,0x0204,0x0224,0x0244,0x0304,0x0000,0x0000,0x0288,0x0ef4,
    0x0282,0x0280,0x0ee8,0x0284,0x0286,0x02f4,0x0e84,0x0244,0x0234,0x0000,0x0000,0x0108,
    0x0f24,0x0122,0x0120,0x0ff8,0x0104,0x0106,0x0f24,0x0124,0x01e4,0x0e1c,0x0000,0x0000,
    0x0108,0x0924,0x0542,0x0100,0x0fe8,0x0824,0x0ba6,0x0aa4,0x0aa4,0x0ba4,0x0c24,0x0000,
    0x0000,0x0448,0x0224,0x0552,0x0880,0x0108,0x0104,0x0f26,0x0124,0x0124,0x01e4,0x0e1c,
    0x0000,0x0000,0x0108,0x0ff4,0x0102,0x0540,0x0548,0x09a4,0x0916,0x0384,0x0544,0x0934,
    0x0104,0x0000,0x0000,0x0e10,0x0bf4,0x0a52,0x0a40,0x0bf8,0x0a44,0x0ac6,0x0a54,0x0e54,
    0x03d4,0x0234,0x0000,0x0000,0x0108,0x0fc4,0x0842,0x0fd0,0x0848,0x0fc4,0x0206,0x0fc4,
    0x0204,0x0204,0x0fe4,0x0000,0x0000,0x0048,0x0fe4,0x0432,0x07e0,0x0428,0x07e4,0x0046,
    0x0fe4,0x0454,0x0384,0x0c74,0x0000,0x0000,0x0c08,0x03e4,0x0222,0x0fe0,0x0228,0x0fa4,
    0x08a6,0x0fa4,0x0894,0x0894,0x0f84,0x0000,0x0000,0x0108,0x0ff4,0x0242,0x0240,0x0ff8,
    0x0894,0x0fe6,0x0044,0x0fc4,0x0824,0x0624,0x0000,0x0000,0x0f88,0x0964,0x0642,0x01e0,
    0x0048,0x0fc4,0x0126,0x0fe4,0x0104,0x0924,0x0fe4,0x0000,0x0000,0x0250,0x0e54,0x0bf2,
    0x0800,0x0bf8,0x0a04,0x0aa6,0x04a4,0x0594,0x0a14,0x0984,0x0000,0x0000,0x0250,0x0ff4,
    0x0a02,0x09f0,0x0808,0x09f4,0x0a46,0x05f4,0x0444,0x0a44,0x09f4,0x0000,0x0000,0x0108,
    0x0fe4,0x0102,0x0fe0,0x0aa8,0x0fe4,0x0006,0x0fe4,0x0514,0x0854,0x0784,0x0000,0x0000,
    0x0248,0x0ff4,0x0a22,0x0890,0x09f8,0x0a94,0x0af6,0x0494,0x04f4,0x0a94,0x0994,0x0000,
    0x0000,0x0228,0x0ef4,0x0a92,0x09f0,0x0898,0x0af4,0x0a26,0x04e4,0x0494,0x0a84,0x0964,
    0x0000,0x0000,0x0158,0x0ff4,0x0902,0x09f0,0x08a8,0x0a54,0x0aa6,0x05f4,0x0444,0x0a54,
    0x09cc,0x0000,0x0000,0x0030,0x00c0,0x0000,0x0010,0x0410,0x0414,0x0814,0x0812,0x0212,
    0x0210,0x01e0,0x0000,0x0000,0x0030,0x0240,0x0200,0x0110,0x0514,0x0494,0x0852,0x0832,
    0x0210,0x0218,0x01e6,0x0000,0x0000,0x07c8,0x0408,0x0208,0x011a,0x008a,0x004a,0x004a,
    0x002a,0x0828,0x0828,0x07c8,0x0000,0x0000,0x03f8,0x0200,0x0200,0x03f8,0x0008,0x0408,
    0x07f8,0x0040,0x0490,0x0814,0x03e2,0x0000,0x0000,0x07fc,0x0440,0x0450,0x0420,0x0450,
    0x030c,0x0000,0x0040,0x0490,0x0814,0x03e2,0x0000,0x0000,0x0040,0x0040,0x07c0,0x0040,
    0x0040,0x0ffe,0x0000,0x0040,0x0490,0x0814,0x03e2,0x0000,0x0000,0x0ffe,0x0040,0x01c0,
    0x0640,0x0040,0x0040,0x0000,0x0040,0x0490,0x0814,0x03e2,0x0000,0x0000,0x0900,0x0900,
    0x0ffe,0x0100,0x0218,0x0220,0x0208,0x048a,0x050a,0x080a,0x08f0,0x0000,0x0000,0x0408,
    0x0408,0x0fc8,0x040a,0x041a,0x044a,0x048a,0x040a,0x0408,0x0408,0x0708,0x0000,0x0000,
    0x0040,0x0ffe,0x0040,0x0040,0x07fc,0x0000,0x0040,0x0080,0x0410,0x0814,0x03e2,0x0000,
    0x0000,0x0040,0x0ffe,0x0008,0x0008,0x0008,0x07f0,0x0040,0x0090,0x0414,0x0812,0x03e0,
    0x0000,0x0000,0x0108,0x0108,0x0fe8,0x004a,0x004a,0x004a,0x004a,0x004a,0x0048,0x0048,
    0x0f88,0x0000,0x0000,0x0380,0x007c,0x0040,0x0ffe,0x00a0,0x0318,0x0c46,0x0040,0x0548,
    0x0a44,0x0060,0x0000,0x0000,0x0040,0x07fc,0x0444,0x0444,0x07fc,0x0000,0x0040,0x0090,
    0x0414,0x0812,0x03e0,0x0000,0x0000,0x0108,0x0108,0x0fe8,0x092a,0x092a,0x092a,0x092a,
    0x0fea,0x0108,0x0108,0x0108,0x0000,0x0000,0x0048,0x0fc8,0x0228,0x022a,0x020a,0x020a,
    0x0fea,0x020a,0x0208,0x0208,0x0208,0x0000,0x0000,0x0288,0x0488,0x0088,0x0fda,0x028a,
    0x028a,0x028a,0x028a,0x0a48,0x0a48,0x0e28,0x0000,0x0000,0x0788,0x0408,0x0448,0x084a,
    0x082a,0x08aa,0x008a,0x044a,0x0448,0x0a28,0x09e8,0x0000,0x0000,0x0108,0x0fe8,0x0908,
    0x090a,0x090a,0x0ffa,0x010a,0x010a,0x0288,0x0448,0x0838,0x0000,0x0000,0x0108,0x0fe8,
    0x0928,0x092a,0x092a,0x030a,0x028a,0x028a,0x0a88,0x0a48,0x0e38,0x0000,0x0000,0x01f0,
    0x0208,0x05f4,0x0802,0x03f8,0x0100,0x0080,0x0040,0x0494,0x0812,0x03e0,0x0000,0x0000,
    0x07e8,0x0488,0x0488,0x048a,0x048a,0x0fea,0x044a,0x044a,0x0448,0x0448,0x0fe8,0x0000,
    0x0000,0x0608,0x01c8,0x0048,0x004a,0x0fda,0x046a,0x044a,0x044a,0x0428,0x0428,0x0408,
    0x0000,0x0000,0x0008,0x0ff8,0x0924,0x0922,0x0890,0x0648,0x0000,0x0040,0x0490,0x0814,
    0x03e2,0x0000,0x0000,0x01d0,0x0208,0x0404,0x0bfa,0x0220,0x0210,0x018c,0x0040,0x0490,
    0x0814,0x03e2,0x0000,0x0000,0x0fe8,0x0208,0x0208,0x011a,0x018a,0x054a,0x092a,0x010a,
    0x0108,0x0108,0x0108,0x0000,0x0000,0x0040,0x0ffe,0x00a0,0x0110,0x0228,0x0c44,0x0002,
    0x0040,0x0490,0x0814,0x03e2,0x0000,0x0000,0x0110,0x0110,0x0110,0x02a8,0x02a8,0x0444,
    0x0822,0x0040,0x0490,0x0814,0x03e2,0x0000,0x0000,0x0008,0x0ff8,0x0024,0x07e4,0x0022,
    0x07e2,0x0020,0x0040,0x0490,0x0814,0x03e2,0x0000,0x0000,0x0108,0x0fe8,0x0928,0x092a,
    0x092a,0x092a,0x0ffa,0x010a,0x0288,0x0448,0x0838,0x0000,0x0000,0x0f88,0x087e,0x0924,
    0x0524,0x0638,0x09c6,0x0000,0x0040,0x0490,0x0814,0x03e2,0x0000,0x0000,0x0fe8,0x0108,
    0x0108,0x012a,0x012a,0x0f2a,0x012a,0x012a,0x0128,0x0128,0x0ff8,0x0000,0x0000,0x0108,
    0x0088,0x0fc8,0x084a,0x085a,0x086a,0x0fca,0x084a,0x0848,0x0848,0x0fc8,0x0000,0x0000,
    0x0108,0x0fe8,0x0088,0x028a,0x024a,0x0fea,0x0a5a,0x0a4a,0x0a48,0x0e48,0x0208,0x0000,
    0x0000,0x0208,0x0208,0x0fc8,0x020a,0x021a,0x022a,0x0fca,0x084a,0x0848,0x0848,0x0fc8,
    0x0000,0x0000,0x0fc8,0x0848,0x0848,0x0fca,0x085a,0x086a,0x084a,0x0fca,0x0008,0x0008,
    0x0fc8,0x0000,0x0000,0x0388,0x0448,0x0828,0x07ea,0x000a,0x000a,0x0fea,0x088a,0x0888,
    0x0688,0x0088,0x0000,0x0000,0x07fc,0x0444,0x07fc,0x0444,0x0444,0x07fc,0x0000,0x0040,
    0x0490,0x0814,0x03e2,0x0000,0x0000,0x0120,0x0210,0x07fe,0x0800,0x03f8,0x0208,0x03f8,
    0x0040,0x0490,0x0814,0x03e2,0x0000,0x0000,0x0108,0x0088,0x0848,0x0fca,0x001a,0x002a,
    0x0fca,0x084a,0x0848,0x0848,0x0fc8,0x0000,0x0000,0x01f0,0x0088,0x07fc,0x0400,0x0ffe,
    0x0400,0x07f8,0x0040,0x0490,0x0814,0x03e2,0x0000,0x0000,0x0fe8,0x0108,0x0108,0x092a,
    0x054a,0x010a,0x010a,0x0fea,0x0108,0x0108,0x0108,0x0000,0x0000,0x0248,0x0248,0x0fc8,
    0x022a,0x022a,0x020a,0x0fca,0x020a,0x0208,0x0208,0x0fe8,0x0000,0x0000,0x0fbc,0x08a4,
    0x08ac,0x0eb2,0x00a0,0x0898,0x0f06,0x0040,0x0490,0x0814,0x03e2,0x0000,0x0000,0x0fe8,
    0x0828,0x0828,0x0fea,0x002a,0x00aa,0x0caa,0x03aa,0x0098,0x0888,0x0f08,0x0000,0x0000,
    0x0fe8,0x0808,0x0488,0x030a,0x0cea,0x010a,0x010a,0x0fca,0x0108,0x0108,0x0fe8,0x0000,
    0x0000,0x0288,0x0fe8,0x0a88,0x0fea,0x02aa,0x02aa,0x0fea,0x0a8a,0x0a88,0x0648,0x0238,
    0x0000,0x0000,0x0108,0x0fe8,0x0108,0x010a,0x010a,0x0fea,0x008a,0x048a,0x0448,0x0a28,
    0x09e8,0x0000,0x0000,0x0508,0x0908,0x0fe8,0x010a,0x054a,0x054a,0x054a,0x054a,0x0528,
    0x0d28,0x0108,0x0000,0x0000,0x0210,0x0110,0x07fc,0x0404,0x0404,0x0404,0x07fc,0x0040,
    0x0490,0x0814,0x03e2,0x0000,0x0000,0x0fe8,0x0108,0x0104,0x0ff6,0x0104,0x0104,0x0fe4,
    0x0040,0x0890,0x1014,0x07e2,0x0000,0x0000,0x0028,0x0fe8,0x0828,0x081a,0x09ea,0x092a,
    0x09ea,0x092a,0x09e8,0x0408,0x0308,0x0000,0x0000,0x0108,0x0fe8,0x0108,0x010a,0x0fea,
    0x040a,0x0fea,0x040a,0x0448,0x0488,0x0608,0x0000,0x0000,0x0fe8,0x0088,0x0088,0x0f8a,
    0x094a,0x0a4a,0x04aa,0x052a,0x0208,0x0208,0x0fe8,0x0000,0x0000,0x0040,0x0ffe,0x0120,
    0x0524,0x0922,0x0110,0x0008,0x0040,0x0490,0x0814,0x03e2,0x0000,0x0000,0x0108,0x0928,
    0x0548,0x010a,0x010a,0x0ffa,0x028a,0x028a,0x0288,0x0a48,0x0e38,0x0000,0x0000,0x07de,
    0x0488,0x04c8,0x0588,0x0498,0x0c06,0x0040,0x0090,0x0410,0x0814,0x03e2,0x0000,0x0000,
    0x0fe8,0x0008,0x0fc8,0x084a,0x085a,0x0fca,0x084a,0x084a,0x0fc8,0x0008,0x0fe8,0x0000,
    0x0000,0x0010,0x0f7e,0x0948,0x0944,0x0924,0x0f18,0x0026,0x0040,0x0410,0x0814,0x03e2,
    0x0000,0x0000,0x0110,0x0ffe,0x0040,0x03f8,0x0040,0x0ffe,0x0000,0x0040,0x0490,0x0814,
    0x03e2,0x0000,0x0000,0x0040,0x07fc,0x0040,0x0ffe,0x0040,0x03f8,0x0040,0x0ffe,0x0490,
    0x0814,0x03e2,0x0000,0x0000,0x0048,0x0fe8,0x0248,0x024a,0x0aaa,0x0aaa,0x022a,0x050a,
    0x0508,0x0888,0x0868,0x0000,0x0000,0x0040,0x0fce,0x0920,0x0120,0x0288,0x0444,0x0822,
    0x0040,0x0490,0x0814,0x03e2,0x0000,0x0000,0x0108,0x0088,0x0fe8,0x0aaa,0x0aaa,0x0aaa,
    0x0aaa,0x0aaa,0x0aa8,0x0aa8,0x0ff8,0x0000,0x0000,0x033e,0x0412,0x001e,0x0092,0x0492,
    0x089e,0x08d2,0x00b2,0x009e,0x0892,0x0f10,0x0000,0x0000,0x0fc8,0x0848,0x0fc8,0x085a,
    0x086a,0x0fca,0x014a,0x094a,0x0a48,0x0448,0x09c8,0x0000,0x0000,0x07fc,0x0444,0x05f4,
    0x0444,0x04a4,0x0514,0x07fc,0x0040,0x0490,0x0814,0x03e2,0x0000,0x0000,0x0088,0x0788,
    0x0448,0x02aa,0x010a,0x028a,0x0c4a,0x07ea,0x0448,0x0448,0x07c8,0x0000,0x0000,0x0fe8,
    0x0828,0x0828,0x0baa,0x082a,0x0baa,0x0aaa,0x0aaa,0x0ba8,0x0828,0x0c28,0x0000,0x0000,
    0x0e08,0x01e8,0x0108,0x010a,0x0fea,0x010a,0x010a,0x0fca,0x0848,0x0848,0x0fc8,0x0000,
    0x0000,0x0110,0x07fc,0x0110,0x0110,0x0ffe,0x0208,0x0444,0x0852,0x0548,0x0544,0x0060,
    0x0000,0x0000,0x0020,0x03f8,0x0208,0x03f8,0x0208,0x0208,0x03f8,0x0040,0x0490,0x0814,
    0x03e2,0x0000,0x0000,0x0788,0x0848,0x0028,0x078a,0x000a,0x000a,0x0fca,0x084a,0x0848,
    0x0848,0x0fc8,0x0000,0x0000,0x07fc,0x0404,0x07fc,0x0404,0x07fc,0x0244,0x019e,0x0e40,
    0x0090,0x0414,0x09e2,0x0000,0x0000,0x0ffe,0x00a0,0x04a4,0x02a8,0x00a0,0x0ffe,0x0000,
    0x0040,0x0490,0x0814,0x03e2,0x0000,0x0000,0x0108,0x0fe8,0x0008,0x0a2a,0x0aaa,0x092a,
    0x092a,0x0aaa,0x0c68,0x0828,0x0fe8,0x0000,0x0000,0x03fc,0x0100,0x07fc,0x0444,0x07fc,
    0x0444,0x0404,0x0040,0x0490,0x0814,0x03e2,0x0000,0x0000,0x0fe8,0x0928,0x0928,0x0fea,
    0x092a,0x09aa,0x0b6a,0x0d2a,0x0928,0x0828,0x0fe8,0x0000,0x0000,0x0108,0x0928,0x0548,
    0x010a,0x0fda,0x084a,0x0fca,0x084a,0x0fc8,0x0848,0x0c48,0x0000,0x0000,0x0788,0x0408,
    0x0848,0x0fea,0x044a,0x044a,0x07ca,0x028a,0x0288,0x0a48,0x0e38,0x0000,0x0000,0x07fc,
    0x0444,0x0248,0x0ffe,0x0160,0x0258,0x0c06,0x0040,0x0490,0x0814,0x03e2,0x0000,0x0000,
    0x0488,0x0288,0x0fe8,0x090a,0x0fea,0x012a,0x0fea,0x090a,0x0988,0x0748,0x0128,0x0000,
    0x0000,0x0fc8,0x0848,0x0fc8,0x084a,0x0fda,0x000a,0x0fca,0x020a,0x0fe8,0x0208,0x0208,
    0x0000,0x0000,0x07c8,0x0448,0x07c8,0x000a,0x0fea,0x092a,0x092a,0x0fea,0x0028,0x0828,
    0x0fe8,0x0000,0x0000,0x0048,0x0fc8,0x0028,0x07ea,0x044a,0x054a,0x0ffa,0x042a,0x0528,
    0x0fe8,0x0208,0x0000,0x0000,0x0108,0x0fe8,0x0108,0x0fea,0x082a,0x07ca,0x020a,0x010a,
    0x0fe8,0x0108,0x0188,0x0000,0x0000,0x0108,0x0fe8,0x0108,0x0fea,0x092a,0x092a,0x0fea,
    0x018a,0x0548,0x0938,0x0108,0x0000,0x0000,0x0488,0x0448,0x0ff8,0x028a,0x0a8a,0x0c6a,
    0x078a,0x046a,0x0248,0x0388,0x0c78,0x0000,0x0000,0x0fe8,0x0108,0x0fc8,0x088a,0x088a,
    0x0fea,0x000a,0x0fca,0x0848,0x0848,0x0fc8,0x0000,0x0000,0x0048,0x0fc8,0x0424,0x0496,
    0x0314,0x0494,0x0864,0x0080,0x0510,0x0814,0x03e2,0x0000,0x0000,0x0040,0x07fc,0x0444,
    0x07fc,0x0040,0x07fc,0x0444,0x07fc,0x0090,0x0414,0x0be2,0x0000,0x0000,0x0488,0x0288,
    0x0fc8,0x085a,0x086a,0x0fca,0x028a,0x028a,0x0288,0x0a48,0x0e38,0x0000,0x0000,0x0048,
    0x0fc8,0x0924,0x0106,0x0524,0x0994,0x0000,0x0040,0x0490,0x0814,0x03e2,0x0000,0x0000,
    0x03f8,0x0208,0x03f8,0x0208,0x0ffe,0x0110,0x03f8,0x0040,0x0490,0x0814,0x03e2,0x0000,
    0x0000,0x0f28,0x0848,0x0928,0x0fea,0x0aaa,0x0aaa,0x092a,0x0aaa,0x0c68,0x0828,0x0c28,
    0x0000,0x0000,0x0288,0x0ee8,0x0288,0x028a,0x0eea,0x028a,0x028a,0x02ea,0x0e88,0x0248,
    0x0228,0x0000,0x0000,0x00a0,0x0fbe,0x00a0,0x07bc,0x00a0,0x0fbe,0x0090,0x0040,0x0490,
    0x0814,0x03e2,0x0000,0x0000,0x0108,0x0ff8,0x0448,0x044a,0x0aaa,0x092a,0x010a,0x0ffa,
    0x0108,0x0108,0x0108,0x0000,0x0000,0x0fc8,0x0048,0x07c8,0x004a,0x07da,0x004a,0x0fea,
    0x014a,0x0a48,0x0448,0x09c8,0x0000,0x0000,0x0fbe,0x08a2,0x0fbe,0x08a2,0x0fbe,0x0802,
    0x0842,0x0882,0x0a2a,0x0c26,0x09c2,0x0000,0x0000,0x0fe8,0x0108,0x0ff8,0x054a,0x092a,
    0x07da,0x020a,0x010a,0x0fe8,0x0108,0x0188,0x0000,0x0000,0x0108,0x0fe8,0x0108,0x0fea,
    0x044a,0x044a,0x0fea,0x010a,0x0fe8,0x0108,0x0108,0x0000,0x0000,0x0108,0x0f08,0x0108,
    0x0fda,0x084a,0x0fca,0x084a,0x0fca,0x0208,0x0fe8,0x0208,0x0000,0x0000,0x0108,0x0ff8,
    0x0908,0x0fea,0x090a,0x0fca,0x008a,0x0ffa,0x0448,0x03c8,0x0c38,0x0000,0x0000,0x0108,
    0x0fe8,0x0108,0x0fca,0x010a,0x0fea,0x084a,0x0fca,0x0848,0x0fc8,0x0848,0x0000,0x0000,
    0x0fe8,0x0928,0x0ba8,0x092a,0x0baa,0x082a,0x0baa,0x0aaa,0x0aa8,0x0ba8,0x0c28,0x0000,
    0x0000,0x0108,0x0fe8,0x0008,0x0fca,0x084a,0x0fca,0x040a,0x020a,0x0fe8,0x0208,0x0388,
    0x0000,0x0000,0x0108,0x0fe8,0x0008,0x07da,0x044a,0x044a,0x07ca,0x010a,0x0548,0x0928,
    0x0188,0x0000,0x0000,0x0108,0x0ff8,0x0828,0x0eea,0x0aaa,0x0aba,0x0aaa,0x0eca,0x0288,
    0x0a48,0x0e38,0x0000,0x0000,0x0900,0x0ffe,0x0100,0x053c,0x0524,0x023c,0x0d00,0x005e,
    0x0480,0x0814,0x03e2,0x0000,0x0000,0x0948,0x0548,0x0fe8,0x048a,0x0fea,0x044a,0x0fea,
    0x045a,0x0748,0x0848,0x0fc8,0x0000,0x0000,0x07c8,0x0448,0x07c8,0x044a,0x07ca,0x004a,
    0x0fea,0x0a8a,0x0a48,0x0928,0x0688,0x0000,0x0000,0x0fe8,0x0828,0x0aa8,0x0aaa,0x0fea,
    0x092a,0x0fea,0x08aa,0x08a8,0x0ba8,0x0c28,0x0000,0x0000,0x0048,0x0fe8,0x0a98,0x0a4a,
    0x092a,0x089a,0x040a,0x0088,0x0520,0x0828,0x03c4,0x0000,0x0000,0x0488,0x0fe8,0x0488,
    0x048a,0x0fea,0x000a,0x0fca,0x084a,0x0fc8,0x0848,0x0fc8,0x0000,0x0000,0x0488,0x0488,
    0x0fc8,0x024a,0x0fea,0x025a,0x024a,0x0fca,0x0248,0x0248,0x0fc8,0x0000,0x0000,0x0040,
    0x0ffe,0x0444,0x07fc,0x0444,0x07fc,0x0840,0x0ffe,0x0490,0x0814,0x03e2,0x0000,0x0000,
    0x0ffe,0x00a0,0x07bc,0x0404,0x07bc,0x00a0,0x0ffe,0x0040,0x0490,0x0814,0x03e2,0x0000,
    0x0000,0x0108,0x0fe8,0x0128,0x012a,0x0f2a,0x012a,0x012a,0x0faa,0x08a8,0x0898,0x0f88,
    0x0000,0x0000,0x0fc8,0x0848,0x0fc8,0x084a,0x0fda,0x084a,0x084a,0x0fea,0x0008,0x0488,
    0x0868,0x0000,0x0000,0x0488,0x0448,0x0fe8,0x010a,0x0ffa,0x028a,0x0c4a,0x033a,0x08c8,
    0x0608,0x01e8,0x0000,0x0000,0x0fe8,0x0106,0x0100,0x0f28,0x0126,0x0124,0x0ff4,0x0040,
    0x0490,0x0814,0x03e2,0x0000,0x0000,0x03f0,0x0108,0x0094,0x03f8,0x0e4e,0x03f8,0x0248,
    0x03f8,0x0490,0x0814,0x03e2,0x0000,0x0000,0x0f48,0x01f8,0x0128,0x0f5a,0x054a,0x05fa,
    0x054a,0x054a,0x05f8,0x0448,0x0448,0x0000,0x0000,0x0448,0x0248,0x0fe8,0x093a,0x0fea,
    0x092a,0x0fea,0x010a,0x0fe8,0x0108,0x0108,0x0000,0x0000,0x0fe8,0x0928,0x0ff8,0x092a,
    0x0fea,0x082a,0x092a,0x092a,0x0928,0x0288,0x0c68,0x0000,0x0000,0x0108,0x0fe8,0x0088,
    0x0fca,0x022a,0x0fca,0x084a,0x0fca,0x0848,0x0fc8,0x0848,0x0000,0x0000,0x0928,0x0498,
    0x0248,0x049a,0x092a,0x0fea,0x0aaa,0x092a,0x0aa8,0x0828,0x0fe8,0x0000,0x0000,0x0f88,
    0x08be,0x0f88,0x0898,0x0fac,0x088a,0x0f88,0x0040,0x0490,0x0814,0x03e2,0x0000,0x0000,
    0x0928,0x0928,0x0fe8,0x000a,0x0fea,0x008a,0x0fea,0x0aaa,0x0aa8,0x0aa8,0x0c28,0x0000,
    0x0000,0x0108,0x0fc8,0x0848,0x0fca,0x085a,0x0fea,0x020a,0x0fca,0x0208,0x0208,0x0fe8,
    0x0000,0x0000,0x0110,0x0ffe,0x0020,0x0ffc,0x0010,0x07f8,0x0416,0x07f0,0x0490,0x0814,
    0x03e2,0x0000,0x0000,0x0fc8,0x0848,0x0fc8,0x085a,0x0fea,0x024a,0x0fca,0x022a,0x0fc8,
    0x0208,0x0fe8,0x0000,0x0000,0x08e8,0x0aa8,0x0ae8,0x0aaa,0x0aea,0x0aaa,0x0aaa,0x0aea,
    0x0808,0x08a8,0x0d18,0x0000,0x0000,0x0388,0x0278,0x0a48,0x0a4a,0x0bfa,0x024a,0x024a,
    0x056a,0x0558,0x08c8,0x0848,0x0000,0x0000,0x0230,0x0a8e,0x0a88,0x023e,0x0308,0x04dc,
    0x080a,0x0040,0x0490,0x0814,0x03e2,0x0000,0x0000,0x0108,0x0fe8,0x0828,0x0fca,0x084a,
    0x0fda,0x086a,0x084a,0x0fc8,0x0008,0x0fe8,0x0000,0x0000,0x0f94,0x0022,0x0f88,0x0414,
    0x0446,0x0424,0x0714,0x0040,0x0490,0x0814,0x03e2,0x0000,0x0000,0x01f0,0x0208,0x05fc,
    0x0ca6,0x04bc,0x04a4,0x0634,0x0040,0x0490,0x0814,0x03e2,0x0000,0x0000,0x07c8,0x0828,
    0x0fd8,0x000a,0x0aea,0x0aaa,0x0aea,0x0aaa,0x0ae8,0x08a8,0x0ca8,0x0000,0x0000,0x00be,
    0x0fa2,0x04be,0x0552,0x057e,0x0312,0x0ca6,0x0040,0x0490,0x0814,0x03e2,0x0000,0x0000,
    0x0088,0x0fc8,0x0868,0x0fca,0x085a,0x0fea,0x008a,0x0fca,0x08a8,0x0708,0x08e8,0x0000,
    0x0000,0x0040,0x0ffe,0x0110,0x0ffe,0x0208,0x03f8,0x0208,0x03f8,0x0490,0x0814,0x03e2,
    0x0000,0x0000,0x07e8,0x0428,0x07e8,0x042a,0x07ea,0x004a,0x0fea,0x093a,0x0aa8,0x09e8,
    0x0608,0x0000,0x0000,0x0ee8,0x0aa8,0x0ee8,0x000a,0x0fea,0x000a,0x0ffa,0x004a,0x0fe8,
    0x0828,0x0708,0x0000,0x0000,0x03f8,0x0248,0x03f8,0x0248,0x0ffe,0x0842,0x0dfa,0x0040,
    0x0490,0x0814,0x03e2,0x0000,0x0000,0x05fc,0x0424,0x0248,0x0ffe,0x0892,0x0514,0x0be2,
    0x0218,0x0120,0x00e0,0x0f1e,0x0000,0x0000,0x0fe8,0x0228,0x0fe8,0x0aaa,0x0aaa,0x076a,
    0x022a,0x052a,0x08a8,0x0028,0x0fe8,0x0000,0x0000,0x0900,0x0ffc,0x0104,0x0574,0x0504,
    0x0274,0x0d52,0x0072,0x0480,0x0814,0x03e2,0x0000,0x0000,0x0fe8,0x0aa8,0x0aa8,0x0fea,
    0x010a,0x0fea,0x008a,0x0f8a,0x0848,0x0848,0x0608,0x0000,0x0000,0x0108,0x0fe8,0x0548,
    0x0ffa,0x044a,0x0fea,0x082a,0x092a,0x0928,0x0288,0x0c68,0x0000,0x0000,0x0088,0x0fe8,
    0x0928,0x0fea,0x092a,0x092a,0x0fea,0x054a,0x0d48,0x0128,0x0f28,0x0000,0x0000,0x0788,
    0x04be,0x0448,0x0fbe,0x04a2,0x0300,0x0c9c,0x0040,0x0490,0x0814,0x03e2,0x0000,0x0000,
    0x0788,0x0848,0x0fe8,0x084a,0x0fda,0x084a,0x0fca,0x004a,0x0fa8,0x08a8,0x0f88,0x0000,
    0x0000,0x0928,0x0fe8,0x0008,0x0fea,0x000a,0x07ca,0x044a,0x07ca,0x0288,0x0288,0x0fe8,
    0x0000,0x0000,0x0048,0x0fc8,0x0028,0x07aa,0x000a,0x07ea,0x04aa,0x048a,0x07e8,0x08c8,
    0x0aa8,0x0000,0x0000,0x0ffc,0x0414,0x07f4,0x0414,0x07f4,0x0082,0x0492,0x08c8,0x0010,
    0x0414,0x09e2,0x0000,0x0000,0x0fe8,0x0288,0x0fe8,0x0aaa,0x0aaa,0x0fea,0x010a,0x0fea,
    0x0188,0x0548,0x0938,0x0000,0x0000,0x07be,0x0482,0x045e,0x0fd2,0x04be,0x0322,0x0c9a,
    0x0040,0x0490,0x0814,0x03e2,0x0000,0x0000,0x0110,0x0ffe,0x0208,0x0514,0x0208,0x0924,
    0x0fbe,0x0040,0x0490,0x0814,0x03e2,0x0000,0x0000,0x0248,0x0fe8,0x0288,0x0fea,0x0a8a,
    0x0ffa,0x0a8a,0x0fea,0x0288,0x06c8,0x0aa8,0x0000,0x0000,0x0c84,0x03a2,0x08be,0x0fa2,
    0x00be,0x0fa2,0x00be,0x0fa2,0x0090,0x0414,0x0be2,0x0000,0x0000,0x0488,0x0fe8,0x0488,
    0x010a,0x0fea,0x004a,0x0fca,0x000a,0x0548,0x0548,0x0d28,0x0000,0x0000,0x07c8,0x0548,
    0x06c8,0x044a,0x07ca,0x000a,0x0fea,0x0aaa,0x0aa8,0x0aa8,0x0ff8,0x0000,0x0000,0x0108,
    0x0fe8,0x0108,0x0fca,0x084a,0x0fca,0x084a,0x0fea,0x0008,0x0448,0x0828,0x0000,0x0000,
    0x0fe8,0x0448,0x07c8,0x044a,0x0ffa,0x040a,0x0eea,0x088a,0x0aa8,0x0448,0x0aa8,0x0000,
    0x0000,0x0fe8,0x0288,0x0fe8,0x0aaa,0x0fea,0x000a,0x0fea,0x000a,0x0fe8,0x0548,0x09a8,
    0x0000,0x0000,0x0110,0x0ffe,0x0110,0x03f8,0x0208,0x0ffe,0x0210,0x0448,0x0846,0x0548,
    0x0564,0x0000,0x0000,0x0448,0x0fe8,0x0248,0x092a,0x0fea,0x028a,0x0c4a,0x033a,0x08c8,
    0x0608,0x01e8,0x0000,0x0000,0x0f28,0x01f8,0x0128,0x0ffa,0x052a,0x05fa,0x052a,0x05fa,
    0x0428,0x05f8,0x0428,0x0000,0x0000,0x0ffe,0x0122,0x07fa,0x0122,0x07fa,0x0252,0x024a,
    0x0ffe,0x0090,0x0414,0x09e2,0x0000,0x0000,0x03e8,0x0288,0x0ff8,0x0aaa,0x0bea,0x0aaa,
    0x0bea,0x0a8a,0x0be8,0x0888,0x0df8,0x0000,0x0000,0x07e8,0x0428,0x07e8,0x042a,0x0ffa,
    0x0a4a,0x0ffa,0x042a,0x0448,0x0388,0x0c78,0x0000,0x0000,0x0fe8,0x0928,0x0ff8,0x092a,
    0x0fea,0x082a,0x0fea,0x082a,0x0fe8,0x0488,0x0868,0x0000,0x0000,0x0528,0x0548,0x0f18,
    0x04aa,0x0f8a,0x006a,0x0f4a,0x094a,0x0f48,0x0068,0x0f98,0x0000,0x0000,0x0208,0x0fbe,
    0x0208,0x0fbe,0x0208,0x07fc,0x0400,0x07fc,0x0090,0x0414,0x0be2,0x0000,0x0000,0x0fe8,
    0x0528,0x05e8,0x052a,0x0f3a,0x05ea,0x042a,0x05aa,0x0668,0x0508,0x0cc8,0x0000,0x0000,
    0x0448,0x0664,0x0992,0x0088,0x07ac,0x00ea,0x0f18,0x0040,0x0490,0x0814,0x03e2,0x0000,
    0x0000,0x07c0,0x0040,0x0ffc,0x0844,0x07f4,0x0494,0x07f4,0x0492,0x07f2,0x0528,0x0bc4,
    0x0000,0x0000,0x043e,0x0fe2,0x043e,0x0482,0x053e,0x0408,0x042a,0x064a,0x0010,0x0414,
    0x09e2,0x0000,0x0000,0x0fe8,0x0aa8,0x0be8,0x052a,0x05ea,0x0aaa,0x0bea,0x010a,0x0fc8,
    0x0108,0x0fe8,0x0000,0x0000,0x0108,0x0fe8,0x0928,0x0fea,0x092a,0x0fea,0x012a,0x0fea,
    0x0938,0x0fe8,0x0928,0x0000,0x0000,0x0080,0x0ffc,0x0124,0x0ffc,0x0924,0x0ffc,0x0a24,
    0x07ec,0x0452,0x03c2,0x0c38,0x0000,0x0000,0x0208,0x0fe8,0x0a28,0x0fea,0x0a2a,0x0faa,
    0x022a,0x0b5a,0x0688,0x0a68,0x0308,0x0000,0x0000,0x0124,0x0f42,0x0a98,0x02a4,0x027e,
    0x0524,0x08bc,0x0040,0x0490,0x0814,0x03e2,0x0000,0x0000,0x0ffe,0x0208,0x03f8,0x0208,
    0x0ffe,0x0892,0x0514,0x0be2,0x021c,0x01e0,0x0e1e,0x0000,0x0000,0x0248,0x0ff8,0x0244,
    0x0fe6,0x0934,0x0fec,0x0924,0x0d64,0x0090,0x0414,0x09e2,0x0000,0x0000,0x00aa,0x0faa,
    0x0488,0x047e,0x052a,0x033e,0x0cea,0x0040,0x0490,0x0814,0x03e2,0x0000,0x0000,0x0228,
    0x0ff8,0x0888,0x0aaa,0x088a,0x0ffa,0x042a,0x07ea,0x0428,0x0428,0x07e8,0x0000,0x0000,
    0x0948,0x0548,0x0fe8,0x054a,0x092a,0x04ea,0x0faa,0x04ba,0x0fc8,0x0448,0x0438,0x0000,
    0x0000,0x0fe4,0x0128,0x07e0,0x0120,0x0fe4,0x0812,0x0948,0x0640,0x0010,0x0414,0x09e2,
    0x0000,0x0000,0x0488,0x0fc8,0x0248,0x0fea,0x024a,0x0fca,0x024a,0x0fca,0x0008,0x0aa8,
    0x0a98,0x0000,0x0000,0x0040,0x0ffe,0x0040,0x07fc,0x0110,0x0ffe,0x0208,0x03f8,0x0090,
    0x0414,0x09e2,0x0000,0x0000,0x0ee8,0x0aa8,0x0aa8,0x0fea,0x092a,0x0fea,0x092a,0x0fea,
    0x0108,0x0ff8,0x0108,0x0000,0x0000,0x0108,0x0fe8,0x0108,0x054a,0x0ffa,0x044a,0x0fea,
    0x082a,0x0fe8,0x0448,0x0838,0x0000,0x0000,0x0108,0x0ff8,0x0448,0x044a,0x0ffa,0x092a,
    0x0fea,0x092a,0x0fe8,0x0108,0x0fe8,0x0000,0x0000,0x017e,0x0f10,0x04fe,0x0544,0x057c,
    0x0344,0x0cfc,0x0046,0x0490,0x0814,0x03e2,0x0000,0x0000,0x013e,0x0f88,0x08fe,0x0f88,
    0x08be,0x08a2,0x0fbe,0x0040,0x0490,0x0814,0x03e2,0x0000,0x0000,0x0ee8,0x0aa8,0x0ee8,
    0x0aaa,0x0eea,0x092a,0x0fea,0x0aaa,0x0928,0x0aa8,0x0c68,0x0000,0x0000,0x0fc8,0x0848,
    0x0fc8,0x085a,0x0fca,0x020a,0x0fea,0x088a,0x0f88,0x0248,0x0b28,0x0000,0x0000,0x0040,
    0x0ffe,0x0842,0x03f8,0x0040,0x0ffe,0x04a4,0x07fc,0x0090,0x0414,0x0be2,0x0000,0x0000,
    0x0108,0x0fe8,0x0448,0x0ffa,0x082a,0x0fea,0x082a,0x0fea,0x0148,0x0458,0x0bc8,0x0000,
    0x0000,0x07c8,0x0228,0x0ff8,0x052a,0x0cea,0x022a,0x0fea,0x002a,0x0fd8,0x0848,0x0fc8,
    0x0000,0x0000,0x0a08,0x0fe8,0x0228,0x0aea,0x042a,0x0aea,0x08aa,0x00d8,0x0500,0x0828,
    0x03c4,0x0000,0x0000,0x0248,0x0ff8,0x0108,0x0ffa,0x052a,0x07ea,0x052a,0x052a,0x0ff8,
    0x0108,0x0ff8,0x0000,0x0000,0x0fbe,0x0894,0x0ffe,0x0894,0x0faa,0x04a4,0x0b9a,0x0040,
    0x0490,0x0814,0x03e2,0x0000,0x0000,0x0fe8,0x0a98,0x0a48,0x0dfa,0x04aa,0x0ffa,0x04aa,
    0x04aa,0x0ff8,0x0488,0x04c8,0x0000,0x0000,0x0080,0x0ffc,0x04a4,0x0fd4,0x025c,0x0fd4,
    0x0254,0x0fd2,0x0122,0x0428,0x09c4,0x0000,0x0000,0x0088,0x0fe8,0x0d68,0x0baa,0x0d6a,
    0x0baa,0x0d6a,0x010a,0x0ff8,0x0488,0x0868,0x0000,0x0000,0x03e8,0x0288,0x0ffe,0x02c8,
    0x06ac,0x0a9a,0x0288,0x0040,0x0490,0x0814,0x03e2,0x0000,0x0000,0x0728,0x04f8,0x0228,
    0x0ffa,0x08aa,0x0afa,0x0aaa,0x0aea,0x0ab8,0x0528,0x08e8,0x0000,0x0000,0x0854,0x0fb6,
    0x0814,0x097e,0x0a24,0x087e,0x0c08,0x007e,0x0490,0x0814,0x03e2,0x0000,0x0000,0x0244,
    0x0ff8,0x0242,0x0ff4,0x0950,0x0bb0,0x0d14,0x0042,0x0490,0x0814,0x03e2,0x0000,0x0000,
    0x0fe8,0x0108,0x0fe8,0x092a,0x0daa,0x010a,0x0fea,0x008a,0x0fe8,0x0aa8,0x0aa8,0x0000,
    0x0000,0x0254,0x0ff2,0x0940,0x0af4,0x0a46,0x04f4,0x0b04,0x0040,0x0490,0x0814,0x03e2,
    0x0000,0x0000,0x0248,0x0ff8,0x0248,0x0fea,0x0aaa,0x0ffa,0x044a,0x07ca,0x0448,0x0448,
    0x07c8,0x0000,0x0000,0x0fa8,0x0af8,0x0d28,0x00fa,0x0faa,0x08fa,0x0faa,0x08ea,0x0fb8,
    0x0528,0x08e8,0x0000,0x0000,0x0108,0x0ff8,0x0aa8,0x0aaa,0x0fea,0x010a,0x0d6a,0x028a,
    0x0a78,0x0448,0x09e8,0x0000,0x0000,0x0fbc,0x0524,0x02bc,0x0924,0x0fa4,0x057e,0x0914,
    0x0052,0x0490,0x0814,0x03e2,0x0000,0x0000,0x0aa8,0x0b58,0x0228,0x0ffa,0x02aa,0x0bba,
    0x0aaa,0x05ba,0x04a8,0x0aa8,0x09f8,0x0000,0x0000,0x0ee8,0x0aa8,0x0ee8,0x0aaa,0x0eea,
    0x014a,0x0fea,0x013a,0x0fe8,0x0128,0x0fe8,0x0000,0x0000,0x0fe8,0x0448,0x07c8,0x044a,
    0x0ffa,0x0aaa,0x0eea,0x0aaa,0x0ee8,0x0bb8,0x0888,0x0000,0x0000,0x0108,0x0f7e,0x0a88,
    0x023e,0x0562,0x0888,0x013e,0x0aa2,0x08be,0x00d4,0x07be,0x0000,0x0000,0x04e4,0x0a0a,
    0x04e4,0x0f1e,0x04e4,0x0eae,0x04e4,0x0040,0x0490,0x0814,0x03e2,0x0000,0x0000,0x0220,
    0x0420,0x0020,0x0ffe,0x0040,0x0440,0x0240,0x0180,0x08c0,0x0930,0x0e0e,0x0000,0x0000,
    0x0900,0x0ffc,0x0104,0x0104,0x0104,0x0904,0x0504,0x0204,0x0304,0x04c2,0x0832,0x0000,
    0x0000,0x0880,0x0ffc,0x0084,0x0484,0x0484,0x02bc,0x0104,0x0904,0x0a84,0x0c62,0x081a,
    0x0000,0x0000,0x0880,0x0ffc,0x0084,0x0484,0x0484,0x0294,0x0124,0x0904,0x0a84,0x0c62,
    0x081a,0x0000,0x0000,0x0880,0x0ffe,0x0080,0x0888,0x0888,0x053e,0x0508,0x0208,0x0304,
    0x0484,0x0864,0x0000,0x0000,0x0480,0x089e,0x0090,0x0ff0,0x0112,0x0514,0x0508,0x0208,
    0x0314,0x0484,0x0862,0x0000,0x0000,0x0480,0x0ffc,0x0084,0x0484,0x04bc,0x02a4,0x02a4,
    0x0124,0x0934,0x0a82,0x0c62,0x0000,0x0000,0x0530,0x090e,0x0108,0x0ffe,0x0108,0x0508,
    0x0538,0x020e,0x0208,0x0508,0x08cc,0x0000,0x0000,0x0900,0x0ffe,0x0100,0x0928,0x0928,
    0x057e,0x0528,0x0228,0x0304,0x04c4,0x0830,0x0000,0x0000,0x0f48,0x00fe,0x0310,0x08e0,
    0x0f1e,0x0040,0x0f88,0x00fe,0x0310,0x08e0,0x0f1e,0x0000,0x0000,0x0912,0x0912,0x0112,
    0x0fde,0x0110,0x0510,0x051e,0x0214,0x0214,0x0592,0x0872,0x0000,0x0000,0x0900,0x0ffe,
    0x0100,0x013c,0x0524,0x0524,0x053c,0x0200,0x0230,0x058e,0x0860,0x0000,0x0000,0x0508,
    0x0908,0x0138,0x0fc8,0x0108,0x0508,0x053e,0x0222,0x0222,0x0522,0x08fe,0x0000,0x0000,
    0x0900,0x0ffc,0x0224,0x02e4,0x0a24,0x0bfc,0x0a24,0x04b4,0x04aa,0x0a22,0x09b0,0x0000,
    0x0000,0x0ffe,0x0040,0x03f8,0x0208,0x03f8,0x0208,0x0210,0x0ffe,0x0210,0x09e0,0x0e1e,
    0x0000,0x0000,0x0508,0x093e,0x0108,0x0ffe,0x0122,0x053e,0x0522,0x023e,0x0208,0x059e,
    0x0868,0x0000,0x0000,0x0a24,0x0afe,0x0224,0x0fbc,0x0224,0x0a24,0x0afe,0x042a,0x0666,
    0x0982,0x087c,0x0000,0x0000,0x0a7c,0x0a44,0x027c,0x0f80,0x027e,0x0a44,0x0a7c,0x0444,
    0x067c,0x09c6,0x0840,0x0000,0x0000,0x0a10,0x0afe,0x0210,0x0ffe,0x0248,0x0afc,0x0a26,
    0x04fc,0x0424,0x0a24,0x09fc,0x0000,0x0000,0x0afe,0x0aaa,0x02cc,0x0faa,0x0288,0x0a38,
    0x0a46,0x04b0,0x040c,0x0a30,0x098e,0x0000,0x0000,0x0aee,0x0aaa,0x02aa,0x0ffe,0x0292,
    0x0afe,0x0a92,0x04fe,0x0410,0x0a7e,0x0990,0x0000,0x0000,0x0af0,0x0a10,0x02fc,0x0f94,
    0x02fc,0x0a14,0x0bfc,0x048a,0x04fa,0x0a50,0x09fc,0x0000,0x0000,0x0afe,0x0aaa,0x02cc,
    0x0faa,0x0248,0x0afc,0x0a26,0x04fc,0x0424,0x0a24,0x09fc,0x0000,0x0000,0x0510,0x097c,
    0x0110,0x0ffe,0x0294,0x0afc,0x0a94,0x04fe,0x0448,0x0afe,0x0944,0x0000,0x0000,0x0f00,
    0x00f8,0x0008,0x0ff8,0x0808,0x0808,0x0ff8,0x0008,0x0004,0x0004,0x0002,0x0000,0x0000,
    0x0020,0x0040,0x07fc,0x0404,0x0404,0x07fc,0x0004,0x0004,0x0004,0x0002,0x0002,0x0000,
    0x0000,0x0ffc,0x0004,0x07fc,0x0404,0x07fc,0x0884,0x0ffc,0x0084,0x0142,0x0222,0x0c18,
    0x0000,0x0000,0x0ffc,0x0004,0x07fc,0x0404,0x07fc,0x0044,0x0ffc,0x0014,0x07f2,0x040a,
    0x0308,0x0000,0x0000,0x0c30,0x038c,0x0084,0x00bc,0x0fa4,0x04a4,0x04bc,0x0484,0x0444,
    0x0442,0x0402,0x0000,0x0000,0x0ffc,0x0004,0x07fc,0x0404,0x07fc,0x0004,0x0ffc,0x094c,
    0x0ffa,0x094a,0x0d48,0x0000,0x0000,0x0ffc,0x0004,0x07fc,0x0404,0x07fc,0x0004,0x0f7c,
    0x0a54,0x0c62,0x0a52,0x0d68,0x0000,0x0000,0x0ffc,0x0004,0x0ffc,0x0804,0x0ffc,0x0224,
    0x0ffc,0x088a,0x0ffa,0x000a,0x0ff8,0x0000,0x0000,0x0ffc,0x0004,0x0ffc,0x0804,0x0ffc,
    0x0144,0x0774,0x0144,0x0f7a,0x0122,0x0118,0x0000,0x0000,0x0780,0x007c,0x0040,0x0040,
    0x07fc,0x0040,0x0040,0x0ffe,0x0040,0x0040,0x0070,0x0000,0x0000,0x0100,0x0100,0x0ffe,
    0x0100,0x0180,0x0140,0x0120,0x0118,0x0106,0x0100,0x01c0,0x0000,0x0000,0x0088,0x0088,
    0x00be,0x0088,0x0088,0x0088,0x0098,0x088e,0x0888,0x0888,0x0f0c,0x0000,0x0000,0x0088,
    0x0088,0x009e,0x0088,0x0388,0x0c88,0x0098,0x008e,0x0088,0x0088,0x008c,0x0000,0x0000,
    0x0788,0x0408,0x041e,0x0488,0x0488,0x0488,0x0498,0x084e,0x0848,0x0828,0x082c,0x0000,
    0x0000,0x0fc8,0x0208,0x021e,0x0208,0x0208,0x0208,0x0218,0x020e,0x0208,0x0208,0x038c,
    0x0000,0x0000,0x03f4,0x0244,0x024e,0x0244,0x0e44,0x0844,0x084c,0x0826,0x0824,0x0414,
    0x0316,0x0000,0x0000,0x0e04,0x01e4,0x008e,0x0084,0x0084,0x0fe4,0x008c,0x0086,0x0084,
    0x0884,0x0f86,0x0000,0x0000,0x0fc8,0x0208,0x021e,0x0208,0x0208,0x0208,0x0218,0x020e,
    0x0208,0x0208,0x0fcc,0x0000,0x0000,0x0fe4,0x0104,0x010e,0x0104,0x0104,0x0fe4,0x010c,
    0x0106,0x0104,0x0104,0x0106,0x0000,0x0000,0x0fc8,0x0848,0x087e,0x0848,0x0848,0x0848,
    0x0858,0x084e,0x0848,0x0848,0x0fcc,0x0000,0x0000,0x0c08,0x03c8,0x021e,0x0208,0x0208,
    0x0fc8,0x0218,0x020e,0x0208,0x0208,0x020c,0x0000,0x0000,0x0088,0x0088,0x07de,0x0488,
    0x0488,0x04c8,0x0598,0x048e,0x0448,0x0848,0x082c,0x0000,0x0000,0x0108,0x0fc8,0x005e,
    0x0048,0x0048,0x0048,0x0058,0x004e,0x0048,0x0028,0x002c,0x0000,0x0000,0x0fc8,0x0808,
    0x081e,0x0808,0x0808,0x0fc8,0x0818,0x080e,0x0808,0x0808,0x0fcc,0x0000,0x0000,0x07e4,
    0x0204,0x010e,0x0084,0x0fe4,0x0a84,0x0a4c,0x0926,0x0904,0x0884,0x0646,0x0000,0x0000,
    0x07e4,0x0484,0x048e,0x0484,0x0484,0x0fe4,0x044c,0x0446,0x0444,0x0444,0x0ff6,0x0000,
    0x0000,0x07c4,0x0404,0x042e,0x0824,0x0814,0x0ff4,0x0444,0x044e,0x0444,0x0424,0x0326,
    0x0000,0x0000,0x0104,0x0104,0x010e,0x0124,0x0f24,0x0124,0x012c,0x0126,0x0124,0x0124,
    0x0ff6,0x0000,0x0000,0x0288,0x0488,0x009e,0x0fe8,0x0288,0x0288,0x0298,0x028e,0x0a48,
    0x0a48,0x0e2c,0x0000,0x0000,0x0fe4,0x0024,0x002e,0x07e4,0x0424,0x04a4,0x052c,0x0226,
    0x0214,0x0584,0x0866,0x0000,0x0000,0x0104,0x0104,0x0fee,0x0104,0x0104,0x0fe4,0x010c,
    0x0106,0x0284,0x0444,0x0836,0x0000,0x0000,0x0124,0x0124,0x092e,0x05e4,0x0324,0x0124,
    0x012c,0x0126,0x0924,0x09e4,0x0f36,0x0000,0x0000,0x0fe4,0x0024,0x002e,0x07a4,0x04a4,
    0x04a4,0x04ac,0x06a6,0x0094,0x0894,0x0f86,0x0000,0x0000,0x0508,0x0908,0x011e,0x0fe8,
    0x0108,0x0508,0x0518,0x020e,0x0208,0x0588,0x086c,0x0000,0x0000,0x03f8,0x0080,0x0040,
    0x0bee,0x0648,0x02e8,0x0444,0x05f4,0x0842,0x0842,0x0070,0x0000,0x0000,0x0104,0x0ff4,
    0x010e,0x0104,0x07e4,0x0404,0x044c,0x0446,0x0284,0x0384,0x0c76,0x0000,0x0000,0x0104,
    0x0104,0x0fee,0x0104,0x0104,0x0304,0x050c,0x0906,0x0104,0x0104,0x0106,0x0000,0x0000,
    0x0104,0x0104,0x054e,0x0924,0x0104,0x0104,0x018c,0x0806,0x0404,0x0304,0x00e6,0x0000,
    0x0000,0x0104,0x0fc4,0x091e,0x0904,0x0904,0x0fe4,0x010c,0x0106,0x0284,0x0444,0x0836,
    0x0000,0x0000,0x0fe4,0x0924,0x092e,0x0924,0x0924,0x0fe4,0x002c,0x0026,0x0824,0x0824,
    0x0fc6,0x0000,0x0000,0x0184,0x0e64,0x092e,0x0924,0x0924,0x0924,0x092c,0x09a6,0x0974,
    0x0d04,0x0106,0x0000,0x0000,0x07e8,0x0408,0x029e,0x0108,0x0fe8,0x0908,0x0918,0x050e,
    0x0108,0x0108,0x018c,0x0000,0x0000,0x0fe4,0x02a4,0x02be,0x02a4,0x02a4,0x04a4,0x04ac,
    0x04a6,0x08a4,0x0894,0x0816,0x0000,0x0000,0x0fe4,0x0204,0x021e,0x0104,0x0104,0x0584,
    0x054c,0x0926,0x0904,0x0104,0x0106,0x0000,0x0000,0x03c4,0x0244,0x024e,0x0a44,0x0e24,
    0x0004,0x07ec,0x0446,0x0244,0x0384,0x0c76,0x0000,0x0000,0x0408,0x0488,0x051e,0x0408,
    0x0448,0x0488,0x0c18,0x070e,0x04e8,0x0408,0x040c,0x0000,0x0000,0x0104,0x0fe4,0x000e,
    0x0004,0x07c4,0x0444,0x044c,0x0446,0x0444,0x0424,0x0c26,0x0000,0x0000,0x0608,0x01c8,
    0x005e,0x0048,0x0fc8,0x0448,0x0458,0x044e,0x0428,0x0428,0x040c,0x0000,0x0000,0x0fc8,
    0x0108,0x011e,0x0108,0x0fe8,0x0108,0x0118,0x028e,0x0a88,0x0a48,0x0e2c,0x0000,0x0000,
    0x0224,0x0224,0x0ffe,0x0aa4,0x0aa4,0x09a4,0x08ac,0x06a6,0x00a4,0x0894,0x0f96,0x0000,
    0x0000,0x0fe4,0x0024,0x042e,0x04a4,0x0324,0x0224,0x052c,0x08a6,0x0864,0x0024,0x0fe6,
    0x0000,0x0000,0x0388,0x0448,0x083e,0x0008,0x0048,0x0648,0x01d8,0x004e,0x0848,0x0848,
    0x0f8c,0x0000,0x0000,0x0388,0x0448,0x083e,0x0008,0x07c8,0x0448,0x0458,0x064e,0x0048,
    0x0848,0x0f8c,0x0000,0x0000,0x0108,0x0208,0x0fde,0x0848,0x0848,0x0fc8,0x0058,0x004e,
    0x0048,0x0028,0x002c,0x0000,0x0000,0x0fc8,0x0848,0x045e,0x0048,0x07c8,0x0448,0x0558,
    0x054e,0x0208,0x0508,0x08cc,0x0000,0x0000,0x0fe4,0x0104,0x092e,0x0544,0x0104,0x0104,
    0x0fec,0x0106,0x0104,0x0104,0x0106,0x0000,0x0000,0x0104,0x0fe4,0x092e,0x0124,0x07e4,
    0x0424,0x04ac,0x0516,0x0214,0x0584,0x0866,0x0000,0x0000,0x0108,0x0888,0x085e,0x0fc8,
    0x0008,0x0008,0x0fd8,0x084e,0x0848,0x0848,0x0fcc,0x0000,0x0000,0x0048,0x0fc8,0x083e,
    0x0be8,0x0a48,0x0a48,0x0bd8,0x044e,0x0048,0x0848,0x0fcc,0x0000,0x0000,0x0e04,0x01e4,
    0x012e,0x0124,0x0fe4,0x0224,0x022c,0x0426,0x04e4,0x0804,0x09e6,0x0000,0x0000,0x0104,
    0x0ff4,0x010e,0x0104,0x0fe4,0x0104,0x010c,0x0386,0x0544,0x0934,0x0106,0x0000,0x0000,
    0x0104,0x0fe4,0x093e,0x0924,0x0fe4,0x0924,0x092c,0x0fe6,0x0104,0x0104,0x0106,0x0000,
    0x0000,0x0fe4,0x0924,0x092e,0x0fe4,0x0924,0x0924,0x0fec,0x0106,0x0104,0x0104,0x0106,
    0x0000,0x0000,0x0104,0x0104,0x0fee,0x0924,0x0924,0x0924,0x0fec,0x0926,0x0924,0x0924,
    0x0fe6,0x0000,0x0000,0x0fe4,0x0824,0x082e,0x0fe4,0x0224,0x0224,0x0fec,0x0426,0x0424,
    0x0824,0x09e6,0x0000,0x0000,0x0284,0x0ff4,0x0a8e,0x0fe4,0x02a4,0x02a4,0x0fec,0x0a86,
    0x0a84,0x0644,0x0236,0x0000,0x0000,0x0048,0x0fc8,0x015e,0x0128,0x0f28,0x0108,0x0118,
    0x0f0e,0x0108,0x0108,0x010c,0x0000,0x0000,0x0084,0x0104,0x0fee,0x0104,0x0104,0x0104,
    0x0fec,0x0106,0x0104,0x0104,0x0fe6,0x0000,0x0000,0x0fc4,0x0844,0x085e,0x0fc4,0x0844,
    0x0844,0x084c,0x0fc6,0x0004,0x0004,0x0fe6,0x0000,0x0000,0x0608,0x01c8,0x005e,0x0048,
    0x0fc8,0x0248,0x0358,0x064e,0x0a28,0x0228,0x020c,0x0000,0x0000,0x07e4,0x0424,0x04ae,
    0x0524,0x0ff4,0x0424,0x04a4,0x0516,0x0ff4,0x0404,0x0306,0x0000,0x0000,0x0108,0x0108,
    0x0f3e,0x0108,0x0108,0x0108,0x0fd8,0x084e,0x0848,0x0848,0x0fcc,0x0000,0x0000,0x0104,
    0x0104,0x0ffe,0x0004,0x0444,0x0444,0x044c,0x0246,0x0244,0x0204,0x0ff6,0x0000,0x0000,
    0x0444,0x0444,0x0fae,0x0434,0x0424,0x04a4,0x052c,0x0426,0x0424,0x0424,0x0626,0x0000,
    0x0000,0x0224,0x0224,0x0ffe,0x0a24,0x0aa4,0x09a4,0x08ac,0x06a6,0x00a4,0x0894,0x0f96,
    0x0000,0x0000,0x0104,0x0924,0x054e,0x0104,0x0fe4,0x0104,0x010c,0x0fe6,0x0104,0x0104,
    0x0106,0x0000,0x0000,0x0104,0x0084,0x0fee,0x0824,0x0824,0x0824,0x0fec,0x0826,0x0824,
    0x0824,0x0fe6,0x0000,0x0000,0x0384,0x0444,0x082e,0x07e4,0x0004,0x0004,0x0fec,0x0886,
    0x0884,0x0684,0x0086,0x0000,0x0000,0x0f88,0x087e,0x0924,0x0524,0x0618,0x09f6,0x0040,
    0x03f8,0x0040,0x0ffe,0x0040,0x0000,0x0000,0x07c4,0x0444,0x045e,0x07c4,0x0004,0x0004,
    0x0fec,0x0886,0x0884,0x0844,0x0636,0x0000,0x0000,0x0fe4,0x0024,0x002e,0x07e4,0x0424,
    0x0424,0x07ec,0x0026,0x0024,0x0024,0x0fe6,0x0000,0x0000,0x0fe4,0x0104,0x011e,0x0104,
    0x0084,0x0fc4,0x0874,0x084e,0x0844,0x0844,0x0fc6,0x0000,0x0000,0x0488,0x0888,0x0ffe,
    0x0088,0x0888,0x0948,0x0558,0x022e,0x0228,0x0588,0x086c,0x0000,0x0000,0x0048,0x0fc8,
    0x013e,0x0d28,0x0b48,0x09c8,0x0978,0x0d4e,0x0148,0x0848,0x0f8c,0x0000,0x0000,0x0224,
    0x0224,0x0f9e,0x0a94,0x0aa4,0x0a44,0x094c,0x0926,0x08a4,0x0894,0x06f6,0x0000,0x0000,
    0x0044,0x0fc4,0x082e,0x0824,0x09c4,0x0944,0x094c,0x09c6,0x0804,0x0404,0x0306,0x0000,
    0x0000,0x0104,0x0924,0x092e,0x0924,0x0fe4,0x0104,0x010c,0x0926,0x0924,0x0924,0x0fe6,
    0x0000,0x0000,0x0088,0x0848,0x0fde,0x0008,0x0488,0x0488,0x0fd8,0x048e,0x0488,0x0448,
    0x044c,0x0000,0x0000,0x0fc8,0x0908,0x091e,0x0888,0x0648,0x0008,0x0fd8,0x084e,0x0848,
    0x0848,0x0fcc,0x0000,0x0000,0x0fb0,0x020e,0x0208,0x0fbe,0x0208,0x0208,0x0fbe,0x0208,
    0x0208,0x0fc4,0x0204,0x0000,0x0000,0x0424,0x0424,0x04ae,0x0524,0x0424,0x0424,0x022c,
    0x0266,0x051c,0x0884,0x0866,0x0000,0x0000,0x0484,0x0884,0x0fee,0x0284,0x0a84,0x0a84,
    0x064c,0x0246,0x0b24,0x0aa4,0x0e16,0x0000,0x0000,0x0084,0x0fe4,0x004e,0x01f4,0x0124,
    0x0fe4,0x010c,0x0146,0x0524,0x0914,0x0186,0x0000,0x0000,0x0fe4,0x0924,0x092e,0x0fe4,
    0x0924,0x0924,0x0fec,0x0926,0x0924,0x0914,0x0d16,0x0000,0x0000,0x0488,0x0288,0x0fde,
    0x0008,0x0008,0x0008,0x0fd8,0x000e,0x0008,0x0008,0x0fec,0x0000,0x0000,0x0108,0x0fe8,
    0x083e,0x0008,0x0fe8,0x0208,0x0218,0x020e,0x0208,0x0208,0x038c,0x0000,0x0000,0x04a8,
    0x08a8,0x0ffe,0x0088,0x0f88,0x0948,0x0958,0x052e,0x0228,0x0588,0x086c,0x0000,0x0000,
    0x0fc8,0x0808,0x049e,0x0308,0x0ce8,0x0208,0x0fd8,0x020e,0x0208,0x0fe8,0x020c,0x0000,
    0x0000,0x0c08,0x03c8,0x021e,0x0208,0x0fc8,0x0208,0x0218,0x0fce,0x0848,0x0848,0x0fcc,
    0x0000,0x0000,0x0904,0x0904,0x0ffe,0x0204,0x0204,0x03f4,0x044c,0x0446,0x0444,0x09f4,
    0x0806,0x0000,0x0000,0x0208,0x0fe8,0x021e,0x0208,0x0fc8,0x0008,0x0018,0x0fce,0x0848,
    0x0848,0x0fcc,0x0000,0x0000,0x07e4,0x0204,0x010e,0x0974,0x0544,0x0344,0x052c,0x0926,
    0x0184,0x0004,0x0ff6,0x0000,0x0000,0x0244,0x0244,0x0ffe,0x0244,0x0244,0x024c,0x0ff6,
    0x0004,0x0244,0x0424,0x0816,0x0000,0x0000,0x0248,0x0148,0x07fc,0x0110,0x0ffe,0x0248,
    0x05f6,0x0840,0x0ffe,0x0040,0x0070,0x0000,0x0000,0x01e4,0x0284,0x044e,0x0824,0x0fe4,
    0x0104,0x010c,0x0fe6,0x0104,0x0104,0x0fe6,0x0000,0x0000,0x0924,0x0494,0x024e,0x0494,
    0x0924,0x0084,0x0f8c,0x0866,0x0484,0x0304,0x00e6,0x0000,0x0000,0x0108,0x0fe8,0x091e,
    0x0508,0x0fe8,0x0088,0x0fd8,0x006e,0x0fd8,0x0808,0x060c,0x0000,0x0000,0x0444,0x0244,
    0x0fee,0x0444,0x0444,0x0444,0x0fec,0x0446,0x0444,0x0424,0x0426,0x0000,0x0000,0x0104,
    0x0fe4,0x092e,0x0fe4,0x0924,0x0fe4,0x090c,0x0506,0x0304,0x0ac4,0x0c36,0x0000,0x0000,
    0x0788,0x0848,0x001e,0x0788,0x0008,0x0008,0x0fd8,0x084e,0x0848,0x0848,0x0fcc,0x0000,
    0x0000,0x01f0,0x0208,0x07fc,0x0912,0x0110,0x07fc,0x0040,0x03f8,0x0040,0x0ffe,0x0040,
    0x0000,0x0000,0x0104,0x0fe4,0x010e,0x0104,0x0fe4,0x0404,0x0fec,0x0406,0x0444,0x0484,
    0x0606,0x0000,0x0000,0x0104,0x0fc4,0x010e,0x0104,0x0fe4,0x0104,0x010c,0x0fc6,0x0104,
    0x0104,0x0fe6,0x0000,0x0000,0x0c48,0x03c8,0x005e,0x0848,0x0fc8,0x0008,0x0fd8,0x084e,
    0x0fc8,0x0848,0x0fcc,0x0000,0x0000,0x0fbe,0x0908,0x093e,0x0888,0x089e,0x07e8,0x0040,
    0x03f8,0x0040,0x0ffe,0x0040,0x0000,0x0000,0x0084,0x0ff4,0x081e,0x0894,0x0084,0x0ff4,
    0x044c,0x0446,0x0264,0x0384,0x0c76,0x0000,0x0000,0x0104,0x0fe4,0x048e,0x0844,0x0fa4,
    0x0004,0x0fec,0x0086,0x0fc4,0x0844,0x0606,0x0000,0x0000,0x0144,0x0954,0x056e,0x0144,
    0x0144,0x0364,0x0554,0x094e,0x0144,0x0924,0x0e1e,0x0000,0x0000,0x0104,0x0fe4,0x0aae,
    0x0244,0x0c24,0x03c4,0x010c,0x0086,0x0844,0x0824,0x0fc6,0x0000,0x0000,0x0108,0x07de,
    0x0508,0x05d8,0x070e,0x0cf8,0x0040,0x03f8,0x0040,0x0ffe,0x0040,0x0000,0x0000,0x0040,
    0x0ffe,0x0120,0x0524,0x0912,0x07fc,0x0040,0x03f8,0x0040,0x0ffe,0x0040,0x0000,0x0000,
    0x0404,0x0424,0x0f4e,0x0404,0x0434,0x04a4,0x052c,0x0426,0x0624,0x0054,0x0f96,0x0000,
    0x0000,0x0214,0x0224,0x0f8e,0x0204,0x0234,0x0224,0x052c,0x0526,0x08a4,0x0054,0x0f96,
    0x0000,0x0000,0x0104,0x0fe4,0x010e,0x0924,0x0544,0x0104,0x0fec,0x0106,0x0284,0x0444,
    0x0836,0x0000,0x0000,0x0044,0x0e44,0x01ee,0x0484,0x0304,0x0ce4,0x000c,0x0fe6,0x0284,
    0x0a44,0x0e36,0x0000,0x0000,0x0108,0x0948,0x055e,0x0108,0x0fc8,0x0808,0x0818,0x0fce,
    0x0808,0x0808,0x0fcc,0x0000,0x0000,0x0788,0x0448,0x023e,0x0fc8,0x0908,0x0fe8,0x0918,
    0x0fce,0x0108,0x0108,0x01cc,0x0000,0x0000,0x0108,0x0fe8,0x041e,0x0248,0x0188,0x0e68,
    0x0018,0x044e,0x0448,0x0428,0x042c,0x0000,0x0000,0x0ff4,0x0814,0x008e,0x0fe4,0x0044,
    0x0124,0x0fec,0x0106,0x0104,0x0ff4,0x0106,0x0000,0x0000,0x0484,0x0444,0x0ffe,0x0024,
    0x0fe4,0x0124,0x011c,0x0ff6,0x0284,0x0444,0x0836,0x0000,0x0000,0x0ef4,0x0aa4,0x0afe,
    0x0aa4,0x06a4,0x0af4,0x0aac,0x0aa6,0x0a94,0x0694,0x0266,0x0000,0x0000,0x0104,0x0524,
    0x052e,0x0524,0x0b54,0x0994,0x0104,0x0fee,0x0104,0x0104,0x0ff6,0x0000,0x0000,0x0fe4,
    0x0024,0x07ae,0x0024,0x0024,0x0fe4,0x02ac,0x0aa6,0x0a94,0x0494,0x09c6,0x0000,0x0000,
    0x07c8,0x0448,0x07de,0x0008,0x0fe8,0x0928,0x0938,0x0fee,0x0028,0x0828,0x0fcc,0x0000,
    0x0000,0x0c74,0x03c4,0x022e,0x0214,0x0ff4,0x0244,0x0254,0x022e,0x0fa4,0x0054,0x0f96,
    0x0000,0x0000,0x03c4,0x0224,0x011e,0x0fe4,0x0924,0x0924,0x0fec,0x0286,0x0284,0x0a44,
    0x0e36,0x0000,0x0000,0x0104,0x0fe4,0x010e,0x0544,0x0544,0x0ba4,0x092c,0x0106,0x0284,
    0x0444,0x0836,0x0000,0x0000,0x0fe8,0x0108,0x0fde,0x0888,0x0888,0x0fc8,0x0018,0x0fce,
    0x0848,0x0848,0x0fcc,0x0000,0x0000,0x07e8,0x0408,0x029e,0x0fe8,0x0928,0x0fe8,0x0938,
    0x0fee,0x0928,0x0928,0x0d2c,0x0000,0x0000,0x0fe4,0x0924,0x092e,0x0fe4,0x0924,0x0924,
    0x0bac,0x0d66,0x0924,0x0924,0x0fe6,0x0000,0x0000,0x0fe4,0x0824,0x082e,0x0fe4,0x0104,
    0x0104,0x0f2c,0x0126,0x0124,0x01e4,0x0e1e,0x0000,0x0000,0x0fc4,0x0804,0x048e,0x0524,
    0x0044,0x0404,0x0fec,0x0406,0x0444,0x0484,0x0606,0x0000,0x0000,0x08f4,0x0a94,0x0a9e,
    0x0af4,0x0a24,0x0ae4,0x0aac,0x0a96,0x0894,0x0884,0x0c66,0x0000,0x0000,0x0fc8,0x0848,
    0x0fde,0x0848,0x0fc8,0x0008,0x0fd8,0x020e,0x0fe8,0x0208,0x020c,0x0000,0x0000,0x0104,
    0x0924,0x054e,0x0104,0x0fe4,0x0824,0x0fec,0x0826,0x0fe4,0x0824,0x0c26,0x0000,0x0000,
    0x0fc8,0x0848,0x0fde,0x0848,0x0848,0x0fc8,0x0218,0x0fce,0x0208,0x0208,0x0fec,0x0000,
    0x0000,0x0fc8,0x0848,0x0fde,0x0008,0x0fc8,0x0848,0x0fd8,0x084e,0x0fc8,0x0848,0x0c4c,
    0x0000,0x0000,0x0904,0x0fe4,0x010e,0x0fe4,0x0924,0x0fe4,0x092c,0x0fe6,0x0924,0x0924,
    0x0d26,0x0000,0x0000,0x0244,0x0ff4,0x024e,0x0004,0x0ff4,0x0894,0x0084,0x0fee,0x0884,
    0x0844,0x0636,0x0000,0x0000,0x0fc8,0x0848,0x0fde,0x0008,0x0fc8,0x0848,0x0a58,0x0a4e,
    0x0a48,0x0588,0x086c,0x0000,0x0000,0x0384,0x0444,0x082e,0x07d4,0x0004,0x0884,0x092c,
    0x0946,0x0444,0x0404,0x0ff6,0x0000,0x0000,0x07c4,0x0224,0x011e,0x0fe4,0x0924,0x0924,
    0x092c,0x0ff6,0x0284,0x0444,0x0836,0x0000,0x0000,0x0084,0x07e4,0x043e,0x0464,0x06a4,
    0x0024,0x0fec,0x0846,0x0954,0x0954,0x0df6,0x0000,0x0000,0x0104,0x0fe4,0x008e,0x0fe4,
    0x0244,0x0ff4,0x0524,0x0fd6,0x0104,0x0fe4,0x0106,0x0000,0x0000,0x0384,0x0444,0x082e,
    0x07e4,0x0104,0x0fe4,0x010c,0x0fe6,0x0824,0x0824,0x0fe6,0x0000,0x0000,0x0fe4,0x0024,
    0x0fee,0x0824,0x0fe4,0x0024,0x092c,0x0fd6,0x0114,0x0284,0x0c66,0x0000,0x0000,0x0ee4,
    0x0aa4,0x0eee,0x0aa4,0x0ee4,0x0824,0x082c,0x0826,0x0824,0x0824,0x0c26,0x0000,0x0000,
    0x0fe4,0x0824,0x0fee,0x0224,0x0fe4,0x0224,0x022c,0x0fe6,0x0854,0x0854,0x0fc6,0x0000,
    0x0000,0x0fe4,0x0224,0x0fae,0x0224,0x0224,0x0fe4,0x022c,0x0fa6,0x0214,0x0214,0x0fc6,
    0x0000,0x0000,0x08a4,0x04a4,0x0ffe,0x0244,0x0ff4,0x0444,0x0fe4,0x0436,0x07a4,0x0824,
    0x0fe6,0x0000,0x0000,0x0fe4,0x0104,0x0fee,0x0544,0x0ff4,0x0544,0x054c,0x0fe6,0x0104,
    0x0104,0x0fe6,0x0000,0x0000,0x0104,0x0fe4,0x090e,0x0fe4,0x0904,0x0fc4,0x010c,0x0f26,
    0x0124,0x01e4,0x0e1e,0x0000,0x0000,0x0104,0x0ff4,0x024e,0x0424,0x0bd4,0x0004,0x0ff4,
    0x010e,0x0524,0x0914,0x0186,0x0000,0x0000,0x0384,0x0444,0x0bae,0x0014,0x07c4,0x0404,
    0x020c,0x0086,0x0524,0x0824,0x03c6,0x0000,0x0000,0x0108,0x0fe8,0x045e,0x0448,0x0aa8,
    0x0aa8,0x0118,0x010e,0x0fe8,0x0108,0x010c,0x0000,0x0000,0x0174,0x0f14,0x0a9e,0x0af4,
    0x0a54,0x0254,0x025c,0x0556,0x0554,0x08d4,0x0846,0x0000,0x0000,0x0208,0x0fc8,0x025e,
    0x0248,0x0e48,0x0248,0x0258,0x0fae,0x08a8,0x08a8,0x0f8c,0x0000,0x0000,0x07e4,0x0404,
    0x07ee,0x0404,0x0ff4,0x0914,0x0fec,0x0526,0x0524,0x0724,0x0106,0x0000,0x0000,0x0384,
    0x0444,0x082e,0x0fe4,0x0004,0x0fe4,0x0aac,0x0aa6,0x0fe4,0x0aa4,0x0aa6,0x0000,0x0000,
    0x0ee4,0x0884,0x0aae,0x0444,0x0aa4,0x0004,0x0eec,0x0886,0x0aa4,0x0444,0x0aa6,0x0000,
    0x0000,0x0bf4,0x0884,0x052e,0x0444,0x0ff4,0x0814,0x07ec,0x0446,0x0244,0x0384,0x0c76,
    0x0000,0x0000,0x0084,0x0f84,0x008e,0x0fe4,0x0824,0x0fe4,0x082c,0x0fe6,0x0104,0x0ff4,
    0x0106,0x0000,0x0000,0x0248,0x0ffe,0x0912,0x0110,0x07fc,0x0040,0x03f8,0x0040,0x0ffe,
    0x0040,0x0070,0x0000,0x0000,0x0104,0x0fe4,0x029e,0x0444,0x0824,0x0fe4,0x080c,0x09e6,
    0x0924,0x09e4,0x0c06,0x0000,0x0000,0x0044,0x0fc4,0x082e,0x0be4,0x0884,0x0be4,0x088c,
    0x0aa6,0x0be4,0x0804,0x0606,0x0000,0x0000,0x0fc8,0x0848,0x042e,0x0088,0x0c68,0x0828,
    0x0838,0x0eee,0x0828,0x0828,0x0fec,0x0000,0x0000,0x0284,0x0ef4,0x028e,0x0284,0x0ee4,
    0x0284,0x028c,0x02f6,0x0e84,0x0244,0x0236,0x0000,0x0000,0x0104,0x0ff4,0x012e,0x0724,
    0x0494,0x0694,0x055c,0x0556,0x0214,0x0314,0x0cd6,0x0000,0x0000,0x0fe4,0x0824,0x0fee,
    0x0224,0x0aa4,0x0aa4,0x0fac,0x0226,0x0a54,0x0a54,0x0fc6,0x0000,0x0000,0x0be4,0x0924,
    0x054e,0x0004,0x0fc4,0x0a04,0x0fec,0x0a06,0x0fc4,0x0204,0x0386,0x0000,0x0000,0x0444,
    0x05e4,0x044e,0x0444,0x05f4,0x0c44,0x144c,0x05e6,0x0444,0x0444,0x05f6,0x0000,0x0000,
    0x0104,0x0ff4,0x000e,0x07e4,0x0424,0x0424,0x07ec,0x0106,0x0524,0x0914,0x0186,0x0000,
    0x0000,0x0be4,0x0884,0x052e,0x0444,0x0004,0x0104,0x0fec,0x0186,0x0544,0x0934,0x0106,
    0x0000,0x0000,0x0ff4,0x0a94,0x029e,0x0244,0x0c34,0x0104,0x0fe4,0x018e,0x0544,0x0934,
    0x0106,0x0000,0x0000,0x0912,0x097e,0x0912,0x097e,0x0852,0x0dfa,0x0040,0x03f8,0x0040,
    0x0ffe,0x0040,0x0000,0x0000,0x0104,0x0fe4,0x044e,0x0444,0x0ff4,0x0084,0x0ff4,0x044e,
    0x0464,0x0384,0x0c66,0x0000,0x0000,0x0104,0x0ff4,0x0a9e,0x0294,0x0a84,0x0e64,0x0004,
    0x07ee,0x0104,0x0104,0x0ff6,0x0000,0x0000,0x0488,0x0488,0x0fde,0x0248,0x0fe8,0x0248,
    0x0258,0x0fce,0x0248,0x0248,0x0fcc,0x0000,0x0000,0x0104,0x0ff4,0x044e,0x0924,0x0ff4,
    0x0924,0x0fec,0x0926,0x0fe4,0x0104,0x0f06,0x0000,0x0000,0x0488,0x0fc8,0x049e,0x0488,
    0x0fe8,0x0008,0x0fd8,0x084e,0x0fc8,0x0848,0x0fcc,0x0000,0x0000,0x0024,0x0fe4,0x081e,
    0x0a94,0x09a4,0x0884,0x0ff4,0x098e,0x0aa4,0x0894,0x0606,0x0000,0x0000,0x0fe4,0x0024,
    0x0fee,0x0824,0x0fe4,0x08a4,0x0fac,0x08a6,0x0fa4,0x0894,0x0c96,0x0000,0x0000,0x0eee,
    0x0484,0x04a4,0x0f1e,0x0514,0x04f4,0x0eae,0x04a4,0x04a4,0x0492,0x0652,0x0000,0x0000,
    0x0784,0x0084,0x0fee,0x08a4,0x03e4,0x08a4,0x0fac,0x0126,0x0fd4,0x0894,0x0666,0x0000,
    0x0000,0x0fe4,0x0824,0x0ffe,0x0924,0x0924,0x0ba4,0x0d2c,0x0926,0x0fe4,0x0824,0x0fe6,
    0x0000,0x0000,0x0f24,0x0aa4,0x0bfe,0x0a44,0x0644,0x0bf4,0x0a4c,0x0a46,0x0aa4,0x0724,
    0x0216,0x0000,0x0000,0x0444,0x0244,0x0fee,0x0924,0x0fe4,0x0924,0x0fec,0x0106,0x0ff4,
    0x0104,0x0106,0x0000,0x0000,0x0284,0x0444,0x0fee,0x0104,0x0ff4,0x0284,0x0c4c,0x0336,
    0x08c4,0x0604,0x01e6,0x0000,0x0000,0x0fc4,0x0444,0x07ee,0x0204,0x0ff4,0x0144,0x0b8c,
    0x0666,0x0b84,0x0a74,0x0186,0x0000,0x0000,0x0104,0x0ff4,0x010e,0x0fe4,0x0924,0x0d64,
    0x092c,0x0fe6,0x0184,0x0544,0x0936,0x0000,0x0000,0x0384,0x0444,0x082e,0x0fd4,0x0004,
    0x0ae4,0x0aac,0x05e6,0x05a4,0x0ae4,0x0aa6,0x0000,0x0000,0x02f4,0x0a84,0x05ae,0x0244,
    0x0424,0x0bd4,0x0104,0x0fee,0x0104,0x02c4,0x0c36,0x0000,0x0000,0x07c4,0x0204,0x015e,
    0x0fe4,0x0984,0x0564,0x010c,0x0fe6,0x0184,0x0544,0x0936,0x0000,0x0000,0x0104,0x0fe4,
    0x008e,0x0fe4,0x0244,0x0ff4,0x0524,0x0fd6,0x0104,0x02c4,0x0c36,0x0000,0x0000,0x0244,
    0x0fe4,0x024e,0x0244,0x0fe4,0x0924,0x092c,0x0fe6,0x0924,0x0924,0x0fe6,0x0000,0x0000,
    0x07e4,0x0424,0x07ee,0x0424,0x07e4,0x0004,0x0ff4,0x012e,0x0724,0x01e4,0x0e1e,0x0000,
    0x0000,0x0fe4,0x0104,0x0ffe,0x0104,0x0144,0x0d24,0x092c,0x0d66,0x0924,0x0924,0x0fe6,
    0x0000,0x0000,0x07c8,0x0448,0x07de,0x0008,0x0fe8,0x0448,0x07d8,0x044e,0x0fc8,0x0468,
    0x040c,0x0000,0x0000,0x07e4,0x0424,0x07ee,0x0424,0x0fe4,0x0024,0x0ff4,0x0a4e,0x0924,
    0x0894,0x0646,0x0000,0x0000,0x07c4,0x0224,0x0ffe,0x0aa4,0x0aa4,0x0e64,0x092c,0x0ff6,
    0x0284,0x0444,0x0836,0x0000,0x0000,0x0ff4,0x0454,0x07de,0x0454,0x07d4,0x0094,0x0ffc,
    0x0456,0x0394,0x0454,0x0fe6,0x0000,0x0000,0x0fe4,0x0824,0x0fee,0x0024,0x0fe4,0x04a4,
    0x0fac,0x0226,0x0f94,0x0214,0x0fc6,0x0000,0x0000,0x0924,0x0924,0x0fee,0x0004,0x0fe4,
    0x0104,0x0fec,0x0aa6,0x0aa4,0x0aa4,0x0c26,0x0000,0x0000,0x0224,0x0ee4,0x023e,0x0a24,
    0x0ee4,0x0104,0x0fec,0x0826,0x0fe4,0x0824,0x0fe6,0x0000,0x0000,0x0384,0x0274,0x0a4e,
    0x0a44,0x0bf4,0x0244,0x024c,0x0566,0x0554,0x08c4,0x0846,0x0000,0x0000,0x07e4,0x0424,
    0x07ee,0x0424,0x07e4,0x0044,0x0fec,0x0936,0x0aa4,0x09e4,0x0606,0x0000,0x0000,0x0ff4,
    0x0914,0x0ffe,0x0924,0x0fe4,0x0924,0x092c,0x0fe6,0x0104,0x0ff4,0x0106,0x0000,0x0000,
    0x0ff4,0x0944,0x054e,0x0fe4,0x0104,0x0ff4,0x008c,0x07c6,0x04b4,0x0304,0x0ce6,0x0000,
    0x0000,0x0ff4,0x0aa4,0x0aee,0x0aa4,0x06a4,0x0ae4,0x0aac,0x0aa6,0x0ae4,0x06b4,0x0286,
    0x0000,0x0000,0x0084,0x0ff4,0x02ae,0x0494,0x0fe4,0x0424,0x07ec,0x0426,0x07e4,0x0004,
    0x0ff6,0x0000,0x0000,0x0d44,0x0374,0x014e,0x0944,0x0ff4,0x0424,0x07ec,0x0426,0x07e4,
    0x0424,0x0626,0x0000,0x0000,0x0144,0x0f54,0x02de,0x0454,0x0044,0x07e4,0x042c,0x0526,
    0x0524,0x0ac4,0x0e36,0x0000,0x0000,0x07c4,0x0224,0x07fe,0x0524,0x07e4,0x0a84,0x0e6c,
    0x0186,0x0204,0x00e4,0x0706,0x0000,0x0000,0x0f24,0x0844,0x0b2e,0x0ae4,0x0924,0x0aa4,
    0x0c6c,0x0ba6,0x0aa4,0x0ba4,0x0c26,0x0000,0x0000,0x0924,0x0544,0x0fee,0x0544,0x0924,
    0x0084,0x0fec,0x0446,0x0264,0x0384,0x0c66,0x0000,0x0000,0x04a4,0x02a4,0x0ffe,0x0814,
    0x07e4,0x0424,0x052c,0x0526,0x0524,0x0ac4,0x0e36,0x0000,0x0000,0x0244,0x0ff4,0x024e,
    0x0ff4,0x0244,0x0fe4,0x092c,0x0fe6,0x0924,0x0ff4,0x0826,0x0000,0x0000,0x0fc8,0x0848,
    0x0fde,0x0008,0x0fc8,0x0848,0x0fd8,0x084e,0x0fc8,0x0488,0x086c,0x0000,0x0000,0x0904,
    0x0ff4,0x010e,0x0fe4,0x0924,0x0fe4,0x092c,0x0406,0x0ff4,0x0444,0x0686,0x0000,0x0000,
    0x0108,0x0fe8,0x009e,0x0448,0x0288,0x0908,0x0fec,0x094a,0x0fc8,0x0948,0x0fcc,0x0000,
    0x0000,0x0244,0x0fe4,0x011e,0x0fc4,0x0104,0x0fe4,0x008c,0x0fc6,0x0224,0x0204,0x0fe6,
    0x0000,0x0000,0x0fe4,0x0944,0x04ae,0x0304,0x0ce4,0x0104,0x0fec,0x0926,0x07e4,0x0904,
    0x0fe6,0x0000,0x0000,0x0f84,0x0964,0x064e,0x01e4,0x0044,0x0fc4,0x012c,0x0fe6,0x0104,
    0x0924,0x0fe6,0x0000,0x0000,0x0084,0x07e4,0x043e,0x07e4,0x0424,0x0fe4,0x002c,0x0fe6,
    0x0844,0x0954,0x0df6,0x0000,0x0000,0x0144,0x0d24,0x092e,0x0d64,0x0924,0x0d64,0x010c,
    0x0fe6,0x0444,0x0384,0x0c76,0x0000,0x0000,0x0104,0x0fe4,0x044e,0x07c4,0x0004,0x0fe4,
    0x082c,0x0ba6,0x0aa4,0x0ba4,0x0c26,0x0000,0x0000,0x0114,0x0fa4,0x088e,0x0f94,0x00a4,
    0x0f84,0x08bc,0x08a6,0x0fa4,0x0054,0x0f96,0x0000,0x0000,0x0f74,0x0844,0x084e,0x0f74,
    0x0114,0x0f74,0x084c,0x0956,0x0a64,0x0954,0x0636,0x0000,0x0000,0x0804,0x07e4,0x082e,
    0x0fe4,0x0024,0x0fe4,0x092c,0x0b66,0x0d94,0x0b44,0x0da6,0x0000,0x0000,0x0104,0x0fe4,
    0x0a2e,0x0fe4,0x0a24,0x0fa4,0x022c,0x0fa6,0x08a4,0x0894,0x0f96,0x0000,0x0000,0x0724,
    0x0574,0x055e,0x0574,0x0cd4,0x005c,0x0ff4,0x0956,0x0574,0x0654,0x09d6,0x0000,0x0000,
    0x0244,0x0ff4,0x024e,0x0184,0x0244,0x0424,0x0bd4,0x0006,0x07e4,0x0424,0x07e6,0x0000,
    0x0000,0x0040,0x0ffe,0x0912,0x03f8,0x0110,0x0ffe,0x0448,0x0bf6,0x0040,0x0ffe,0x0040,
    0x0000,0x0000,0x0788,0x0848,0x0ffe,0x0848,0x0fc8,0x0848,0x0fd8,0x004e,0x0fa8,0x08a8,
    0x0f8c,0x0000,0x0000,0x0244,0x0fe4,0x012e,0x0ff4,0x0124,0x0fe4,0x012c,0x07e6,0x0c84,
    0x0844,0x0636,0x0000,0x0000,0x0484,0x0fe4,0x048e,0x0004,0x0384,0x0444,0x092c,0x07c6,
    0x0104,0x0544,0x0926,0x0000,0x0000,0x0084,0x07e4,0x042e,0x07e4,0x0024,0x0fe4,0x002c,
    0x0fe6,0x0804,0x0954,0x0d56,0x0000,0x0000,0x0fe4,0x0924,0x0bae,0x0924,0x0aa4,0x0824,
    0x0fec,0x0086,0x0514,0x0854,0x0386,0x0000,0x0000,0x0fe4,0x0444,0x07ce,0x0444,0x0ff4,
    0x0404,0x0eec,0x0886,0x0aa4,0x0444,0x0aa6,0x0000,0x0000,0x0fe4,0x0aa4,0x0aae,0x0fe4,
    0x0104,0x0fe4,0x010c,0x0ff6,0x0444,0x0b24,0x08e6,0x0000,0x0000,0x0c04,0x03e4,0x092e,
    0x0544,0x0024,0x0fe4,0x010c,0x0fe6,0x0104,0x0924,0x0fe6,0x0000,0x0000,0x0104,0x0ff4,
    0x0a1e,0x01e4,0x0024,0x07e4,0x022c,0x0226,0x0ff4,0x0244,0x0c36,0x0000,0x0000,0x0504,
    0x0574,0x0f4e,0x05c4,0x0f54,0x0554,0x052c,0x0f26,0x0554,0x0514,0x0f06,0x0000,0x0000,
    0x0fe4,0x0924,0x0fee,0x0a24,0x0ae4,0x0ea4,0x0aec,0x0a26,0x0de4,0x0924,0x0fe6,0x0000,
    0x0000,0x0ff4,0x0814,0x0ffe,0x0494,0x0294,0x0ff4,0x049c,0x0496,0x0ff4,0x044c,0x0446,
    0x0000,0x0000,0x0108,0x0fe8,0x091e,0x04a8,0x0108,0x0488,0x0ba8,0x010e,0x0fe8,0x0108,
    0x010c,0x0000,0x0000,0x0104,0x0ff4,0x024e,0x0244,0x0fe4,0x0924,0x0fec,0x0926,0x0ba4,
    0x0aa4,0x0ba6,0x0000,0x0000,0x0fe8,0x0928,0x0ffe,0x0928,0x0fe8,0x0488,0x0258,0x0fee,
    0x0108,0x0548,0x092c,0x0000,0x0000,0x0104,0x0fe4,0x092e,0x0ff4,0x0924,0x0fe4,0x092c,
    0x0ff6,0x0444,0x03c4,0x0c36,0x0000,0x0000,0x0924,0x0924,0x0fee,0x0444,0x0fe4,0x0234,
    0x0fe4,0x022e,0x0fe4,0x0224,0x0fe6,0x0000,0x0000,0x0080,0x0ffc,0x0224,0x0f7c,0x02a4,
    0x0a34,0x0bec,0x0084,0x0ffa,0x0082,0x00e0,0x0000,0x0000,0x0104,0x0fe4,0x04ae,0x04a4,
    0x0fe4,0x04a4,0x04ac,0x0796,0x0004,0x0aa4,0x0a96,0x0000,0x0000,0x0108,0x07fe,0x0524,
    0x05be,0x0708,0x0cfc,0x0040,0x03f8,0x0040,0x0ffe,0x0040,0x0000,0x0000,0x0104,0x0ff4,
    0x092e,0x0fe4,0x0924,0x0fe4,0x090c,0x0ff6,0x0404,0x0444,0x0686,0x0000,0x0000,0x0488,
    0x0fe8,0x049e,0x0fc8,0x0848,0x0fc8,0x0858,0x0fee,0x0108,0x0488,0x086c,0x0000,0x0000,
    0x0110,0x0ffe,0x0110,0x03f8,0x0208,0x0ffe,0x0248,0x05f4,0x0842,0x07fc,0x0040,0x0000,
    0x0000,0x0ef4,0x0aa4,0x0cce,0x0aa4,0x0d94,0x0084,0x0fec,0x0826,0x0fe4,0x0824,0x0fe6,
    0x0000,0x0000,0x0444,0x0fe4,0x024e,0x0924,0x0fe4,0x0284,0x0c4c,0x0336,0x08c4,0x0604,
    0x01e6,0x0000,0x0000,0x0fe4,0x0924,0x0fee,0x0924,0x0924,0x0fe4,0x044c,0x0336,0x04c4,
    0x0c74,0x07c6,0x0000,0x0000,0x0ff4,0x0214,0x0ebe,0x0a54,0x09f4,0x0454,0x055c,0x05f6,
    0x0a54,0x0a2c,0x0926,0x0000,0x0000,0x0144,0x0f54,0x0956,0x0844,0x09f4,0x0954,0x0b5c,
    0x05f6,0x0554,0x0b54,0x0956,0x0000,0x0000,0x0b54,0x0ad4,0x024e,0x0524,0x0ff4,0x0894,
    0x0084,0x0fee,0x0884,0x0844,0x0636,0x0000,0x0000,0x0544,0x0fe4,0x0aae,0x0384,0x0004,
    0x0fc4,0x044c,0x0fe6,0x0504,0x0484,0x0666,0x0000,0x0000,0x0544,0x0fe4,0x0aae,0x0384,
    0x0c04,0x03e4,0x010c,0x0fe6,0x0104,0x0ff4,0x0106,0x0000,0x0000,0x02a4,0x0ef4,0x0aae,
    0x0bf4,0x0804,0x0af4,0x0a9c,0x04f6,0x0494,0x0af4,0x0996,0x0000,0x0000,0x0104,0x0fe4,
    0x010e,0x0ff4,0x0444,0x0ef4,0x044c,0x0ff6,0x0284,0x0a44,0x0e36,0x0000,0x0000,0x0c54,
    0x0354,0x01fe,0x0f54,0x0574,0x0554,0x0554,0x05fe,0x0504,0x0454,0x048e,0x0000,0x0000,
    0x0244,0x0ff4,0x028e,0x0fe4,0x0aa4,0x0e64,0x082c,0x0ff6,0x0404,0x0444,0x0686,0x0000,
    0x0000,0x0ae4,0x0aa4,0x0fae,0x02d4,0x02a4,0x0244,0x0524,0x0896,0x0004,0x04a4,0x0916,
    0x0000,0x0000,0x0104,0x0ff4,0x044e,0x0444,0x0ff4,0x0924,0x0fec,0x0926,0x0fe4,0x0104,
    0x0ff6,0x0000,0x0000,0x0fe4,0x0284,0x0fee,0x0aa4,0x0aa4,0x0fe4,0x044c,0x07c6,0x0444,
    0x0ff4,0x0106,0x0000,0x0000,0x0244,0x0ffc,0x0a26,0x0894,0x09f4,0x0a94,0x0afc,0x0496,
    0x04f4,0x0a94,0x0996,0x0000,0x0000,0x02f4,0x0aa4,0x054e,0x0224,0x0f74,0x0544,0x0cfc,
    0x0796,0x0574,0x0644,0x09b6,0x0000,0x0000,0x0104,0x0ff4,0x04ae,0x0fc4,0x0864,0x0fd4,
    0x0844,0x0fce,0x0104,0x0524,0x0996,0x0000,0x0000,0x0044,0x0fc4,0x056e,0x0544,0x0ff4,
    0x0544,0x054c,0x0fe6,0x0004,0x0aa4,0x0a96,0x0000,0x0000,0x07e4,0x0044,0x07fe,0x0844,
    0x0fc4,0x0004,0x0eec,0x0446,0x0ff4,0x0444,0x0cc6,0x0000,0x0000,0x0fe4,0x0544,0x030e,
    0x0fe4,0x0544,0x0924,0x0ff4,0x0926,0x0fe4,0x0924,0x0fe6,0x0000,0x0000,0x07e4,0x0424,
    0x05ae,0x0424,0x0ff4,0x00a4,0x0fec,0x0aa6,0x0aa4,0x06e4,0x09b6,0x0000,0x0000,0x0ee4,
    0x0aa4,0x0eee,0x0224,0x0ee4,0x0284,0x0fec,0x0286,0x0ff4,0x0444,0x0836,0x0000,0x0000,
    0x0554,0x0ff4,0x024e,0x0244,0x0ff4,0x0104,0x0fec,0x0106,0x0ff4,0x0244,0x0c36,0x0000,
    0x0000,0x0444,0x0ee4,0x044e,0x0ff4,0x0aa4,0x0ff4,0x012c,0x07e6,0x0104,0x0ff4,0x0106,
    0x0000,0x0000,0x0214,0x0fa4,0x020e,0x0fd4,0x0904,0x0fc4,0x0234,0x0fae,0x0224,0x0064,
    0x0f9e,0x0000,0x0000,0x0a04,0x0ff4,0x021e,0x0bd4,0x0414,0x05d4,0x0b54,0x01d6,0x0404,
    0x0854,0x038e,0x0000,0x0000,0x07c4,0x0824,0x0fde,0x0004,0x0ee4,0x0aa4,0x0aac,0x0ee6,
    0x0444,0x0aa4,0x0916,0x0000,0x0000,0x0644,0x09f4,0x004e,0x0ef4,0x0494,0x04f4,0x049c,
    0x0ef6,0x0444,0x05f4,0x0446,0x0000,0x0000,0x0084,0x0ff4,0x054e,0x0524,0x0f94,0x04f4,
    0x0fa4,0x0496,0x0ff4,0x04a4,0x0f96,0x0000,0x0000,0x0fe4,0x0104,0x0ffe,0x0924,0x0da4,
    0x0104,0x0fec,0x0926,0x0fe4,0x0924,0x0fe6,0x0000,0x0000,0x0784,0x0084,0x0fee,0x08a4,
    0x07e4,0x0524,0x0fec,0x0526,0x0ff4,0x0894,0x0666,0x0000,0x0000,0x0104,0x0ff4,0x0aae,
    0x0ba4,0x0824,0x0fe4,0x044c,0x07c6,0x0444,0x0444,0x0ff6,0x0000,0x0000,0x0fe4,0x0aa4,
    0x0abe,0x0fe4,0x0104,0x0fe4,0x044c,0x0ff6,0x0104,0x0fe4,0x0106,0x0000,0x0000,0x0790,
    0x047e,0x0fd4,0x057c,0x0354,0x0cfe,0x0040,0x03f8,0x0040,0x0ffe,0x0040,0x0000,0x0000,
    0x0544,0x0fe4,0x0aae,0x0aa4,0x0384,0x0004,0x0fec,0x0926,0x0fe4,0x0924,0x0fe6,0x0000,
    0x0000,0x07c4,0x0444,0x0fee,0x0aa4,0x0aa4,0x0ee4,0x010c,0x0fe6,0x0184,0x0544,0x0936,
    0x0000,0x0000,0x0094,0x0ffe,0x0554,0x035c,0x0ca0,0x03fc,0x0040,0x03f8,0x0040,0x0ffe,
    0x0040,0x0000,0x0000,0x07c4,0x0924,0x0ffe,0x0924,0x0aa4,0x0fe4,0x010c,0x0fe6,0x08a4,
    0x0ba4,0x0c26,0x0000,0x0000,0x07c4,0x0224,0x0ffe,0x0524,0x0ce4,0x0224,0x0fec,0x0026,
    0x0fd4,0x0854,0x0fc6,0x0000,0x0000,0x013c,0x0fe4,0x04bc,0x0fc2,0x011e,0x0ff2,0x004e,
    0x03f8,0x0040,0x0ffe,0x0040,0x0000,0x0000,0x0784,0x0084,0x0fee,0x0924,0x07e4,0x0124,
    0x0fac,0x0266,0x0b94,0x0674,0x0986,0x0000,0x0000,0x0354,0x0ee4,0x084e,0x09f4,0x0864,
    0x0954,0x0a44,0x05fe,0x0524,0x0ae4,0x091e,0x0000,0x0000,0x0084,0x0ffc,0x0946,0x077c,
    0x0aa4,0x0eb4,0x0884,0x0fee,0x0824,0x0fe4,0x0836,0x0000,0x0000,0x0fe4,0x0aa4,0x0cce,
    0x0aa4,0x0884,0x0244,0x0fec,0x0136,0x0fe4,0x0124,0x0fe6,0x0000,0x0000,0x0104,0x0fe4,
    0x010e,0x0ff4,0x0804,0x07e4,0x010c,0x0ff6,0x08a4,0x0aa4,0x0ce6,0x0000,0x0000,0x0084,
    0x07e4,0x042e,0x07e4,0x0424,0x0ff4,0x091c,0x0ff6,0x0914,0x0ff4,0x0426,0x0000,0x0000,
    0x0104,0x0ff4,0x0a9e,0x0ab4,0x0444,0x0bb4,0x000c,0x0ff6,0x0104,0x0524,0x0996,0x0000,
    0x0000,0x0f94,0x0474,0x021e,0x0fe4,0x0a14,0x02f4,0x022c,0x0ef6,0x02a4,0x02d4,0x0f8e,
    0x0000,0x0000,0x0084,0x0ff4,0x081e,0x0fe4,0x0494,0x07e4,0x0434,0x07ee,0x0424,0x07e4,
    0x0c1e,0x0000,0x0000,0x0104,0x0ff4,0x095e,0x0464,0x0bd4,0x0004,0x0fec,0x0aa6,0x0ff4,
    0x0104,0x01c6,0x0000,0x0000,0x0ef4,0x0a94,0x0efe,0x0a94,0x0ef4,0x0b94,0x0a7c,0x0996,
    0x0e74,0x0a54,0x0bd6,0x0000,0x0000,0x0e94,0x0a54,0x0bfe,0x0a24,0x06f4,0x0ab4,0x0ad4,
    0x0a96,0x0bfc,0x06a4,0x031e,0x0000,0x0000,0x0204,0x0ff4,0x049e,0x0ff4,0x0494,0x0ff4,
    0x0a5c,0x0fd6,0x0a54,0x07c4,0x0836,0x0000,0x0000,0x0f24,0x0274,0x0f2e,0x0924,0x0f74,
    0x0904,0x0f0c,0x0976,0x0f54,0x0554,0x08f6,0x0000,0x0000,0x0ff4,0x0a54,0x0ffe,0x0224,
    0x0e94,0x02f4,0x0c9c,0x02f6,0x0e94,0x02f4,0x0e96,0x0000,0x0000,0x0244,0x0ff4,0x095e,
    0x0bf4,0x0954,0x09f4,0x0a4c,0x05f6,0x0524,0x0ae4,0x091e,0x0000,0x0000,0x0fe4,0x0444,
    0x07ce,0x0444,0x0ff4,0x0954,0x0444,0x0f8e,0x0464,0x0384,0x0c76,0x0000,0x0000,0x02a8,
    0x0f5e,0x06ac,0x0b5a,0x02a8,0x0ffe,0x0448,0x0bf6,0x0040,0x0ffe,0x0040,0x0000,0x0000,
    0x0444,0x0ff4,0x044e,0x0ff4,0x0aa4,0x0ff4,0x092c,0x0fe6,0x0924,0x0ff4,0x0106,0x0000,
    0x0000,0x0244,0x0ef4,0x02ae,0x0ea4,0x09f4,0x0ea4,0x02ec,0x0ea6,0x02e4,0x0aa4,0x0ea6,
    0x0000,0x0000,0x04a4,0x0fe4,0x048e,0x0fe4,0x0544,0x0fe4,0x044c,0x0546,0x0544,0x02c4,
    0x0c36,0x0000,0x0000,0x0ee4,0x0aa4,0x0eee,0x0aa4,0x0ee4,0x0924,0x0fec,0x0aa6,0x0ba4,
    0x0d64,0x0926,0x0000,0x0000,0x0104,0x0ff4,0x0aae,0x0ee4,0x0284,0x0ff4,0x028c,0x0fe6,
    0x0a84,0x0474,0x09c6,0x0000,0x0000,0x03c4,0x0224,0x07fe,0x0424,0x07e4,0x0a44,0x0fec,
    0x0536,0x07e4,0x0a84,0x0e76,0x0000,0x0000,0x0914,0x0ff4,0x024e,0x0fe4,0x0134,0x0fe4,
    0x012c,0x0fe6,0x0aa4,0x0ba4,0x0c26,0x0000,0x0000,0x0fe4,0x0444,0x07de,0x0444,0x0ff4,
    0x0aa4,0x0eec,0x0aa6,0x0ee4,0x0bb4,0x0886,0x0000,0x0000,0x04a4,0x0fe4,0x048e,0x0fe4,
    0x0544,0x0fe4,0x044c,0x07c6,0x0444,0x07c4,0x0c36,0x0000,0x0000,0x0444,0x0aea,0x0404,
    0x0aea,0x04a4,0x0eee,0x0444,0x03f8,0x0040,0x0ffe,0x0040,0x0000,0x0000,0x0524,0x05f4,
    0x0f2e,0x05f4,0x0f54,0x05f4,0x054c,0x0ff6,0x0544,0x05a4,0x0f16,0x0000,0x0000,0x0ee4,
    0x0924,0x0eee,0x0924,0x0ff4,0x0454,0x07c4,0x044e,0x07c4,0x0a44,0x0e36,0x0000,0x0000,
    0x0ee4,0x0aa4,0x0efe,0x0aa4,0x0aa4,0x0ff4,0x012c,0x0fe6,0x0444,0x0384,0x0c76,0x0000,
    0x0000,0x01f4,0x0f54,0x01fe,0x0f54,0x0af4,0x0f24,0x05ec,0x0426,0x07e4,0x0a44,0x0e36,
    0x0000,0x0000,0x0040,0x0ffe,0x0040,0x0040,0x03f8,0x0200,0x0210,0x0120,0x00c0,0x0330,
    0x0c0e,0x0000,0x0000,0x0050,0x0fd2,0x0452,0x0452,0x0452,0x0512,0x0512,0x021a,0x0216,
    0x0590,0x0870,0x0000,0x0000,0x0088,0x0f88,0x0484,0x0454,0x0456,0x0514,0x0514,0x0214,
    0x0214,0x0584,0x0864,0x0000,0x0000,0x0080,0x0f9e,0x0490,0x0450,0x045e,0x0502,0x0502,
    0x0212,0x0212,0x059e,0x0860,0x0000,0x0000,0x0040,0x0fc0,0x045e,0x0448,0x0428,0x0528,
    0x0508,0x0208,0x0218,0x0586,0x0860,0x0000,0x0000,0x0088,0x0f88,0x04be,0x0448,0x0448,
    0x0538,0x0524,0x0224,0x0222,0x0522,0x08d8,0x0000,0x0000,0x0080,0x0fbe,0x0488,0x0448,
    0x0448,0x053a,0x050a,0x020a,0x020a,0x059e,0x0860,0x0000,0x0000,0x0088,0x0f88,0x04be,
    0x0448,0x0448,0x0508,0x053e,0x0222,0x0222,0x0522,0x08fe,0x0000,0x0000,0x0088,0x0fbe,
    0x0480,0x0494,0x0422,0x0500,0x0522,0x0214,0x0208,0x0514,0x08a2,0x0000,0x0000,0x0088,
    0x0f9a,0x048a,0x0448,0x045e,0x0508,0x050c,0x021c,0x022a,0x058a,0x0868,0x0000,0x0000,
    0x00b0,0x0f8e,0x0488,0x0448,0x043e,0x0508,0x0508,0x023e,0x0222,0x0522,0x08fe,0x0000,
    0x0000,0x0104,0x0f7c,0x0502,0x04fe,0x0444,0x0554,0x057e,0x0242,0x0252,0x057e,0x08a0,
    0x0000,0x0000,0x0088,0x0fa8,0x04be,0x0408,0x044a,0x052c,0x0508,0x022c,0x024a,0x0508,
    0x08cc,0x0000,0x0000,0x00be,0x0f88,0x04be,0x04a4,0x0424,0x053e,0x0500,0x023e,0x0222,
    0x0522,0x08fe,0x0000,0x0000,0x0088,0x0fbe,0x0488,0x04be,0x046a,0x052a,0x053e,0x0208,
    0x021c,0x052a,0x08c8,0x0000,0x0000,0x0088,0x0fbe,0x0488,0x047e,0x0408,0x053e,0x0504,
    0x023c,0x0222,0x0522,0x08d8,0x0000,0x0000,0x00be,0x0fa2,0x04be,0x04a2,0x043e,0x0522,
    0x0522,0x023e,0x0200,0x0594,0x0862,0x0000,0x0000,0x0098,0x0fa4,0x0482,0x047e,0x0448,
    0x0508,0x053e,0x0208,0x022a,0x052a,0x08cc,0x0000,0x0000,0x0148,0x0f7e,0x04a8,0x04a8,
    0x047e,0x0504,0x053a,0x0220,0x027e,0x0510,0x08d8,0x0000,0x0000,0x0098,0x0fa4,0x0482,
    0x04bc,0x0400,0x0508,0x0552,0x0244,0x0220,0x0520,0x08fe,0x0000,0x0000,0x0088,0x0faa,
    0x04aa,0x0488,0x047e,0x054a,0x055a,0x026e,0x024a,0x054a,0x08ea,0x0000,0x0000,0x0088,
    0x0faa,0x04aa,0x0488,0x047e,0x0542,0x055e,0x0252,0x025e,0x0542,0x08e2,0x0000,0x0000,
    0x00bc,0x0f90,0x04be,0x0464,0x043c,0x0524,0x053c,0x0224,0x023c,0x0526,0x08e0,0x0000,
    0x0000,0x0094,0x0fbe,0x0494,0x047e,0x0440,0x053e,0x0522,0x023e,0x0222,0x053e,0x08e2,
    0x0000,0x0000,0x0088,0x0fbe,0x0480,0x04be,0x0422,0x053e,0x0510,0x0208,0x023e,0x0508,
    0x08cc,0x0000,0x0000,0x0094,0x0fbe,0x0494,0x0484,0x047c,0x0542,0x054e,0x024a,0x024e,
    0x0520,0x0898,0x0000,0x0000,0x014a,0x0f2c,0x04fe,0x0488,0x042c,0x054a,0x053e,0x0224,
    0x0226,0x0518,0x08e6,0x0000,0x0000,0x0108,0x0f7e,0x0124,0x013c,0x0f80,0x087e,0x0942,
    0x055e,0x0252,0x055e,0x08c2,0x0000,0x0000,0x0088,0x0fbe,0x0488,0x057e,0x032a,0x048c,
    0x0ffa,0x0040,0x03c8,0x0048,0x0ffe,0x0000,0x0000,0x0110,0x0f7e,0x0924,0x0924,0x08fe,
    0x0a92,0x0afe,0x0492,0x04ba,0x0aaa,0x09ba,0x0000,0x0000,0x0148,0x0f7e,0x0508,0x04fe,
    0x044a,0x057e,0x054a,0x02fe,0x0248,0x0544,0x08b2,0x0000,0x0000,0x0110,0x0f7c,0x0554,
    0x04fe,0x0454,0x057c,0x0554,0x02fc,0x0246,0x0538,0x08c6,0x0000,0x0000,0x009c,0x0fa2,
    0x04be,0x0480,0x047e,0x052a,0x052a,0x023e,0x0214,0x052a,0x08ea,0x0000,0x0000,0x00aa,
    0x0f88,0x04be,0x056a,0x033e,0x04aa,0x0ffe,0x00a4,0x07aa,0x0890,0x0f8e,0x0000,0x0000,
    0x0040,0x0040,0x0ffe,0x0200,0x0210,0x0110,0x0120,0x00a0,0x0040,0x01b0,0x0e0e,0x0000,
    0x0000,0x0040,0x0ffe,0x0110,0x00e0,0x0318,0x0df6,0x0020,0x07fc,0x04a4,0x04a4,0x06a4,
    0x0000,0x0000,0x0ae4,0x0a04,0x020e,0x0ff8,0x028a,0x028a,0x07a4,0x04a4,0x04aa,0x0ba2,
    0x0872,0x0000,0x0000,0x00a0,0x0fbe,0x00a0,0x0fbe,0x00a0,0x0090,0x0ffe,0x0210,0x0110,
    0x00e0,0x071c,0x0000,0x0000,0x0f4e,0x0444,0x04f4,0x0484,0x04a4,0x0fae,0x0444,0x0444,
    0x04a4,0x0424,0x0f0e,0x0000,0x0000,0x0ee4,0x0aa4,0x0eee,0x0aa8,0x0eea,0x092a,0x0fe4,
    0x0aa4,0x0baa,0x0d62,0x0920,0x0000,0x0000,0x0100,0x0110,0x0120,0x0104,0x0108,0x0110,
    0x0f00,0x01e0,0x011e,0x0100,0x0100,0x0000,0x0000,0x0408,0x049a,0x050a,0x0408,0x045e,
    0x0488,0x0c0c,0x071c,0x04ea,0x040a,0x0408,0x0000,0x0000,0x041c,0x0492,0x0508,0x043e,
    0x04aa,0x053e,0x0c2a,0x072a,0x04fe,0x0422,0x0432,0x0000,0x0000,0x0418,0x04a4,0x0502,
    0x041e,0x0448,0x0488,0x0c1e,0x0708,0x04ea,0x040a,0x0408,0x0000,0x0000,0x0424,0x04fe,
    0x0524,0x043c,0x04a4,0x0524,0x0c7e,0x072a,0x04e6,0x0402,0x047e,0x0000,0x0000,0x0308,
    0x04be,0x0848,0x053e,0x0622,0x04be,0x0522,0x0c3e,0x0608,0x05be,0x0408,0x0000,0x0000,
    0x0700,0x00fc,0x0004,0x0004,0x0ffc,0x0104,0x0104,0x0104,0x0102,0x0102,0x0100,0x0000,
    0x0000,0x0700,0x00fc,0x0004,0x0004,0x0ffc,0x0084,0x00e4,0x0384,0x0c82,0x0082,0x0080,
    0x0000,0x0000,0x0330,0x0c0e,0x0330,0x00e0,0x0318,0x0cf6,0x0008,0x0ff8,0x0108,0x0104,
    0x0104,0x0000,0x0000,0x0c08,0x03be,0x0084,0x008a,0x0f8a,0x04be,0x0488,0x0488,0x04be,
    0x0448,0x0448,0x0000,0x0000,0x0600,0x01de,0x0048,0x0048,0x0fc8,0x025c,0x0256,0x0254,
    0x0254,0x0234,0x021c,0x0000,0x0000,0x0c08,0x03be,0x0088,0x00be,0x0faa,0x04be,0x04aa,
    0x04be,0x0488,0x047e,0x0448,0x0000,0x0000,0x0c52,0x03b6,0x009a,0x0092,0x0ffe,0x0492,
    0x04ba,0x04d6,0x0492,0x047e,0x0440,0x0000,0x0000,0x0c24,0x03be,0x00a4,0x00bc,0x0fa4,
    0x04bc,0x04a4,0x04be,0x0440,0x0454,0x0422,0x0000,0x0000,0x0c08,0x03be,0x00a4,0x00a4,
    0x0ffe,0x0488,0x04be,0x0498,0x04ac,0x044a,0x0448,0x0000,0x0000,0x0c2a,0x0396,0x00aa,
    0x0096,0x0ffe,0x04aa,0x0496,0x04aa,0x0496,0x047e,0x0440,0x0000,0x0000,0x0040,0x0ffe,
    0x0020,0x0020,0x07e0,0x0420,0x0410,0x0410,0x0408,0x0208,0x01c0,0x0000,0x0000,0x0388,
    0x0448,0x083e,0x0008,0x0188,0x0638,0x0024,0x0024,0x0022,0x01a2,0x0618,0x0000,0x0000,
    0x0044,0x0fc4,0x013e,0x0d24,0x0b44,0x09dc,0x0974,0x0d52,0x0152,0x0850,0x0f8c,0x0000,
    0x0000,0x0040,0x07fc,0x0110,0x0110,0x0ffe,0x0842,0x07fc,0x0020,0x07e0,0x0410,0x030c,
    0x0000,0x0000,0x0088,0x0f88,0x007e,0x0fc8,0x0a88,0x0ab8,0x0fe4,0x08a4,0x08a2,0x08a2,
    0x0c98,0x0000,0x0000,0x0048,0x0fc8,0x007e,0x07c8,0x0108,0x0f38,0x01e4,0x0f24,0x01e2,
    0x0922,0x0f18,0x0000,0x0000,0x0044,0x0fc4,0x023e,0x0124,0x0284,0x0afc,0x0aa4,0x04a4,
    0x04a2,0x08a2,0x0998,0x0000,0x0000,0x0044,0x0fc4,0x015e,0x0124,0x0fe4,0x011c,0x0fd4,
    0x0952,0x0952,0x0d50,0x010c,0x0000,0x0000,0x0044,0x0fc4,0x005e,0x0fc4,0x0924,0x011c,
    0x0f54,0x0154,0x0152,0x01d2,0x0e38,0x0000,0x0000,0x0048,0x0fc8,0x023e,0x02a8,0x0f88,
    0x02b8,0x0264,0x0fa4,0x0222,0x0222,0x0f98,0x0000,0x0000,0x0044,0x0fc4,0x003e,0x0fe4,
    0x0844,0x0fdc,0x0154,0x0f52,0x0152,0x0950,0x0f2c,0x0000,0x0000,0x0044,0x0fc4,0x00be,
    0x0fa4,0x029c,0x0254,0x0fd4,0x0212,0x0212,0x0510,0x08cc,0x0000,0x0000,0x0044,0x0fc4,
    0x013e,0x0fe4,0x0484,0x0fdc,0x0014,0x0552,0x0552,0x0550,0x0d4c,0x0000,0x0000,0x0044,
    0x0fc4,0x013e,0x0fe4,0x0284,0x045c,0x0ff4,0x0552,0x0552,0x05d0,0x060c,0x0000,0x0000,
    0x0044,0x0fe4,0x045e,0x0fc4,0x0444,0x07dc,0x0454,0x0ff2,0x0012,0x0490,0x084c,0x0000,
    0x0000,0x0044,0x0fc4,0x003e,0x0fe4,0x0a84,0x0fdc,0x0294,0x0a52,0x0ff2,0x0a50,0x0fcc,
    0x0000,0x0000,0x07fc,0x0040,0x0040,0x0040,0x0ffe,0x0040,0x0040,0x00a0,0x0890,0x0888,
    0x0f86,0x0000,0x0000,0x0fde,0x0252,0x025e,0x0252,0x0ff2,0x021e,0x0202,0x030a,0x0a92,
    0x0a4a,0x0e26,0x0000,0x0000,0x07fc,0x0404,0x0404,0x0404,0x0404,0x07fc,0x0404,0x0404,
    0x0404,0x0404,0x07fc,0x0000,0x0000,0x03f8,0x0208,0x0208,0x03f8,0x0208,0x0208,0x0208,
    0x03f8,0x0000,0x0000,0x0ffe,0x0000,0x0000,0x0fe4,0x0824,0x0824,0x0824,0x0824,0x0fe4,
    0x0824,0x0824,0x0824,0x0824,0x0fe4,0x0000,0x0000,0x0f04,0x00fc,0x0804,0x0ff8,0x0000,
    0x07f8,0x0408,0x07f8,0x0408,0x0408,0x07f8,0x0000,0x0000,0x07fc,0x0404,0x07fc,0x0404,
    0x0404,0x07fc,0x0040,0x0040,0x0ffe,0x0040,0x0040,0x0000,0x0000,0x0008,0x0ff8,0x0804,
    0x0804,0x08fa,0x088a,0x08f8,0x0888,0x08f8,0x0400,0x0300,0x0000,0x0000,0x07c4,0x0444,
    0x0444,0x07de,0x0454,0x0454,0x0454,0x07d4,0x0014,0x0812,0x0fe2,0x0000,0x0000,0x07fc,
    0x0404,0x07fc,0x0404,0x07fc,0x0000,0x07fc,0x0040,0x0ffe,0x0040,0x0040,0x0000,0x0000,
    0x0400,0x041e,0x0ff2,0x0412,0x0412,0x045e,0x0492,0x0412,0x0412,0x041e,0x0700,0x0000,
    0x0000,0x0100,0x0fde,0x0052,0x0052,0x0052,0x005e,0x0052,0x0052,0x0052,0x003e,0x0020,
    0x0000,0x0000,0x0fe0,0x011e,0x0112,0x0112,0x0112,0x0fde,0x0112,0x0112,0x0112,0x011e,
    0x0fe0,0x0000,0x0000,0x07fc,0x0404,0x07fc,0x0404,0x07fc,0x0040,0x0ffe,0x0110,0x0110,
    0x00e0,0x0f1e,0x0000,0x0000,0x0040,0x0fde,0x0852,0x0832,0x09d2,0x081e,0x0b12,0x08f2,
    0x0812,0x041e,0x0300,0x0000,0x0000,0x07fc,0x0404,0x07fc,0x0404,0x07fc,0x0000,0x0f9e,
    0x0882,0x08e2,0x0e9e,0x0080,0x0000,0x0000,0x07fc,0x0404,0x07fc,0x0404,0x07fc,0x0000,
    0x0ffc,0x0084,0x0084,0x0362,0x0c1a,0x0000,0x0000,0x07fc,0x0404,0x07fc,0x0404,0x07fc,
    0x0084,0x0c84,0x03bc,0x0084,0x0884,0x0fbe,0x0000,0x0000,0x07fc,0x0404,0x07fc,0x0404,
    0x07fc,0x0110,0x0110,0x0ffe,0x0110,0x0108,0x0106,0x0000,0x0000,0x03f8,0x0208,0x03f8,
    0x0208,0x0208,0x07fc,0x0040,0x0ffe,0x00a0,0x0318,0x0c06,0x0000,0x0000,0x07fc,0x0404,
    0x07fc,0x0404,0x07fc,0x0000,0x0ffe,0x0802,0x0ffe,0x0802,0x0ffe,0x0000,0x0000,0x0fc0,
    0x085e,0x0852,0x0fd2,0x085e,0x0852,0x0fd2,0x085e,0x0840,0x0820,0x0e18,0x0000,0x0000,
    0x07fc,0x0084,0x0ffc,0x0084,0x0b34,0x0c0e,0x03f8,0x0208,0x03f8,0x0208,0x03f8,0x0000,
    0x0000,0x07f8,0x0408,0x07f8,0x0408,0x07f8,0x0010,0x0ff8,0x0924,0x0922,0x0890,0x0648,
    0x0000,0x0000,0x0110,0x07fc,0x0110,0x0110,0x0ffe,0x0000,0x03f8,0x0208,0x03f8,0x0208,
    0x03f8,0x0000,0x0000,0x0c00,0x03de,0x0052,0x0052,0x0fd2,0x045e,0x0452,0x0452,0x0452,
    0x043e,0x0420,0x0000,0x0000,0x03f8,0x0208,0x03f8,0x0208,0x07fc,0x0000,0x0ffe,0x0210,
    0x0208,0x0584,0x047c,0x0000,0x0000,0x0208,0x0238,0x0526,0x0098,0x0fe4,0x0002,0x07fc,
    0x0404,0x07fc,0x0404,0x07fc,0x0000,0x0000,0x03f8,0x0208,0x03f8,0x0208,0x03f8,0x0048,
    0x07fc,0x0042,0x03f8,0x0040,0x0ffe,0x0000,0x0000,0x0100,0x0fee,0x092a,0x092a,0x092a,
    0x092e,0x0ffa,0x010a,0x028a,0x044e,0x0830,0x0000,0x0000,0x0700,0x089e,0x0052,0x0fd2,
    0x0012,0x001e,0x0fd2,0x0912,0x0912,0x0d1e,0x0100,0x0000,0x0000,0x0040,0x07fc,0x0040,
    0x07fc,0x0120,0x0ffe,0x0110,0x03f8,0x0d16,0x0110,0x01f0,0x0000,0x0000,0x0100,0x0ffe,
    0x0112,0x0112,0x0ff2,0x011e,0x0112,0x0392,0x0572,0x091e,0x0100,0x0000,0x0000,0x0040,
    0x0fde,0x0152,0x0132,0x0f12,0x011e,0x0112,0x0f12,0x0112,0x011e,0x0100,0x0000,0x0000,
    0x0fc0,0x091e,0x0912,0x0892,0x0652,0x001e,0x0fd2,0x0852,0x0852,0x085e,0x0fc0,0x0000,
    0x0000,0x03f8,0x0208,0x03f8,0x0208,0x03f8,0x0000,0x0ffe,0x0040,0x07c8,0x0078,0x0f86,
    0x0000,0x0000,0x03f8,0x0208,0x03f8,0x0208,0x03f8,0x0040,0x07fc,0x0110,0x0110,0x0080,
    0x0ffe,0x0000,0x0000,0x03f8,0x0208,0x03f8,0x0208,0x03f8,0x0000,0x0fae,0x08a2,0x08a2,
    0x0e9e,0x0090,0x0000,0x0000,0x0fc0,0x085e,0x0852,0x0fd2,0x0052,0x095e,0x0552,0x0352,
    0x0152,0x093e,0x0e20,0x0000,0x0000,0x0f38,0x0900,0x093c,0x0f20,0x09ae,0x0968,0x0928,
    0x0f24,0x0064,0x01a2,0x0e32,0x0000,0x0000,0x07fc,0x0404,0x07fc,0x0104,0x03f4,0x0512,
    0x09f2,0x0110,0x01f0,0x0000,0x0ffe,0x0000,0x0000,0x07fc,0x0404,0x07fc,0x0404,0x07fc,
    0x00a0,0x08a2,0x04a4,0x02a8,0x00a0,0x0ffe,0x0000,0x0000,0x03f8,0x0208,0x03f8,0x0208,
    0x0208,0x0bfa,0x04a4,0x02a8,0x04a4,0x0890,0x0f8e,0x0000,0x0000,0x0100,0x0fde,0x0112,
    0x0112,0x0ff2,0x041e,0x0ff2,0x0412,0x0452,0x049e,0x0600,0x0000,0x0000,0x03f8,0x0208,
    0x03f8,0x0208,0x03f8,0x0444,0x0248,0x0ffe,0x00a0,0x0898,0x0f06,0x0000,0x0000,0x0fe0,
    0x001e,0x0fd2,0x0852,0x0852,0x0fde,0x0852,0x0852,0x0fd2,0x001e,0x0fe0,0x0000,0x0000,
    0x0ffe,0x0210,0x0108,0x04a4,0x07bc,0x0000,0x0ffe,0x0208,0x03f8,0x0208,0x03f8,0x0000,
    0x0000,0x07fc,0x00a0,0x04a4,0x02a8,0x00a0,0x0ffe,0x0208,0x03f8,0x0208,0x0208,0x03f8,
    0x0000,0x0000,0x0100,0x009e,0x0fd2,0x0852,0x0852,0x0bde,0x0a52,0x0a52,0x0bd2,0x085e,
    0x0c40,0x0000,0x0000,0x03f8,0x0208,0x03f8,0x0208,0x0ffe,0x0822,0x0ffe,0x0110,0x0118,
    0x00e0,0x071c,0x0000,0x0000,0x0ff0,0x028e,0x028a,0x0fea,0x0aaa,0x0aae,0x0aaa,0x0e6a,
    0x082a,0x082e,0x0fe0,0x0000,0x0000,0x0040,0x0e4e,0x01ea,0x048a,0x030a,0x0cee,0x000a,
    0x0fea,0x028a,0x0a4e,0x0e30,0x0000,0x0000,0x07fc,0x0404,0x07fc,0x0404,0x0ffe,0x0812,
    0x0048,0x03f8,0x0040,0x0ffe,0x0040,0x0000,0x0000,0x03c0,0x022e,0x011a,0x0fea,0x092a,
    0x092e,0x0fea,0x028a,0x028a,0x0a4e,0x0e30,0x0000,0x0000,0x0040,0x03f8,0x0240,0x0ffe,
    0x0240,0x0ffe,0x0208,0x03f8,0x0208,0x0208,0x0ffe,0x0000,0x0000,0x0cc0,0x031e,0x04d2,
    0x0912,0x0ff2,0x029e,0x0fd2,0x0a72,0x0a52,0x0e5e,0x0200,0x0000,0x0000,0x07fc,0x0404,
    0x07fc,0x0404,0x0ffc,0x0104,0x093c,0x0524,0x0224,0x0532,0x08c2,0x0000,0x0000,0x0f88,
    0x00be,0x0f88,0x04b8,0x048e,0x0448,0x07fc,0x0404,0x07fc,0x0404,0x07fc,0x0000,0x0000,
    0x0fe0,0x011e,0x0fd2,0x0892,0x0892,0x0ffe,0x0012,0x0fd2,0x0852,0x085e,0x0fc0,0x0000,
    0x0000,0x0040,0x0fce,0x002a,0x07ea,0x044a,0x054e,0x0ffa,0x042a,0x052a,0x0fee,0x0200,
    0x0000,0x0000,0x07fc,0x0404,0x07fc,0x0404,0x07fc,0x0004,0x03f4,0x0004,0x0ffc,0x050a,
    0x0e3a,0x0000,0x0000,0x0110,0x07fc,0x00a0,0x04a4,0x02a8,0x00a0,0x0ffe,0x0208,0x03f8,
    0x0208,0x03f8,0x0000,0x0000,0x07fc,0x0404,0x07fc,0x0404,0x07fc,0x0040,0x0ffe,0x0208,
    0x03f8,0x0248,0x0c66,0x0000,0x0000,0x0c20,0x032e,0x01fa,0x012a,0x0f2a,0x056e,0x05ba,
    0x052a,0x04aa,0x04ae,0x0420,0x0000,0x0000,0x0200,0x0fde,0x0212,0x0fd2,0x0212,0x0ffe,
    0x0852,0x0fd2,0x0852,0x0fde,0x0840,0x0000,0x0000,0x03f8,0x0208,0x03f8,0x0208,0x03f8,
    0x0000,0x0fbe,0x08a2,0x0fbe,0x08a2,0x0fbe,0x0000,0x0000,0x07f8,0x0408,0x07f8,0x0408,
    0x07f8,0x0104,0x0f7c,0x0126,0x0ff8,0x040e,0x07f8,0x0000,0x0000,0x0008,0x0f7c,0x0912,
    0x09fc,0x0f28,0x0044,0x07fa,0x0408,0x07f8,0x0408,0x07f8,0x0000,0x0000,0x0100,0x0ffe,
    0x0012,0x07d2,0x0452,0x045e,0x07d2,0x0112,0x0552,0x093e,0x0180,0x0000,0x0000,0x0f88,
    0x00fe,0x0f94,0x04be,0x0490,0x07fe,0x0404,0x07fc,0x0404,0x0404,0x07fc,0x0000,0x0000,
    0x0100,0x0ffe,0x0812,0x07d2,0x0452,0x07de,0x0452,0x0452,0x07d2,0x001e,0x0fe0,0x0000,
    0x0000,0x0ef0,0x089e,0x0892,0x0ef2,0x0012,0x0f1e,0x08f2,0x0a12,0x0af2,0x061e,0x0990,
    0x0000,0x0000,0x07fc,0x0404,0x07fc,0x0404,0x0ffe,0x0a4a,0x03f8,0x0248,0x0248,0x0ffe,
    0x0040,0x0000,0x0000,0x0ff0,0x091e,0x0fea,0x092a,0x0fea,0x092e,0x092a,0x0fea,0x010a,
    0x0ffe,0x0100,0x0000,0x0000,0x07fc,0x0404,0x07fc,0x0820,0x07fc,0x0220,0x0ffe,0x0410,
    0x07f8,0x0416,0x07f0,0x0000,0x0000,0x0ff0,0x094e,0x054a,0x0fea,0x008a,0x0fee,0x008a,
    0x07ca,0x04ba,0x030e,0x0ce0,0x0000,0x0000,0x0100,0x0ffe,0x0492,0x0492,0x0ff2,0x001e,
    0x0fd2,0x0852,0x0fd2,0x085e,0x0fc0,0x0000,0x0000,0x0fe0,0x083e,0x0fd2,0x0852,0x0fd2,
    0x085e,0x0fd2,0x0112,0x0ff2,0x049e,0x0860,0x0000,0x0000,0x07c8,0x0448,0x07fe,0x044a,
    0x0ffe,0x004a,0x0fea,0x0a9e,0x0a48,0x0928,0x0688,0x0000,0x0000,0x0fbe,0x02a2,0x0fbe,
    0x0212,0x0b2a,0x0ea6,0x03f8,0x0208,0x03f8,0x0208,0x0ffe,0x0000,0x0000,0x0f10,0x01fe,
    0x0f54,0x0554,0x057e,0x0490,0x07fc,0x0404,0x07fc,0x0404,0x07fc,0x0000,0x0000,0x0110,
    0x0ffe,0x0110,0x03f8,0x0208,0x0ffe,0x0110,0x03f8,0x0d16,0x0110,0x01f0,0x0000,0x0000,
    0x0ff0,0x049e,0x0ff2,0x0492,0x0112,0x0ffe,0x0092,0x07d2,0x04b2,0x049e,0x0fe0,0x0000,
    0x0000,0x07fc,0x0404,0x07fc,0x0404,0x0ffe,0x0110,0x0ffe,0x0248,0x0d56,0x0248,0x0464,
    0x0000,0x0000,0x07e4,0x0428,0x07e0,0x0422,0x0fe4,0x0130,0x07ee,0x0128,0x0fe8,0x0014,
    0x0fe2,0x0000,0x0000,0x0240,0x0ffe,0x0a0a,0x09ea,0x08aa,0x0aee,0x0a8a,0x044a,0x05fa,
    0x0a4e,0x0960,0x0000,0x0000,0x0240,0x0ffe,0x024a,0x0fea,0x054a,0x0ffe,0x054a,0x0fea,
    0x010a,0x0fee,0x0100,0x0000,0x0000,0x0ffc,0x0444,0x03bc,0x0e24,0x0374,0x0aac,0x07f4,
    0x0414,0x07f2,0x0412,0x07f0,0x0000,0x0000,0x03f8,0x0208,0x03f8,0x0208,0x0ffe,0x094a,
    0x0a52,0x0040,0x0ffe,0x0208,0x05fc,0x0000,0x0000,0x0100,0x0fee,0x010a,0x0ffa,0x044a,
    0x0eee,0x044a,0x0ffa,0x028a,0x0a4e,0x0e30,0x0000,0x0000,0x0ff0,0x094e,0x054a,0x0ffa,
    0x0a4a,0x07de,0x004a,0x07ea,0x045a,0x038e,0x0c70,0x0000,0x0000,0x0fe0,0x0aae,0x0fea,
    0x088a,0x0fea,0x028e,0x0ffa,0x084a,0x0fea,0x084e,0x0fc0,0x0000,0x0000,0x0ee0,0x0aae,
    0x0cca,0x0aaa,0x088a,0x024e,0x0fea,0x013a,0x0fea,0x012e,0x0fe0,0x0000,0x0000,0x0fe0,
    0x082e,0x0fea,0x024a,0x0ffa,0x024e,0x0ffa,0x044a,0x092a,0x054e,0x09a0,0x0000,0x0000,
    0x0100,0x0ffe,0x024a,0x0ffa,0x024a,0x0ffe,0x092a,0x0fea,0x092e,0x0fe8,0x0818,0x0000,
    0x0000,0x0240,0x0ffe,0x010a,0x0ffa,0x024a,0x0ffe,0x0aaa,0x0a3a,0x04ea,0x0a8e,0x0960,
    0x0000,0x0000,0x07fc,0x0404,0x07fc,0x0404,0x0ffe,0x04a4,0x0fbe,0x0110,0x0ffe,0x0514,
    0x0e7a,0x0000,0x0000,0x0000,0x07fc,0x0404,0x0404,0x0404,0x04fc,0x0404,0x0404,0x0404,
    0x07fc,0x0404,0x0000,0x0000,0x0120,0x0120,0x0ffc,0x0924,0x0924,0x0924,0x0ffc,0x0924,
    0x0924,0x0924,0x0ffc,0x0000,0x0000,0x0040,0x07fc,0x0444,0x07fc,0x0444,0x07fc,0x0480,
    0x0280,0x0180,0x0960,0x0e1e,0x0000,0x0000,0x0ffe,0x0040,0x07fc,0x0444,0x07fc,0x0444,
    0x07fc,0x0028,0x0030,0x00c8,0x0f06,0x0000,0x0000,0x07f8,0x0408,0x07f8,0x0408,0x07f8,
    0x0010,0x0ff8,0x0886,0x0948,0x0828,0x06f8,0x0000,0x0000,0x0040,0x07fc,0x0440,0x0ffe,
    0x0440,0x07fc,0x0040,0x0ffe,0x0208,0x0208,0x03f8,0x0000,0x0000,0x0110,0x0ffe,0x04a4,
    0x07fc,0x04a4,0x07fc,0x0208,0x03f8,0x0208,0x0208,0x03f8,0x0000,0x0000,0x03f8,0x0208,
    0x03f8,0x0208,0x0ffe,0x0912,0x0ffe,0x0208,0x0110,0x01f0,0x0e0e,0x0000,0x0000,0x0110,
    0x0ffe,0x0a4a,0x0952,0x0ffe,0x0000,0x07fc,0x0404,0x07fc,0x0404,0x07fc,0x0000,0x0000,
    0x0208,0x0fbe,0x0208,0x0ffe,0x0288,0x0444,0x0bfa,0x0208,0x03f8,0x0208,0x03f8,0x0000,
    0x0000,0x03f8,0x0208,0x02e8,0x0208,0x0ffe,0x0024,0x0ffc,0x04a4,0x04a4,0x033c,0x0ce6,
    0x0000,0x0000,0x01f0,0x0208,0x07fc,0x0802,0x07fc,0x0554,0x07fc,0x0208,0x03f8,0x0208,
    0x03f8,0x0000,0x0000,0x07fc,0x0404,0x0404,0x07fc,0x0404,0x0404,0x07fc,0x0404,0x0404,
    0x0402,0x0702,0x0000,0x0000,0x0040,0x0ffe,0x0020,0x0020,0x07f0,0x0418,0x07f6,0x0410,
    0x07f0,0x0410,0x0610,0x0000,0x0000,0x0fbc,0x08a4,0x08a4,0x0fbc,0x08a4,0x08a4,0x0fbc,
    0x08a4,0x08a4,0x08a2,0x0cb2,0x0000,0x0000,0x0fde,0x0852,0x0652,0x005e,0x0fd2,0x0852,
    0x095e,0x0552,0x0212,0x0512,0x08da,0x0000,0x0000,0x010e,0x092a,0x092a,0x092e,0x0fea,
    0x010a,0x010e,0x092a,0x092a,0x092a,0x0fea,0x0000,0x0000,0x0fa4,0x0894,0x08be,0x0f88,
    0x08aa,0x08aa,0x0faa,0x08be,0x0888,0x0844,0x0c44,0x0000,0x0000,0x049e,0x0292,0x0ff2,
    0x011e,0x0112,0x0ff2,0x011e,0x0112,0x0292,0x0452,0x083a,0x0000,0x0000,0x0f88,0x08be,
    0x08a2,0x0fbe,0x08a2,0x08a2,0x0fbe,0x0892,0x0892,0x08aa,0x0ca6,0x0000,0x0000,0x0f88,
    0x08fe,0x0f84,0x0884,0x0fb8,0x0840,0x07fc,0x0040,0x03f8,0x0040,0x0ffe,0x0000,0x0000,
    0x0f88,0x08be,0x0888,0x0fbe,0x08a2,0x08be,0x0fa2,0x08be,0x0888,0x087e,0x0c48,0x0000,
    0x0000,0x0f24,0x097e,0x0924,0x0f3c,0x0924,0x093c,0x0f24,0x097e,0x0900,0x0894,0x0ca2,
    0x0000,0x0000,0x024e,0x0ffa,0x024a,0x0fee,0x082a,0x07ea,0x028e,0x0b6a,0x068a,0x0a6a,
    0x018a,0x0000,0x0000,0x024e,0x0ffa,0x02aa,0x0eae,0x09fa,0x0eaa,0x02ee,0x0eaa,0x02ea,
    0x0aaa,0x0eaa,0x0000,0x0000,0x0040,0x0040,0x0ffe,0x0040,0x00e0,0x0150,0x0248,0x0444,
    0x0842,0x0040,0x0040,0x0000,0x0000,0x0040,0x07fc,0x0040,0x0040,0x0ffe,0x0040,0x0160,
    0x0250,0x0448,0x0846,0x0040,0x0000,0x0000,0x0040,0x0ffe,0x0040,0x0040,0x07fc,0x0040,
    0x0160,0x0250,0x0448,0x0846,0x0040,0x0000,0x0000,0x0040,0x0040,0x0ffe,0x0040,0x00e0,
    0x0150,0x0248,0x0444,0x09f2,0x0040,0x0040,0x0000,0x0000,0x0088,0x0088,0x00be,0x0088,
    0x0088,0x008c,0x009c,0x08aa,0x088a,0x0888,0x0f88,0x0000,0x0000,0x0440,0x0840,0x0ffe,
    0x0040,0x0248,0x0248,0x0248,0x0248,0x0a44,0x0e44,0x0040,0x0000,0x0000,0x0440,0x0840,
    0x0ffe,0x0040,0x00e0,0x0150,0x0248,0x0444,0x0842,0x0040,0x0040,0x0000,0x0000,0x0048,
    0x0048,0x07f8,0x0044,0x0042,0x0ffe,0x0040,0x0160,0x0258,0x0c46,0x0040,0x0000,0x0000,
    0x0108,0x0108,0x013e,0x0108,0x0308,0x050c,0x091c,0x112a,0x010a,0x0108,0x0108,0x0000,
    0x0000,0x01f0,0x0110,0x0110,0x0908,0x0e46,0x0040,0x0ffe,0x0160,0x0258,0x0c46,0x0040,
    0x0000,0x0000,0x0108,0x0108,0x0fde,0x0908,0x0908,0x090c,0x088c,0x089a,0x084a,0x0448,
    0x0308,0x0000,0x0000,0x07c8,0x0448,0x045e,0x0448,0x0448,0x044c,0x045c,0x044a,0x044a,
    0x0428,0x0c18,0x0000,0x0000,0x0fe8,0x0088,0x009e,0x0048,0x0fc8,0x080c,0x080c,0x081a,
    0x080a,0x0408,0x0388,0x0000,0x0000,0x040c,0x0330,0x00c0,0x0130,0x060c,0x0040,0x0ffe,
    0x0040,0x0248,0x0444,0x0862,0x0000,0x0000,0x0010,0x01fe,0x0110,0x0908,0x0f06,0x0040,
    0x0ffe,0x0040,0x0248,0x0444,0x0862,0x0000,0x0000,0x0fc8,0x0808,0x081e,0x0888,0x0888,
    0x050c,0x050c,0x021a,0x030a,0x0488,0x0868,0x0000,0x0000,0x0fc8,0x0208,0x023e,0x0208,
    0x0208,0x0fcc,0x021c,0x022a,0x020a,0x0208,0x0208,0x0000,0x0000,0x0fc8,0x0808,0x089e,
    0x0908,0x0808,0x048c,0x050c,0x021a,0x030a,0x0488,0x0868,0x0000,0x0000,0x0c08,0x0388,
    0x003e,0x0008,0x0c08,0x038c,0x001c,0x002a,0x000a,0x0c08,0x0388,0x0000,0x0000,0x0040,
    0x0ffe,0x0160,0x0258,0x0c46,0x03f8,0x0080,0x0040,0x0ffe,0x0040,0x0070,0x0000,0x0000,
    0x0040,0x0ffe,0x0040,0x0160,0x0258,0x0446,0x0840,0x03f8,0x0208,0x0208,0x03f8,0x0000,
    0x0000,0x0408,0x0408,0x0fde,0x0408,0x0608,0x050c,0x048c,0x045a,0x040a,0x0408,0x0708,
    0x0000,0x0000,0x0408,0x0408,0x0fde,0x0408,0x0408,0x044c,0x048c,0x041a,0x040a,0x0408,
    0x0708,0x0000,0x0000,0x0048,0x0fc8,0x085e,0x0828,0x0828,0x088c,0x090c,0x081a,0x080a,
    0x0408,0x0308,0x0000,0x0000,0x0208,0x0208,0x0fde,0x0208,0x0208,0x024c,0x028c,0x031a,
    0x020a,0x0588,0x0868,0x0000,0x0000,0x0508,0x0908,0x011e,0x0fe8,0x0208,0x020c,0x021c,
    0x042a,0x040a,0x0808,0x0808,0x0000,0x0000,0x0208,0x0208,0x021e,0x0fc8,0x0208,0x020c,
    0x020c,0x021a,0x020a,0x0208,0x0fc8,0x0000,0x0000,0x0fc8,0x0808,0x081e,0x0808,0x0fc8,
    0x004c,0x004c,0x005a,0x084a,0x0848,0x0f88,0x0000,0x0000,0x0040,0x0ffe,0x0040,0x07fc,
    0x0444,0x0444,0x07fc,0x0060,0x0150,0x0248,0x0c46,0x0000,0x0000,0x0fc8,0x0208,0x023e,
    0x0208,0x0208,0x020c,0x021c,0x022a,0x020a,0x0208,0x0fc8,0x0000,0x0000,0x03f0,0x020c,
    0x0120,0x00c0,0x0330,0x0c4e,0x0040,0x07fc,0x0160,0x0258,0x0c46,0x0000,0x0000,0x0040,
    0x07fc,0x0040,0x0248,0x0150,0x0040,0x0ffe,0x0160,0x0258,0x0c46,0x0040,0x0000,0x0000,
    0x0108,0x0fe8,0x005e,0x0048,0x0048,0x004c,0x004c,0x005a,0x004a,0x0048,0x0f88,0x0000,
    0x0000,0x07e8,0x0208,0x011e,0x0088,0x0fe8,0x0a8c,0x0a4c,0x092a,0x090a,0x0888,0x0648,
    0x0000,0x0000,0x0108,0x0108,0x055e,0x0928,0x0108,0x010c,0x018c,0x081a,0x040a,0x0308,
    0x00e8,0x0000,0x0000,0x0108,0x0fe8,0x001e,0x0008,0x07c8,0x044c,0x044c,0x044a,0x044a,
    0x0428,0x0c28,0x0000,0x0000,0x0fe8,0x0208,0x021e,0x0108,0x0108,0x058c,0x054c,0x093a,
    0x090a,0x0108,0x0108,0x0000,0x0000,0x0040,0x0ffe,0x0040,0x00e0,0x0358,0x0c46,0x0040,
    0x0040,0x0000,0x0494,0x0922,0x0000,0x0000,0x0040,0x0ffe,0x0040,0x07fc,0x0444,0x07fc,
    0x0444,0x07fc,0x0160,0x0258,0x0c46,0x0000,0x0000,0x07fc,0x0404,0x07fc,0x0404,0x07fc,
    0x0040,0x0ffe,0x0160,0x0258,0x0c46,0x0040,0x0000,0x0000,0x0040,0x0ffe,0x0040,0x0160,
    0x0258,0x0446,0x0bf8,0x0208,0x03f8,0x0208,0x03f8,0x0000,0x0000,0x0048,0x0fc8,0x023e,
    0x0228,0x0208,0x020c,0x0fec,0x020a,0x020a,0x0208,0x0208,0x0000,0x0000,0x0fc8,0x0a48,
    0x0a5e,0x0a48,0x0a48,0x0fcc,0x004c,0x005a,0x084a,0x0848,0x0fc8,0x0000,0x0000,0x07e8,
    0x0408,0x029e,0x0108,0x0fe8,0x090c,0x090c,0x051a,0x010a,0x0108,0x0188,0x0000,0x0000,
    0x0788,0x0408,0x045e,0x0848,0x0828,0x08ac,0x008c,0x044a,0x044a,0x0a28,0x09e8,0x0000,
    0x0000,0x0fc8,0x0048,0x005e,0x07c8,0x0448,0x044c,0x052c,0x052a,0x020a,0x0588,0x0868,
    0x0000,0x0000,0x07e8,0x0448,0x025e,0x0148,0x0748,0x042c,0x04ac,0x051a,0x020a,0x0588,
    0x0868,0x0000,0x0000,0x0048,0x0fc8,0x083e,0x08a8,0x0888,0x088c,0x0a4c,0x0a5a,0x0bca,
    0x0808,0x0608,0x0000,0x0000,0x0fe8,0x0488,0x049e,0x0488,0x0fe8,0x048c,0x048c,0x049a,
    0x048a,0x0448,0x0448,0x0000,0x0000,0x0248,0x0248,0x025e,0x0e48,0x03c8,0x024c,0x024c,
    0x025a,0x024a,0x0bc8,0x0e68,0x0000,0x0000,0x0fc8,0x0208,0x023e,0x0208,0x0208,0x0fcc,
    0x020c,0x021a,0x020a,0x0208,0x0fc8,0x0000,0x0000,0x0108,0x0fe8,0x009e,0x0088,0x0f88,
    0x084c,0x085c,0x082a,0x082a,0x0408,0x0308,0x0000,0x0000,0x0608,0x01c8,0x005e,0x0048,
    0x0fc8,0x044c,0x044c,0x044a,0x042a,0x0428,0x0408,0x0000,0x0000,0x0fc8,0x0408,0x045e,
    0x0448,0x0448,0x0fcc,0x050c,0x051a,0x048a,0x0448,0x0628,0x0000,0x0000,0x0408,0x0488,
    0x051e,0x0408,0x0448,0x048c,0x0c1c,0x070a,0x04ea,0x0408,0x0408,0x0000,0x0000,0x0108,
    0x0fe8,0x093e,0x0928,0x0908,0x030c,0x028c,0x029a,0x0a8a,0x0a48,0x0e38,0x0000,0x0000,
    0x0208,0x0208,0x0fde,0x0208,0x0208,0x031c,0x06ac,0x0a4a,0x022a,0x0208,0x0208,0x0000,
    0x0000,0x0088,0x0f88,0x04be,0x0448,0x0448,0x050c,0x051c,0x022a,0x020a,0x0588,0x0868,
    0x0000,0x0000,0x07fc,0x0444,0x07fc,0x0444,0x07fc,0x0040,0x0ffe,0x0160,0x0258,0x0c46,
    0x0040,0x0000,0x0000,0x0108,0x0ff8,0x010e,0x0108,0x07e8,0x040c,0x044c,0x044a,0x028a,
    0x0388,0x0c78,0x0000,0x0000,0x0fc8,0x0048,0x045e,0x04c8,0x0548,0x024c,0x024c,0x055a,
    0x08ca,0x0048,0x0fc8,0x0000,0x0000,0x0040,0x0ffe,0x0040,0x07fc,0x0444,0x01f0,0x0e4e,
    0x0070,0x0180,0x0038,0x03c0,0x0000,0x0000,0x0388,0x0448,0x083e,0x0008,0x07c8,0x044c,
    0x044c,0x065a,0x004a,0x0848,0x0f88,0x0000,0x0000,0x07e8,0x0428,0x053e,0x0568,0x05a8,
    0x052c,0x052c,0x06aa,0x04aa,0x0868,0x0818,0x0000,0x0000,0x0208,0x0208,0x0fde,0x0208,
    0x0208,0x020c,0x0fcc,0x085a,0x084a,0x0848,0x0fc8,0x0000,0x0000,0x0fe8,0x0108,0x092e,
    0x0548,0x0108,0x010c,0x0fec,0x010a,0x011a,0x0108,0x0108,0x0000,0x0000,0x0fc8,0x0848,
    0x087e,0x0848,0x0848,0x0fcc,0x000c,0x049a,0x048a,0x0848,0x0848,0x0000,0x0000,0x07c8,
    0x0448,0x045e,0x07c8,0x0008,0x000c,0x0fec,0x089a,0x088a,0x0848,0x0648,0x0000,0x0000,
    0x0f08,0x097e,0x0948,0x0948,0x0944,0x0f32,0x0040,0x0ffe,0x0160,0x0258,0x0c46,0x0000,
    0x0000,0x0048,0x0f48,0x09fe,0x0948,0x0948,0x094c,0x095c,0x092a,0x092a,0x0f08,0x00c8,
    0x0000,0x0000,0x0048,0x0fc8,0x083e,0x0828,0x09c8,0x094c,0x094c,0x09da,0x080a,0x0408,
    0x0308,0x0000,0x0000,0x0048,0x0fc8,0x083e,0x0bc8,0x0a48,0x0a4c,0x0bcc,0x0c5a,0x004a,
    0x0848,0x0fc8,0x0000,0x0000,0x0108,0x0fe8,0x083e,0x0828,0x0048,0x064c,0x01cc,0x005a,
    0x004a,0x0848,0x0fc8,0x0000,0x0000,0x0fe8,0x0108,0x011e,0x0fe8,0x0928,0x092c,0x0aac,
    0x0c6a,0x082a,0x0828,0x0c28,0x0000,0x0000,0x0088,0x0788,0x045e,0x02a8,0x0108,0x02cc,
    0x0c3c,0x018a,0x020a,0x00c8,0x0708,0x0000,0x0000,0x0108,0x0088,0x0fde,0x0848,0x0848,
    0x084c,0x0fcc,0x085a,0x084a,0x0848,0x0fc8,0x0000,0x0000,0x0110,0x0ffe,0x0110,0x01f0,
    0x0110,0x01f0,0x0040,0x0ffe,0x0160,0x0258,0x0c46,0x0000,0x0000,0x0848,0x0848,0x0ffe,
    0x0848,0x0848,0x0fcc,0x084c,0x085a,0x084a,0x0848,0x0fc8,0x0000,0x0000,0x0084,0x0f88,
    0x00e2,0x0884,0x0f08,0x0044,0x0ffe,0x0160,0x0258,0x0c46,0x0040,0x0000,0x0000,0x0084,
    0x03e8,0x0282,0x0a44,0x0e28,0x0044,0x0ffe,0x0160,0x0258,0x0c46,0x0040,0x0000,0x0000,
    0x03f8,0x0100,0x00a0,0x07fc,0x0460,0x0258,0x0040,0x0ffe,0x0160,0x0258,0x0c46,0x0000,
    0x0000,0x0fe8,0x0108,0x011e,0x0108,0x0088,0x0fcc,0x086c,0x085a,0x084a,0x0848,0x0fc8,
    0x0000,0x0000,0x0fe8,0x0928,0x093e,0x0fe8,0x0928,0x092c,0x0fec,0x010a,0x010a,0x0108,
    0x0108,0x0000,0x0000,0x0108,0x0108,0x0ffe,0x0928,0x0928,0x092c,0x0fec,0x092a,0x092a,
    0x0928,0x0fe8,0x0000,0x0000,0x0fc8,0x0048,0x005e,0x07c8,0x0448,0x044c,0x07cc,0x005a,
    0x004a,0x0048,0x0fc8,0x0000,0x0000,0x0608,0x01c8,0x005e,0x0048,0x0fc8,0x024c,0x034c,
    0x065a,0x0a2a,0x0228,0x0208,0x0000,0x0000,0x0048,0x0fc8,0x015e,0x0128,0x0f28,0x010c,
    0x010c,0x0f1a,0x010a,0x0108,0x0108,0x0000,0x0000,0x0108,0x0fe8,0x083e,0x0008,0x0fe8,
    0x020c,0x020c,0x021a,0x020a,0x0208,0x0388,0x0000,0x0000,0x0fc8,0x0248,0x025e,0x0248,
    0x0fc8,0x044c,0x044c,0x045a,0x09ca,0x0808,0x0be8,0x0000,0x0000,0x0040,0x0ffe,0x0150,
    0x0248,0x0ffe,0x0208,0x03f8,0x0208,0x03f8,0x0000,0x0ffe,0x0000,0x0000,0x0fe8,0x0128,
    0x073e,0x04a8,0x0468,0x022c,0x032c,0x04aa,0x086a,0x0028,0x0fe8,0x0000,0x0000,0x0040,
    0x0ffe,0x0040,0x07fc,0x064c,0x0554,0x0444,0x07fc,0x0160,0x0258,0x0c46,0x0000,0x0000,
    0x0fe8,0x0808,0x081e,0x09c8,0x0948,0x094c,0x094c,0x09da,0x080a,0x0808,0x0e08,0x0000,
    0x0000,0x0108,0x0208,0x0fde,0x0208,0x0208,0x020c,0x0fcc,0x021a,0x020a,0x0208,0x0fc8,
    0x0000,0x0000,0x0ee8,0x0a28,0x0a3e,0x0aa8,0x0aa8,0x0aac,0x0aec,0x0aaa,0x0e8a,0x0248,
    0x0248,0x0000,0x0000,0x0088,0x0cba,0x038a,0x008a,0x08fa,0x0f8e,0x0040,0x0ffe,0x0160,
    0x0258,0x0c46,0x0000,0x0000,0x0fe8,0x0aa8,0x0abe,0x0aa8,0x0aa8,0x0fec,0x0aac,0x0aaa,
    0x0aaa,0x0aa8,0x0c28,0x0000,0x0000,0x0108,0x0fe8,0x011e,0x0108,0x0fe8,0x092c,0x092c,
    0x092a,0x092a,0x0d28,0x0108,0x0000,0x0000,0x0ee8,0x0aa8,0x0abe,0x0aa8,0x0aa8,0x0fec,
    0x0aac,0x0aaa,0x0aaa,0x0aa8,0x0aa8,0x0000,0x0000,0x0fc8,0x0008,0x001e,0x0008,0x0fe8,
    0x010c,0x055c,0x054a,0x092a,0x0928,0x0188,0x0000,0x0000,0x0488,0x0888,0x0ffe,0x0088,
    0x0fe8,0x008c,0x090c,0x051a,0x020a,0x0588,0x0868,0x0000,0x0000,0x0088,0x0fe8,0x005e,
    0x0148,0x0128,0x0fec,0x010c,0x011a,0x054a,0x0928,0x0188,0x0000,0x0000,0x0448,0x0248,
    0x0ffe,0x0008,0x0008,0x000c,0x07cc,0x001a,0x000a,0x0008,0x0fe8,0x0000,0x0000,0x0408,
    0x04e8,0x0f9e,0x0488,0x04a8,0x054c,0x065c,0x044a,0x04aa,0x0498,0x0608,0x0000,0x0000,
    0x01c8,0x0288,0x045e,0x0828,0x0fe8,0x010c,0x010c,0x0fea,0x010a,0x0108,0x0fe8,0x0000,
    0x0000,0x0fe8,0x0288,0x029e,0x0fe8,0x0aa8,0x0aac,0x0aac,0x0e6a,0x082a,0x0828,0x0fe8,
    0x0000,0x0000,0x0ffe,0x00a0,0x07fc,0x04a4,0x04a4,0x07fc,0x0040,0x0ffe,0x0160,0x0258,
    0x0c46,0x0000,0x0000,0x0108,0x0fe8,0x001e,0x0448,0x0828,0x000c,0x044c,0x029a,0x010a,
    0x0288,0x0c68,0x0000,0x0000,0x0ee8,0x0888,0x089e,0x0aa8,0x0cc8,0x088c,0x0ccc,0x0aaa,
    0x099a,0x0888,0x0cc8,0x0000,0x0000,0x0128,0x0128,0x0fee,0x0118,0x0108,0x0fec,0x011c,
    0x038a,0x054a,0x0938,0x0108,0x0000,0x0000,0x0108,0x0fe8,0x091e,0x0508,0x0fe8,0x008c,
    0x0fcc,0x006a,0x0fda,0x0808,0x0608,0x0000,0x0000,0x0048,0x0fc8,0x003e,0x07c8,0x0548,
    0x054c,0x054c,0x0fea,0x044a,0x0448,0x0648,0x0000,0x0000,0x0448,0x0248,0x0ffe,0x0108,
    0x0108,0x0fcc,0x011c,0x010a,0x0fea,0x0108,0x0108,0x0000,0x0000,0x0108,0x0fe8,0x011e,
    0x0888,0x0448,0x028c,0x090c,0x04da,0x020a,0x0588,0x0868,0x0000,0x0000,0x0fc8,0x0848,
    0x0fde,0x0848,0x0848,0x0fcc,0x014c,0x095a,0x0a4a,0x0448,0x09c8,0x0000,0x0000,0x0088,
    0x0788,0x045e,0x02a8,0x0108,0x028c,0x0c5c,0x07ea,0x044a,0x0448,0x07c8,0x0000,0x0000,
    0x0510,0x097c,0x0110,0x0ffe,0x0210,0x0a10,0x0afe,0x0450,0x0498,0x0b16,0x08d0,0x0000,
    0x0000,0x023c,0x0fa4,0x02a4,0x02aa,0x0fd2,0x0210,0x0048,0x0ffe,0x0160,0x0258,0x0c46,
    0x0000,0x0000,0x0f48,0x0028,0x001e,0x0088,0x0f48,0x046c,0x045c,0x044a,0x044a,0x0448,
    0x0648,0x0000,0x0000,0x0108,0x0fc8,0x011e,0x0108,0x0fe8,0x010c,0x010c,0x0fda,0x010a,
    0x0108,0x0fe8,0x0000,0x0000,0x0288,0x0aa8,0x06de,0x0288,0x0288,0x068c,0x0adc,0x02aa,
    0x028a,0x0a48,0x0e38,0x0000,0x0000,0x0788,0x0448,0x023e,0x0fc8,0x0048,0x0f4c,0x094c,
    0x0d5a,0x014a,0x0928,0x0f28,0x0000,0x0000,0x0fe8,0x0028,0x0fbe,0x0228,0x0228,0x0fac,
    0x022c,0x022a,0x0faa,0x0028,0x0fe8,0x0000,0x0000,0x0040,0x0ffe,0x0822,0x0ffe,0x0210,
    0x01f0,0x0248,0x0ffe,0x0160,0x0258,0x0c46,0x0000,0x0000,0x0040,0x07c0,0x0040,0x03f8,
    0x0208,0x03f8,0x0208,0x0ffe,0x0160,0x0258,0x0c46,0x0000,0x0000,0x0fe8,0x0108,0x009e,
    0x0848,0x0fc8,0x020c,0x020c,0x0fda,0x020a,0x0208,0x0fe8,0x0000,0x0000,0x0fe8,0x0828,
    0x083e,0x0ba8,0x0828,0x0bac,0x0aac,0x0aaa,0x0baa,0x0828,0x0c28,0x0000,0x0000,0x03fc,
    0x0210,0x0110,0x00e0,0x0fbe,0x0924,0x0514,0x0ffe,0x0160,0x0258,0x0c46,0x0000,0x0000,
    0x0fe8,0x0008,0x0fde,0x0848,0x0848,0x0fcc,0x084c,0x085a,0x0fca,0x0008,0x0fe8,0x0000,
    0x0000,0x0208,0x0fe8,0x021e,0x0208,0x0fc8,0x000c,0x000c,0x0fda,0x084a,0x0848,0x0fc8,
    0x0000,0x0000,0x0088,0x0e68,0x083e,0x0828,0x0828,0x0eec,0x082c,0x083a,0x082a,0x0828,
    0x0fe8,0x0000,0x0000,0x0108,0x0928,0x055e,0x0108,0x0fe8,0x080c,0x080c,0x0fea,0x080a,
    0x0808,0x0fe8,0x0000,0x0000,0x0608,0x01c8,0x011e,0x0fe8,0x0288,0x044c,0x082c,0x048a,
    0x048a,0x0448,0x0448,0x0000,0x0000,0x0288,0x0a48,0x067e,0x0348,0x0a48,0x0e4c,0x001c,
    0x010a,0x0fea,0x0108,0x0108,0x0000,0x0000,0x0788,0x0848,0x003e,0x0fc8,0x0008,0x000c,
    0x0fcc,0x011a,0x088a,0x0848,0x0fc8,0x0000,0x0000,0x0090,0x0f92,0x0894,0x0950,0x0618,
    0x01d6,0x0040,0x0ffe,0x0160,0x0258,0x0c46,0x0000,0x0000,0x0108,0x0fc8,0x005e,0x0248,
    0x0248,0x0fcc,0x024c,0x025a,0x022a,0x0228,0x0fc8,0x0000,0x0000,0x0be8,0x0888,0x052e,
    0x0448,0x0008,0x07cc,0x020c,0x011a,0x0fea,0x0108,0x0188,0x0000,0x0000,0x07e8,0x0408,
    0x025e,0x0fe8,0x0928,0x0fec,0x092c,0x0fea,0x092a,0x0928,0x0d28,0x0000,0x0000,0x0788,
    0x0448,0x023e,0x0fc8,0x0948,0x0fcc,0x094c,0x0fda,0x084a,0x0828,0x0c28,0x0000,0x0000,
    0x0fc8,0x0848,0x0fde,0x0848,0x0fc8,0x000c,0x0fcc,0x021a,0x0fea,0x0208,0x0208,0x0000,
    0x0000,0x07c8,0x0512,0x0d44,0x0520,0x0488,0x0244,0x0ffe,0x0160,0x0258,0x0c46,0x0040,
    0x0000,0x0000,0x0ee8,0x0488,0x045e,0x0428,0x0fe8,0x048c,0x04ac,0x04aa,0x0f4a,0x00c8,
    0x0f38,0x0000,0x0000,0x0048,0x0fc8,0x003e,0x07e8,0x0448,0x054c,0x0fec,0x042a,0x052a,
    0x0fe8,0x0208,0x0000,0x0000,0x0f48,0x09e8,0x095e,0x0548,0x03e8,0x054c,0x094c,0x09fa,
    0x094a,0x0728,0x0128,0x0000,0x0000,0x0248,0x0fc8,0x025e,0x0208,0x0fc8,0x020c,0x000c,
    0x0fda,0x084a,0x0848,0x0fc8,0x0000,0x0000,0x0108,0x0fe8,0x045e,0x0448,0x0248,0x0fec,
    0x010c,0x011a,0x0fea,0x0108,0x0108,0x0000,0x0000,0x07c8,0x0048,0x0fde,0x0048,0x0fc8,
    0x0a4c,0x0a4c,0x0fda,0x00aa,0x08a8,0x0f88,0x0000,0x0000,0x0fe8,0x0108,0x0ffe,0x0928,
    0x0fe8,0x092c,0x0fec,0x010a,0x014a,0x0288,0x0c68,0x0000,0x0000,0x0088,0x0f88,0x0454,
    0x04b4,0x0396,0x0d74,0x0114,0x0ff4,0x0194,0x0544,0x0934,0x0000,0x0000,0x0020,0x03fc,
    0x0204,0x0ffc,0x0004,0x07fc,0x0440,0x0ffe,0x0160,0x0258,0x0c46,0x0000,0x0000,0x0fc8,
    0x0848,0x085e,0x0fc8,0x0108,0x008c,0x0fec,0x082a,0x082a,0x0828,0x0fe8,0x0000,0x0000,
    0x0108,0x0948,0x055e,0x0108,0x0fc8,0x084c,0x0fcc,0x085a,0x0fca,0x0848,0x0c48,0x0000,
    0x0000,0x0208,0x0fbe,0x0308,0x069c,0x0a4a,0x0228,0x07f0,0x042c,0x0240,0x0180,0x007c,
    0x0000,0x0000,0x0fe8,0x0108,0x0fde,0x0888,0x0888,0x0fec,0x000c,0x0fda,0x084a,0x0848,
    0x0fc8,0x0000,0x0000,0x097e,0x0908,0x097e,0x0918,0x096c,0x0c0a,0x0040,0x0ffe,0x0160,
    0x0258,0x0c46,0x0000,0x0000,0x0488,0x0448,0x0ffe,0x0248,0x0a48,0x0c3c,0x078c,0x046a,
    0x024a,0x0388,0x0c68,0x0000,0x0000,0x0488,0x0288,0x0ffe,0x0908,0x0fe8,0x012c,0x0fec,
    0x090a,0x098a,0x0948,0x0728,0x0000,0x0000,0x0a08,0x0fe8,0x021e,0x02a8,0x0aa8,0x0bfc,
    0x0aac,0x04aa,0x04aa,0x0a08,0x0988,0x0000,0x0000,0x0088,0x0fe8,0x049e,0x0448,0x0be8,
    0x080c,0x054c,0x055a,0x054a,0x0528,0x0d28,0x0000,0x0000,0x0208,0x0fbe,0x0208,0x071c,
    0x0aaa,0x0208,0x01f0,0x0110,0x0930,0x0948,0x0f06,0x0000,0x0000,0x0108,0x0fe8,0x011e,
    0x0fe8,0x0108,0x0fec,0x048c,0x0ffa,0x044a,0x04a8,0x0608,0x0000,0x0000,0x0388,0x0448,
    0x083e,0x07c8,0x0008,0x088c,0x092c,0x094a,0x044a,0x0408,0x0fe8,0x0000,0x0000,0x0040,
    0x0ffe,0x0210,0x07fc,0x0248,0x0ffe,0x0248,0x07fc,0x0160,0x0258,0x0c46,0x0000,0x0000,
    0x0108,0x0fc8,0x085e,0x0fc8,0x0848,0x0fcc,0x011c,0x0fea,0x092a,0x0d28,0x0108,0x0000,
    0x0000,0x0448,0x0fe8,0x045e,0x07c8,0x0448,0x07cc,0x044c,0x0fea,0x000a,0x0448,0x0828,
    0x0000,0x0000,0x0fc8,0x0848,0x0fde,0x0848,0x0fc8,0x024c,0x024c,0x0eda,0x024a,0x0a48,
    0x0ee8,0x0000,0x0000,0x0108,0x0fe8,0x009e,0x0fe8,0x0248,0x0ffc,0x052c,0x0bda,0x010a,
    0x0fe8,0x0108,0x0000,0x0000,0x0108,0x0fe8,0x083e,0x07c8,0x0008,0x000c,0x0fec,0x011a,
    0x054a,0x0928,0x0188,0x0000,0x0000,0x0040,0x0ffe,0x0444,0x04e4,0x0358,0x0c46,0x07fc,
    0x0444,0x04e4,0x0358,0x0c46,0x0000,0x0000,0x0208,0x0fbe,0x0208,0x0fbe,0x0aaa,0x0aaa,
    0x069a,0x0208,0x071c,0x0aaa,0x0208,0x0000,0x0000,0x0ee8,0x0aa8,0x0abe,0x0ee8,0x0aa8,
    0x0aac,0x0aac,0x0eea,0x0aaa,0x0aa8,0x0aa8,0x0000,0x0000,0x0108,0x0fe8,0x011e,0x0fe8,
    0x0928,0x0fec,0x093c,0x0fea,0x018a,0x0548,0x0938,0x0000,0x0000,0x0248,0x0ffe,0x0802,
    0x09f2,0x0110,0x01f0,0x0040,0x0ffe,0x0160,0x0258,0x0c46,0x0000,0x0000,0x0108,0x0fc8,
    0x091e,0x0fe8,0x0908,0x0fcc,0x091c,0x05aa,0x034a,0x0528,0x0998,0x0000,0x0000,0x0848,
    0x0ff8,0x024e,0x0988,0x0e68,0x024c,0x0ffc,0x044a,0x028a,0x0988,0x0e78,0x0000,0x0000,
    0x00b8,0x0f84,0x04bc,0x04a4,0x033c,0x0cc2,0x0040,0x0ffe,0x0250,0x0448,0x0846,0x0000,
    0x0000,0x0040,0x07fc,0x0150,0x0248,0x0444,0x0208,0x0fbe,0x0208,0x071c,0x0aaa,0x0208,
    0x0000,0x0000,0x0108,0x0fe8,0x011e,0x0fe8,0x0288,0x0c6c,0x079c,0x046a,0x024a,0x0388,
    0x0c68,0x0000,0x0000,0x0108,0x0fe8,0x091e,0x0fe8,0x0908,0x0fcc,0x008c,0x0ffa,0x044a,
    0x03c8,0x0c38,0x0000,0x0000,0x0fe8,0x0928,0x0ffe,0x0928,0x0928,0x0fec,0x010c,0x0ffa,
    0x018a,0x0548,0x0928,0x0000,0x0000,0x0108,0x0f08,0x013e,0x0fc8,0x0848,0x0fcc,0x084c,
    0x0fda,0x010a,0x0fe8,0x0108,0x0000,0x0000,0x0108,0x0fe8,0x083e,0x07c8,0x0448,0x07cc,
    0x004c,0x0fda,0x084a,0x0848,0x0fc8,0x0000,0x0000,0x0110,0x0ffe,0x0110,0x0208,0x07fc,
    0x0a12,0x0148,0x0ffe,0x0160,0x0258,0x0c46,0x0000,0x0000,0x0108,0x0fe8,0x083e,0x0ee8,
    0x0aa8,0x0aac,0x0aac,0x0eda,0x028a,0x0a48,0x0e38,0x0000,0x0000,0x0108,0x0fe8,0x001e,
    0x0fc8,0x0848,0x0fcc,0x040c,0x021a,0x0fea,0x0208,0x0388,0x0000,0x0000,0x0108,0x0fe8,
    0x029e,0x0448,0x0828,0x0fec,0x080c,0x09ea,0x092a,0x09e8,0x0c08,0x0000,0x0000,0x0208,
    0x0fe8,0x001e,0x0fc8,0x0848,0x084c,0x0fcc,0x021a,0x0a4a,0x0a28,0x0308,0x0000,0x0000,
    0x0108,0x0fe8,0x011e,0x07c8,0x0448,0x07cc,0x044c,0x07ca,0x044a,0x0448,0x0fe8,0x0000,
    0x0000,0x0488,0x0488,0x0fde,0x0248,0x0fe8,0x024c,0x024c,0x0fda,0x024a,0x0248,0x0fc8,
    0x0000,0x0000,0x0fe8,0x0288,0x029e,0x0ee8,0x0828,0x082c,0x0eec,0x028a,0x028a,0x0288,
    0x0fe8,0x0000,0x0000,0x0e48,0x09c8,0x085e,0x0a48,0x0bf8,0x0a4c,0x0a4c,0x04ea,0x055a,
    0x0a48,0x0968,0x0000,0x0000,0x0448,0x0248,0x0fee,0x0288,0x0288,0x0aac,0x06cc,0x029a,
    0x028a,0x0288,0x0fe8,0x0000,0x0000,0x02e8,0x0fa8,0x02be,0x0168,0x0fa8,0x08ac,0x0fac,
    0x08aa,0x0fea,0x08a8,0x0ca8,0x0000,0x0000,0x0ef8,0x0aa8,0x0aee,0x0aa8,0x06a8,0x0aec,
    0x0aac,0x0aaa,0x0aea,0x06b8,0x0288,0x0000,0x0000,0x07e8,0x0528,0x05fe,0x0528,0x0d28,
    0x00ec,0x072c,0x05ea,0x053a,0x0328,0x0ce8,0x0000,0x0000,0x0448,0x0fe8,0x045e,0x07c8,
    0x0448,0x044c,0x0ffc,0x02aa,0x0e6a,0x0028,0x0fc8,0x0000,0x0000,0x0fc8,0x0448,0x07ee,
    0x0208,0x0ff8,0x014c,0x0b8c,0x066a,0x0b8a,0x0a78,0x0188,0x0000,0x0000,0x0108,0x0fe8,
    0x011e,0x0fe8,0x0488,0x0ffc,0x084c,0x0fea,0x085a,0x0848,0x0fc8,0x0000,0x0000,0x07e8,
    0x0428,0x07fe,0x0428,0x0fe8,0x002c,0x0ffc,0x0a4a,0x092a,0x0898,0x0648,0x0000,0x0000,
    0x0fe8,0x0828,0x0ffe,0x08a8,0x0be8,0x0aac,0x0aac,0x0bea,0x089a,0x0a88,0x0be8,0x0000,
    0x0000,0x0048,0x0fe8,0x0a5e,0x0ae8,0x0948,0x0cec,0x014c,0x0ffa,0x028a,0x0448,0x0838,
    0x0000,0x0000,0x02e8,0x0288,0x0fae,0x0248,0x03f8,0x068c,0x06cc,0x0aaa,0x0a9a,0x0288,
    0x02c8,0x0000,0x0000,0x0208,0x0fbe,0x0308,0x069c,0x0a4a,0x0000,0x0ffe,0x0840,0x03c8,
    0x0078,0x0f86,0x0000,0x0000,0x0108,0x0fe8,0x011e,0x0fe8,0x0d68,0x092c,0x0fec,0x018a,
    0x054a,0x0938,0x0108,0x0000,0x0000,0x0fe8,0x0aa8,0x0abe,0x0fe8,0x0108,0x0fec,0x008c,
    0x0f9a,0x088a,0x0848,0x0648,0x0000,0x0000,0x0108,0x0fe8,0x011e,0x0fe8,0x0aa8,0x0aac,
    0x0fec,0x092a,0x0fea,0x0928,0x0d28,0x0000,0x0000,0x0248,0x0fe8,0x029e,0x0fe8,0x0aa8,
    0x0aac,0x0e6c,0x082a,0x0fea,0x0828,0x0fe8,0x0000,0x0000,0x0fe8,0x0928,0x0fee,0x0028,
    0x0fa8,0x08ac,0x0fac,0x08aa,0x0faa,0x0898,0x0f88,0x0000,0x0000,0x0108,0x0f08,0x011e,
    0x0fc8,0x0848,0x0fcc,0x084c,0x0fda,0x000a,0x0488,0x0868,0x0000,0x0000,0x0548,0x0fe8,
    0x055e,0x0748,0x0048,0x0fcc,0x011c,0x0fea,0x018a,0x0548,0x0938,0x0000,0x0000,0x07c8,
    0x0448,0x045e,0x0fe8,0x0448,0x07cc,0x044c,0x07da,0x0c4a,0x07e8,0x0408,0x0000,0x0000,
    0x04a8,0x02a8,0x0ffe,0x0110,0x0110,0x07fc,0x0040,0x0ffe,0x0160,0x0258,0x0c46,0x0000,
    0x0000,0x0108,0x0fe8,0x091e,0x0508,0x0fe8,0x008c,0x0fcc,0x086a,0x0fda,0x0848,0x0fc8,
    0x0000,0x0000,0x0c08,0x03e8,0x023e,0x0fe8,0x0228,0x0fac,0x08ac,0x0faa,0x089a,0x0888,
    0x0f88,0x0000,0x0000,0x0fe8,0x0048,0x0ede,0x0888,0x0ae8,0x0aac,0x04ac,0x06ea,0x098a,
    0x0048,0x0fe8,0x0000,0x0000,0x0228,0x0ee8,0x023e,0x0a28,0x0ee8,0x010c,0x0fec,0x082a,
    0x0fea,0x0828,0x0fe8,0x0000,0x0000,0x0388,0x0278,0x0a4e,0x0a48,0x0bf8,0x024c,0x024c,
    0x056a,0x055a,0x08c8,0x0848,0x0000,0x0000,0x03e8,0x0248,0x0fde,0x0a48,0x09a8,0x065c,
    0x000c,0x0fea,0x0aaa,0x0aa8,0x0ff8,0x0000,0x0000,0x0948,0x0548,0x0ffe,0x0548,0x0928,
    0x008c,0x0ffc,0x044a,0x026a,0x0388,0x0c68,0x0000,0x0000,0x0fe8,0x0528,0x05fe,0x0528,
    0x0f28,0x05ec,0x042c,0x05aa,0x066a,0x0508,0x0cc8,0x0000,0x0000,0x0288,0x0ea8,0x01ae,
    0x04a8,0x0888,0x07ec,0x042c,0x052a,0x052a,0x0ac8,0x0e38,0x0000,0x0000,0x07c8,0x0828,
    0x0fde,0x0008,0x0ae8,0x0aac,0x0aec,0x0aaa,0x0aea,0x08a8,0x0ca8,0x0000,0x0000,0x0908,
    0x0fe8,0x011e,0x0fe8,0x0928,0x0fec,0x092c,0x040a,0x0fea,0x0448,0x0688,0x0000,0x0000,
    0x0f48,0x09e8,0x093e,0x05e8,0x0328,0x052c,0x09ec,0x093a,0x09aa,0x0768,0x0128,0x0000,
    0x0000,0x0108,0x0ff8,0x0a4e,0x0428,0x0998,0x024c,0x042c,0x0ffa,0x042a,0x0428,0x07e8,
    0x0000,0x0000,0x0108,0x0ff8,0x008e,0x0fe8,0x0248,0x0fec,0x051c,0x0fea,0x018a,0x0548,
    0x0938,0x0000,0x0000,0x0108,0x0fe8,0x049e,0x0488,0x0fe8,0x092c,0x0fcc,0x009a,0x0f8a,
    0x0848,0x0648,0x0000,0x0000,0x0fe8,0x0528,0x053e,0x0de8,0x0528,0x052c,0x0dec,0x052a,
    0x04aa,0x0028,0x0fe8,0x0000,0x0000,0x0108,0x0fe8,0x0abe,0x0288,0x0a68,0x0f8c,0x014c,
    0x0f3a,0x010a,0x0f08,0x0108,0x0000,0x0000,0x0248,0x0fc8,0x027e,0x0fc8,0x0248,0x024c,
    0x0fcc,0x011a,0x0fea,0x0108,0x0108,0x0000,0x0000,0x0848,0x09e8,0x0f3e,0x09e8,0x0928,
    0x0bec,0x0d2c,0x09fa,0x094a,0x0928,0x0d98,0x0000,0x0000,0x0954,0x0552,0x02a8,0x0444,
    0x0ffe,0x0842,0x0bfa,0x0040,0x0370,0x0c4e,0x0040,0x0000,0x0000,0x0108,0x0fe8,0x001e,
    0x07c8,0x0448,0x0fec,0x044c,0x07da,0x0a8a,0x0468,0x09c8,0x0000,0x0000,0x0f68,0x0a28,
    0x0abe,0x09a8,0x0d68,0x000c,0x0fec,0x093a,0x0fea,0x0928,0x0fe8,0x0000,0x0000,0x0108,
    0x0fe8,0x08be,0x0288,0x0fc8,0x026c,0x0fdc,0x024a,0x0fca,0x0248,0x0fc8,0x0000,0x0000,
    0x07c8,0x0448,0x05de,0x0448,0x05c8,0x000c,0x0ffc,0x0aaa,0x0cca,0x0aa8,0x0dd8,0x0000,
    0x0000,0x0108,0x0fe8,0x045e,0x07c8,0x0008,0x0fec,0x082c,0x0baa,0x0aaa,0x0ba8,0x0c28,
    0x0000,0x0000,0x0788,0x04bc,0x0464,0x0fac,0x04a4,0x033e,0x04a4,0x0ffe,0x0160,0x0258,
    0x0c46,0x0000,0x0000,0x0f94,0x08be,0x0f88,0x08aa,0x0fbe,0x0888,0x0044,0x0ffe,0x0160,
    0x0258,0x0c46,0x0000,0x0000,0x0248,0x0fe8,0x025e,0x0fe8,0x0248,0x0fec,0x092c,0x0fea,
    0x092a,0x0ff8,0x0828,0x0000,0x0000,0x0228,0x0f48,0x090e,0x0f28,0x0148,0x0f0c,0x097c,
    0x094a,0x0f4a,0x00a8,0x0f18,0x0000,0x0000,0x0788,0x0848,0x0ffe,0x0848,0x0fc8,0x084c,
    0x0fcc,0x004a,0x0faa,0x08a8,0x0f88,0x0000,0x0000,0x0248,0x0fe8,0x011e,0x0fc8,0x0108,
    0x0fec,0x008c,0x0fca,0x022a,0x0208,0x0fe8,0x0000,0x0000,0x0088,0x0fe8,0x093e,0x0fe8,
    0x0928,0x092c,0x0fec,0x055a,0x0d4a,0x0128,0x0e28,0x0000,0x0000,0x0fc8,0x0108,0x0fee,
    0x0008,0x0fc8,0x084c,0x0fcc,0x085a,0x0fca,0x0488,0x0868,0x0000,0x0000,0x0108,0x0fe8,
    0x011e,0x0fc8,0x0848,0x0fcc,0x084c,0x0fea,0x000a,0x0448,0x0828,0x0000,0x0000,0x0288,
    0x0ea8,0x01be,0x04a8,0x08a8,0x088c,0x000c,0x0fea,0x0aaa,0x0aa8,0x0ff8,0x0000,0x0000,
    0x0e48,0x0bf8,0x0a0e,0x0be8,0x0628,0x0bec,0x0a8c,0x0a4a,0x0bfa,0x0648,0x0268,0x0000,
    0x0000,0x0a08,0x0fe8,0x02be,0x03a8,0x0aa8,0x0bec,0x0aac,0x049a,0x05ca,0x0aa8,0x0988,
    0x0000,0x0000,0x08e8,0x0a98,0x0cfe,0x08a8,0x09f8,0x0aac,0x08ac,0x0cfa,0x0b8a,0x0888,
    0x08c8,0x0000,0x0000,0x0f12,0x0ade,0x0510,0x0fde,0x0454,0x0692,0x0040,0x0ffe,0x0160,
    0x0258,0x0c46,0x0000,0x0000,0x0248,0x0ff8,0x0a4e,0x0ff8,0x0a48,0x0ffc,0x042c,0x07ea,
    0x042a,0x0428,0x07e8,0x0000,0x0000,0x0488,0x0fe8,0x049e,0x0fc8,0x0a48,0x0a4c,0x0fcc,
    0x021a,0x0fca,0x0208,0x0fe8,0x0000,0x0000,0x0108,0x0fe8,0x011e,0x0fe8,0x0488,0x0dfc,
    0x084c,0x0dea,0x085a,0x0848,0x0fc8,0x0000,0x0000,0x0448,0x02e4,0x0aaa,0x04e4,0x0aaa,
    0x0eee,0x0040,0x0ffe,0x0160,0x0258,0x0c46,0x0000,0x0000,0x0548,0x0528,0x0a9e,0x0808,
    0x0248,0x022c,0x0ebc,0x02aa,0x02aa,0x03a8,0x0e68,0x0000,0x0000,0x02a8,0x0f5e,0x02a8,
    0x075c,0x0aaa,0x0358,0x0040,0x0ffe,0x00a0,0x0318,0x0c06,0x0000,0x0000,0x0108,0x0fe8,
    0x092e,0x0ff8,0x0928,0x0fec,0x092c,0x0fea,0x044a,0x03c8,0x0c38,0x0000,0x0000,0x0fe8,
    0x0108,0x0ffe,0x0928,0x0da8,0x010c,0x0fec,0x004a,0x0fea,0x0828,0x0708,0x0000,0x0000,
    0x0fe8,0x0288,0x0ffe,0x0aa8,0x0fe8,0x000c,0x0fec,0x000a,0x0fea,0x0548,0x09a8,0x0000,
    0x0000,0x0fe8,0x0028,0x07be,0x04a8,0x07a8,0x002c,0x0eec,0x0aba,0x0eea,0x0028,0x0fc8,
    0x0000,0x0000,0x0208,0x0fe8,0x048e,0x0fe8,0x0848,0x0fcc,0x084c,0x0fda,0x020a,0x0fe8,
    0x0208,0x0000,0x0000,0x0488,0x0fe8,0x049e,0x0fc8,0x0848,0x0fcc,0x085c,0x0fea,0x010a,
    0x0488,0x0868,0x0000,0x0000,0x0248,0x0fe8,0x011e,0x0fc8,0x0108,0x07ec,0x088c,0x056a,
    0x034a,0x0528,0x0998,0x0000,0x0000,0x0248,0x0fe8,0x024e,0x0ff8,0x0928,0x0fec,0x092c,
    0x0fea,0x000a,0x0448,0x0828,0x0000,0x0000,0x0ee8,0x0aa8,0x0abe,0x0aa8,0x0aa8,0x054c,
    0x08ac,0x0fea,0x048a,0x0388,0x0c68,0x0000,0x0000,0x0488,0x0fc8,0x027e,0x0fc8,0x0248,
    0x0fcc,0x025c,0x0fca,0x000a,0x0aa8,0x0aa8,0x0000,0x0000,0x0aa8,0x0fe8,0x049e,0x0488,
    0x0fe8,0x010c,0x0fcc,0x011a,0x0fea,0x0488,0x0868,0x0000,0x0000,0x0888,0x09e8,0x0e9e,
    0x09e8,0x0808,0x0bec,0x0d2c,0x09ea,0x094a,0x0948,0x0de8,0x0000,0x0000,0x0488,0x0fe8,
    0x049e,0x0fe8,0x0548,0x0ffc,0x054c,0x0fea,0x010a,0x0fe8,0x0108,0x0000,0x0000,0x0248,
    0x0fe8,0x029e,0x0fe8,0x0aa8,0x0e6c,0x082c,0x0ffa,0x040a,0x0448,0x0688,0x0000,0x0000,
    0x02e8,0x0e48,0x0bfe,0x0aa8,0x08e8,0x0aac,0x0aec,0x04aa,0x04ea,0x0ab8,0x0988,0x0000,
    0x0000,0x07e8,0x0048,0x07fe,0x0848,0x0fc8,0x000c,0x0eec,0x044a,0x0ffa,0x0448,0x0dc8,
    0x0000,0x0000,0x0108,0x0fe8,0x010e,0x0ff8,0x0448,0x0eec,0x044c,0x0ffa,0x028a,0x0a48,
    0x0e38,0x0000,0x0000,0x0fe8,0x0108,0x0ffe,0x0248,0x0668,0x0bdc,0x000c,0x0fea,0x0aaa,
    0x0ba8,0x0c28,0x0000,0x0000,0x07c8,0x0208,0x0ffe,0x0948,0x0528,0x0fec,0x0aac,0x0e6a,
    0x0baa,0x0aa8,0x0ba8,0x0000,0x0000,0x09e8,0x0508,0x0abe,0x0448,0x0fc8,0x002c,0x0fcc,
    0x085a,0x0fca,0x0488,0x0fe8,0x0000,0x0000,0x0ff4,0x0154,0x0f5e,0x0af4,0x0a24,0x0aac,
    0x02f6,0x0524,0x0524,0x0894,0x0894,0x0000,0x0000,0x0548,0x0b28,0x055e,0x0aa8,0x0fe8,
    0x050c,0x0fec,0x024a,0x0aca,0x0428,0x0b28,0x0000,0x0000,0x07c8,0x0228,0x0ffe,0x0928,
    0x0928,0x0fec,0x028c,0x0b6a,0x068a,0x0a68,0x0188,0x0000,0x0000,0x02e8,0x0fa8,0x02be,
    0x0f68,0x04a8,0x0fac,0x08ac,0x0faa,0x08ea,0x0fa8,0x08a8,0x0000,0x0000,0x0108,0x0fe8,
    0x049e,0x0488,0x0fe8,0x094c,0x0fcc,0x095a,0x0fca,0x0108,0x0fe8,0x0000,0x0000,0x0248,
    0x0fe8,0x025e,0x03c8,0x0008,0x0fec,0x054c,0x07da,0x054a,0x07c8,0x0838,0x0000,0x0000,
    0x0fe8,0x0828,0x09fe,0x0e28,0x09e8,0x0b2c,0x0dec,0x095a,0x094a,0x0948,0x0de8,0x0000,
    0x0000,0x0fe8,0x0948,0x0fde,0x0948,0x0fc8,0x000c,0x0fec,0x094a,0x0fca,0x0948,0x0fe8,
    0x0000,0x0000,0x0108,0x0ff8,0x0aae,0x0ba8,0x0828,0x0fec,0x044c,0x07da,0x044a,0x0448,
    0x0fe8,0x0000,0x0000,0x0248,0x0ee8,0x0abe,0x09e8,0x08a8,0x0afc,0x0a2c,0x04ea,0x049a,
    0x0a88,0x0968,0x0000,0x0000,0x07c8,0x0928,0x0ffe,0x0928,0x0aa8,0x0fec,0x010c,0x0fea,
    0x08aa,0x0ba8,0x0c28,0x0000,0x0000,0x07c8,0x0228,0x0ffe,0x0528,0x0ce8,0x022c,0x0fec,
    0x002a,0x0fda,0x0848,0x0fc8,0x0000,0x0000,0x0548,0x0fe8,0x0abe,0x0aa8,0x0388,0x000c,
    0x0fec,0x093a,0x0fea,0x0928,0x0fe8,0x0000,0x0000,0x013c,0x0fe4,0x04bc,0x0fe2,0x013e,
    0x0fe4,0x0124,0x0ffe,0x0160,0x0258,0x0c46,0x0000,0x0000,0x07c8,0x0828,0x0fde,0x0008,
    0x0fe8,0x0aac,0x0fec,0x085a,0x0fca,0x0848,0x0fc8,0x0000,0x0000,0x00a4,0x0ffe,0x04a4,
    0x057c,0x0356,0x0cdc,0x0040,0x0ffe,0x0160,0x0258,0x0c46,0x0000,0x0000,0x07c8,0x0828,
    0x0fde,0x0008,0x0ee8,0x0aac,0x0aac,0x0eea,0x044a,0x0aa8,0x0918,0x0000,0x0000,0x0108,
    0x0fe8,0x055e,0x0548,0x0ba8,0x010c,0x0fec,0x0aaa,0x0baa,0x0828,0x0fe8,0x0000,0x0000,
    0x0108,0x0ff8,0x0aae,0x0ba8,0x0828,0x0fec,0x000c,0x0ffa,0x010a,0x0528,0x0998,0x0000,
    0x0000,0x0248,0x0ff8,0x024e,0x0fe8,0x0828,0x07ec,0x028c,0x0b6a,0x068a,0x0a68,0x0188,
    0x0000,0x0000,0x0108,0x0fe8,0x011e,0x0fe8,0x0808,0x07ec,0x010c,0x0ffa,0x08aa,0x0aa8,
    0x0ce8,0x0000,0x0000,0x0108,0x0fe8,0x011e,0x07c8,0x0448,0x0fec,0x092c,0x049a,0x07ca,
    0x0108,0x0fe8,0x0000,0x0000,0x0108,0x0fe8,0x083e,0x0fc8,0x0528,0x07cc,0x046c,0x07da,
    0x044a,0x07c8,0x0c38,0x0000,0x0000,0x0108,0x0ff8,0x094e,0x0458,0x0bc8,0x000c,0x0fec,
    0x0aaa,0x0ffa,0x0108,0x01c8,0x0000,0x0000,0x03e8,0x02a8,0x0ffe,0x0128,0x01e8,0x0eac,
    0x008c,0x0fea,0x0aaa,0x0aa8,0x0ff8,0x0000,0x0000,0x0fe8,0x0228,0x0fbe,0x0aa8,0x0fe8,
    0x08ac,0x0fac,0x08aa,0x0faa,0x0528,0x0fe8,0x0000,0x0000,0x0ee8,0x0aa8,0x0efe,0x0aa8,
    0x0fe8,0x0aac,0x0bac,0x092a,0x0baa,0x0aa8,0x0ba8,0x0000,0x0000,0x0128,0x0fe8,0x055e,
    0x0ee8,0x0aa8,0x0aec,0x0aac,0x0aea,0x0a2a,0x0ea8,0x0368,0x0000,0x0000,0x04a8,0x0bd8,
    0x066e,0x0bd8,0x0e78,0x03cc,0x010c,0x0ffa,0x018a,0x0548,0x0938,0x0000,0x0000,0x0108,
    0x0fe8,0x08be,0x09e8,0x0ea8,0x09ec,0x0b2c,0x0dfa,0x094a,0x0948,0x0de8,0x0000,0x0000,
    0x0fe8,0x04a8,0x0ffe,0x04a8,0x0ee8,0x05ac,0x022c,0x0eaa,0x029a,0x0288,0x0fe8,0x0000,
    0x0000,0x0fe8,0x0108,0x0ffe,0x0928,0x0b68,0x0dac,0x000c,0x0fea,0x0aaa,0x0aa8,0x0fe8,
    0x0000,0x0000,0x0ee8,0x0aa8,0x0efe,0x0aa8,0x0ee8,0x052c,0x089c,0x0fea,0x048a,0x0388,
    0x0c68,0x0000,0x0000,0x0ee8,0x0aa8,0x0efe,0x0aa8,0x0ee8,0x092c,0x0fec,0x0aaa,0x0baa,
    0x0d68,0x0928,0x0000,0x0000,0x0488,0x0ff8,0x0aae,0x0ee8,0x0488,0x0fcc,0x026c,0x0fda,
    0x024a,0x0248,0x0fc8,0x0000,0x0000,0x0444,0x0aea,0x0404,0x0aea,0x0404,0x0eee,0x04a4,
    0x0ffe,0x0160,0x0258,0x0c46,0x0000,0x0000,0x01f8,0x0f48,0x01fe,0x0f48,0x0af8,0x0f2c,
    0x05ec,0x042a,0x07ea,0x0a48,0x0e38,0x0000,0x0000,0x0008,0x07f8,0x0448,0x0444,0x0244,
    0x0040,0x00a0,0x00a0,0x0110,0x0208,0x0c06,0x0000,0x0000,0x0040,0x0fc0,0x094e,0x0920,
    0x0520,0x0100,0x0108,0x0284,0x0282,0x0440,0x0830,0x0000,0x0000,0x0040,0x0fde,0x0950,
    0x0930,0x0512,0x0114,0x0108,0x0288,0x0294,0x0444,0x0822,0x0000,0x0000,0x00b0,0x0f8c,
    0x0a84,0x0a84,0x0a7c,0x0214,0x0214,0x0514,0x0512,0x0892,0x0850,0x0000,0x0000,0x00be,
    0x0f82,0x0a92,0x0a96,0x0a8a,0x020a,0x0216,0x0522,0x0502,0x089e,0x0860,0x0000,0x0000,
    0x0094,0x0fa2,0x0a80,0x0a98,0x0a24,0x0242,0x0200,0x053e,0x0522,0x08a2,0x087e,0x0000,
    0x0000,0x00e4,0x0f98,0x0ae6,0x0a88,0x0afe,0x0214,0x027c,0x0556,0x0554,0x08f4,0x0890,
    0x0000,0x0000,0x0084,0x0fa2,0x0abe,0x0a84,0x0a7c,0x0214,0x0212,0x057e,0x0510,0x08a8,
    0x0846,0x0000,0x0000,0x0088,0x0fbe,0x0a88,0x0a94,0x0aa2,0x027e,0x0220,0x052e,0x052a,
    0x08ae,0x0870,0x0000,0x0000,0x00a4,0x0fbe,0x0aa4,0x0abc,0x0aa4,0x023c,0x0224,0x057e,
    0x0500,0x0894,0x0862,0x0000,0x0000,0x0098,0x0fa4,0x0a82,0x0abe,0x0a88,0x023e,0x0208,
    0x052a,0x052a,0x0888,0x087e,0x0000,0x0000,0x0088,0x0ffe,0x0a88,0x0abe,0x0a80,0x023e,
    0x0200,0x057e,0x0508,0x08aa,0x086a,0x0000,0x0000,0x00be,0x0f90,0x0afe,0x0a90,0x0a76,
    0x0252,0x0252,0x0576,0x0552,0x08d2,0x087e,0x0000,0x0000,0x0088,0x0fbe,0x0a94,0x0a54,
    0x023e,0x0200,0x023e,0x0522,0x053e,0x08a2,0x087e,0x0000,0x0000,0x00be,0x0fa2,0x0abe,
    0x0aa2,0x0abe,0x0204,0x027e,0x054a,0x0552,0x08ce,0x0860,0x0000,0x0000,0x00a4,0x0ffe,
    0x0a94,0x0afe,0x0a54,0x027e,0x0254,0x057e,0x0514,0x08b6,0x0854,0x0000,0x0000,0x00fe,
    0x0faa,0x0aaa,0x0aae,0x0aa0,0x027e,0x0220,0x052e,0x052a,0x08ae,0x0870,0x0000,0x0000,
    0x0094,0x0ffe,0x0a94,0x0abe,0x0aaa,0x023e,0x0208,0x057e,0x0508,0x0894,0x0862,0x0000,
    0x0000,0x00be,0x0f82,0x0aba,0x0aaa,0x0aba,0x0202,0x023e,0x052a,0x053e,0x0882,0x087c,
    0x0000,0x0000,0x00b8,0x0f88,0x0afe,0x0a8a,0x0a7e,0x020a,0x027a,0x052a,0x056e,0x08a8,
    0x087e,0x0000,0x0000,0x009c,0x0fa2,0x0afe,0x0aa2,0x0abe,0x0200,0x027e,0x0548,0x055a,
    0x08ec,0x085a,0x0000,0x0000,0x00ee,0x0f9a,0x0ace,0x0aba,0x0ae6,0x02aa,0x02aa,0x05fe,
    0x0500,0x08a4,0x0842,0x0000,0x0000,0x0088,0x0ffe,0x0aaa,0x0aee,0x0a48,0x02fc,0x0226,
    0x057c,0x0524,0x08a4,0x087c,0x0000,0x0000,0x0040,0x0040,0x0040,0x0044,0x07c4,0x0044,
    0x0044,0x0044,0x0044,0x0044,0x0ffe,0x0000,0x0000,0x0ffe,0x0040,0x0040,0x0040,0x0048,
    0x07c8,0x0048,0x0048,0x0048,0x0048,0x0ffe,0x0000,0x0000,0x0088,0x0088,0x0088,0x0c8a,
    0x03ba,0x008a,0x008a,0x008a,0x088a,0x08ba,0x0f86,0x0000,0x0000,0x0040,0x07c8,0x0048,
    0x0048,0x0ffe,0x0040,0x0448,0x0264,0x0100,0x00c0,0x003c,0x0000,0x0000,0x053c,0x0900,
    0x0100,0x0ffe,0x0210,0x0210,0x0274,0x0414,0x0414,0x08f4,0x080e,0x0000,0x0000,0x0108,
    0x0fc8,0x010a,0x013a,0x07ca,0x040a,0x044a,0x044a,0x02ba,0x0386,0x0c60,0x0000,0x0000,
    0x0ffe,0x0080,0x0060,0x0358,0x0c46,0x0040,0x07fc,0x0040,0x03c8,0x0048,0x0ffe,0x0000,
    0x0000,0x07c8,0x0048,0x0ffe,0x0500,0x0ffc,0x0a04,0x0afc,0x0424,0x046a,0x0a22,0x0992,
    0x0000,0x0000,0x0ffc,0x0444,0x03bc,0x0224,0x0ffc,0x0634,0x0aac,0x0084,0x0792,0x0092,
    0x0ff8,0x0000,0x0000,0x07c4,0x041e,0x0fd2,0x043e,0x0fe2,0x093e,0x0fe8,0x0948,0x095a,
    0x0d4a,0x013e,0x0000,0x0000,0x0ffe,0x0020,0x0020,0x07e0,0x0410,0x042c,0x0240,0x0280,
    0x0100,0x00c0,0x003c,0x0000,0x0000,0x0ffe,0x0088,0x0088,0x00b8,0x0ca4,0x03a4,0x00aa,
    0x0090,0x0890,0x0888,0x0f86,0x0000,0x0000,0x0e1e,0x01c4,0x0104,0x011c,0x0112,0x0ff2,
    0x0114,0x0108,0x0108,0x0104,0x0102,0x0000,0x0000,0x009e,0x0f84,0x0884,0x085c,0x0652,
    0x0012,0x0fd4,0x0888,0x0488,0x0304,0x0ce2,0x0000,0x0000,0x011e,0x0fc4,0x0944,0x095c,
    0x0952,0x0952,0x0ff4,0x0108,0x0288,0x0444,0x0832,0x0000,0x0000,0x039e,0x0444,0x0824,
    0x061c,0x01d2,0x0012,0x0614,0x01c8,0x0808,0x0604,0x01e2,0x0000,0x0000,0x011e,0x0884,
    0x0844,0x0fdc,0x0012,0x0012,0x0fd4,0x0848,0x0848,0x0844,0x0fc2,0x0000,0x0000,0x005e,
    0x0fc4,0x0844,0x083c,0x09d2,0x0952,0x09d4,0x0948,0x09c8,0x0404,0x0302,0x0000,0x0000,
    0x025e,0x0244,0x0fc4,0x025c,0x0212,0x0fd2,0x0214,0x0308,0x0688,0x0a64,0x0202,0x0000,
    0x0000,0x091e,0x0fe4,0x0104,0x0fdc,0x0112,0x0ff2,0x0914,0x0508,0x0308,0x02c4,0x0c32,
    0x0000,0x0000,0x0bde,0x0884,0x0524,0x045c,0x0012,0x0f92,0x0414,0x0208,0x0fc8,0x0204,
    0x0302,0x0000,0x0000,0x011e,0x0fe4,0x0104,0x07dc,0x0452,0x07d2,0x0454,0x07c8,0x0448,
    0x0444,0x0fe2,0x0000,0x0000,0x085e,0x0fe4,0x0484,0x0b1c,0x0cf2,0x0252,0x0ff4,0x0458,
    0x0288,0x0984,0x0e72,0x0000,0x0000,0x0fde,0x0844,0x0fc4,0x001c,0x0fd2,0x0852,0x0fd4,
    0x0848,0x0fc8,0x0484,0x0862,0x0000,0x0000,0x009e,0x0fc4,0x0464,0x07dc,0x0452,0x0fd2,
    0x0094,0x0fe8,0x0a48,0x0924,0x0682,0x0000,0x0000,0x011e,0x0fe4,0x0104,0x0ffc,0x0812,
    0x07d2,0x0454,0x07c8,0x0288,0x0284,0x0ff2,0x0000,0x0000,0x0eee,0x0aa4,0x0aa4,0x0efc,
    0x0012,0x0ff2,0x0934,0x0fe8,0x0928,0x0ff4,0x0102,0x0000,0x0000,0x0ffe,0x0924,0x0fe4,
    0x092c,0x0fea,0x000a,0x0ffc,0x0928,0x0fe8,0x0924,0x0ff2,0x0000,0x0000,0x079e,0x0844,
    0x0fa4,0x001c,0x0fd2,0x0a52,0x0a54,0x0fc8,0x0488,0x0a44,0x0922,0x0000,0x0000,0x011e,
    0x0fe4,0x0824,0x0fdc,0x0532,0x07d2,0x0474,0x07c8,0x0448,0x07c4,0x0c32,0x0000,0x0000,
    0x0aae,0x0b54,0x0224,0x0ffc,0x04aa,0x05ba,0x0cac,0x05b8,0x04a8,0x0aa4,0x09fa,0x0000,
    0x0000,0x01f0,0x0110,0x0910,0x0908,0x0e06,0x0000,0x03fc,0x0210,0x0110,0x00e0,0x0f1e,
    0x0000,0x0000,0x07be,0x0482,0x0492,0x0496,0x0c4a,0x000a,0x0fd6,0x0892,0x0482,0x031e,
    0x0ce0,0x0000,0x0000,0x03d8,0x0246,0x0242,0x0a5e,0x0e22,0x001e,0x07e2,0x0442,0x025e,
    0x0382,0x0c72,0x0000,0x0000,0x07be,0x0482,0x04be,0x04a2,0x0c7e,0x0022,0x0ffe,0x0882,
    0x04be,0x0322,0x0cd8,0x0000,0x0000,0x07a0,0x0496,0x0498,0x04a4,0x0c82,0x0028,0x0fbe,
    0x0888,0x049c,0x032a,0x0cc8,0x0000,0x0000,0x0788,0x04be,0x0488,0x04be,0x0c62,0x001e,
    0x0fc0,0x089c,0x0494,0x0332,0x0cc2,0x0000,0x0000,0x07be,0x04a2,0x04a2,0x04be,0x0c92,
    0x003e,0x07d2,0x04be,0x0482,0x0394,0x0c62,0x0000,0x0000,0x0784,0x04b2,0x04a2,0x04b6,
    0x0c62,0x003e,0x0fc8,0x08be,0x0488,0x0338,0x0cc6,0x0000,0x0000,0x0784,0x04b2,0x04a2,
    0x04b6,0x0c62,0x003e,0x0fc0,0x08be,0x0488,0x0338,0x0cc6,0x0000,0x0000,0x0788,0x04be,
    0x0494,0x0494,0x0c7e,0x002a,0x0fd4,0x089a,0x04b4,0x0312,0x0ccc,0x0000,0x0000,0x07be,
    0x0482,0x04ba,0x04aa,0x0c7a,0x0002,0x0fbe,0x08aa,0x04be,0x0302,0x0cfc,0x0000,0x0000,
    0x07f8,0x0448,0x0448,0x0448,0x0ffe,0x0444,0x0444,0x0444,0x0ffe,0x0420,0x0310,0x0000,
    0x0000,0x07f8,0x0408,0x0448,0x0488,0x0ffe,0x0404,0x0444,0x0484,0x0ffe,0x0400,0x0300,
    0x0000,0x0000,0x0008,0x0ff8,0x0004,0x07f4,0x0450,0x0490,0x0ffe,0x0448,0x0488,0x0ffc,
    0x0200,0x0000,0x0000,0x0040,0x0ffe,0x0040,0x07fc,0x0040,0x0ffe,0x0248,0x0ffe,0x0244,
    0x0ffc,0x0120,0x0000,0x0000,0x0104,0x0ffc,0x0482,0x045e,0x0bf6,0x0812,0x057e,0x0552,
    0x0556,0x0552,0x0d3e,0x0000,0x0000,0x0084,0x0084,0x0084,0x0c84,0x03bc,0x0084,0x0084,
    0x0084,0x0884,0x08b4,0x0f8e,0x0000,0x0000,0x0084,0x0c84,0x03bc,0x0084,0x08b4,0x0f0e,
    0x0000,0x0040,0x0ffe,0x0040,0x0040,0x0000,0x0000,0x0c84,0x03bc,0x0084,0x08b4,0x0f0e,
    0x0020,0x0240,0x0514,0x0892,0x0460,0x079c,0x0000,0x0000,0x0120,0x013e,0x092a,0x05ea,
    0x032a,0x013e,0x012a,0x012a,0x092a,0x093e,0x0ee0,0x0000,0x0000,0x0c84,0x03bc,0x0084,
    0x08b4,0x0f0e,0x0000,0x0ffe,0x00a4,0x07aa,0x0890,0x0f8e,0x0000,0x0000,0x0380,0x007c,
    0x0620,0x01e0,0x003c,0x0c20,0x03e0,0x003e,0x0820,0x0820,0x0fc0,0x0000,0x0000,0x0118,
    0x0f06,0x0104,0x011c,0x0fc6,0x0844,0x085c,0x0fc6,0x0004,0x0804,0x0ff8,0x0000,0x0000,
    0x0040,0x0ffe,0x0110,0x0110,0x0ffe,0x0822,0x07e0,0x003c,0x07e0,0x083e,0x0fc0,0x0000,
    0x0000,0x0518,0x0906,0x07f4,0x092c,0x0546,0x0114,0x054c,0x0926,0x0184,0x0804,0x0ff8,
    0x0000,0x0000,0x0958,0x0526,0x0284,0x0454,0x090c,0x0546,0x0554,0x028c,0x0446,0x0824,
    0x0ff8,0x0000,0x0000,0x0fe0,0x003e,0x07e0,0x083e,0x0fe0,0x0000,0x0fbe,0x0104,0x0ffe,
    0x0104,0x0f3c,0x0000,0x0000,0x0218,0x0f66,0x0a44,0x0a2c,0x0f66,0x0244,0x0f6c,0x0246,
    0x0fa4,0x0004,0x0ff8,0x0000,0x0000,0x00aa,0x0f88,0x047e,0x0552,0x035e,0x0c82,0x03c0,
    0x0c3c,0x03e0,0x083e,0x0fc0,0x0000,0x0000,0x0c10,0x03fe,0x02aa,0x0eba,0x0382,0x02fe,
    0x0e44,0x03fc,0x0244,0x0a44,0x0efe,0x0000,0x0000,0x0700,0x00fc,0x0084,0x0084,0x0084,
    0x0ffc,0x0104,0x0104,0x0204,0x0264,0x0c1e,0x0000,0x0000,0x0700,0x00fc,0x0084,0x0084,
    0x0ffc,0x0084,0x0104,0x0104,0x0a7e,0x0c00,0x01fc,0x0000,0x0000,0x07fc,0x0404,0x0404,
    0x07fc,0x0084,0x0084,0x0ffc,0x0104,0x0104,0x0a64,0x0c1e,0x0000,0x0000,0x0fc4,0x0844,
    0x0844,0x0fde,0x0242,0x0242,0x0fc2,0x0442,0x0442,0x085c,0x09c0,0x0000,0x0000,0x0004,
    0x0ffc,0x0004,0x03f2,0x0000,0x07fe,0x0400,0x0400,0x0400,0x0800,0x0800,0x0000,0x0000,
    0x0004,0x0ffc,0x0004,0x07f2,0x0000,0x07fe,0x0400,0x0420,0x0420,0x0810,0x080c,0x0000,
    0x0000,0x0004,0x0ffc,0x0004,0x03f2,0x0000,0x07fe,0x0400,0x047c,0x05c8,0x0908,0x08c6,
    0x0000,0x0000,0x0004,0x0ffc,0x0004,0x07f2,0x0000,0x07fe,0x0400,0x0490,0x0490,0x0888,
    0x0886,0x0000,0x0000,0x0004,0x0ffc,0x0002,0x03fa,0x0000,0x07fe,0x0420,0x0524,0x0524,
    0x0924,0x09fc,0x0000,0x0000,0x0004,0x0ffc,0x0004,0x07f2,0x0000,0x07fe,0x0400,0x04a8,
    0x04a8,0x08a4,0x08a2,0x0000,0x0000,0x0004,0x0ffc,0x0004,0x03f2,0x0000,0x07fe,0x04c8,
    0x0504,0x05fa,0x0890,0x08cc,0x0000,0x0000,0x0004,0x0ffc,0x0004,0x03f2,0x0000,0x07fe,
    0x0550,0x05fc,0x0454,0x09fe,0x0948,0x0000,0x0000,0x0004,0x0ffc,0x0002,0x03fa,0x0000,
    0x07fe,0x0488,0x0478,0x04a6,0x0908,0x0810,0x0000,0x0000,0x0004,0x0ffc,0x0004,0x03f2,
    0x0000,0x07fe,0x0480,0x0460,0x059c,0x0820,0x09fe,0x0000,0x0000,0x0004,0x0ffc,0x0004,
    0x03f2,0x0000,0x07fe,0x04a8,0x0420,0x05fe,0x08a8,0x0926,0x0000,0x0000,0x0008,0x0ff8,
    0x0004,0x03f4,0x0000,0x07fc,0x0524,0x05fc,0x0524,0x0954,0x09fc,0x0000,0x0000,0x0004,
    0x0ffc,0x0004,0x03f2,0x0000,0x07fe,0x0448,0x053c,0x0490,0x094e,0x0930,0x0000,0x0000,
    0x0004,0x0ffc,0x0004,0x03f2,0x0000,0x07fe,0x0488,0x05fc,0x0420,0x09fe,0x0820,0x0000,
    0x0000,0x0004,0x0ffc,0x0004,0x03f2,0x0000,0x07fe,0x0524,0x05fe,0x0488,0x0878,0x0986,
    0x0000,0x0000,0x0004,0x0ffc,0x0002,0x03fa,0x0000,0x07fe,0x0504,0x05fc,0x0450,0x0948,
    0x09c6,0x0000,0x0000,0x0004,0x0ffc,0x0004,0x03f2,0x0000,0x07fe,0x0454,0x04a8,0x05fc,
    0x0810,0x09fe,0x0000,0x0000,0x0004,0x0ffc,0x0004,0x03f2,0x0000,0x07fe,0x0488,0x0504,
    0x05dc,0x0850,0x0bfe,0x0000,0x0000,0x0004,0x0ffc,0x0004,0x03f2,0x0000,0x07fe,0x0524,
    0x04d8,0x0622,0x0954,0x0b8e,0x0000,0x0000,0x0004,0x0ffc,0x0004,0x03f2,0x0000,0x07fe,
    0x0488,0x05fe,0x0524,0x08a8,0x0926,0x0000,0x0000,0x0004,0x0ffc,0x0002,0x03fa,0x0000,
    0x07fe,0x0420,0x07fe,0x0504,0x09fc,0x0904,0x0000,0x0000,0x0004,0x0ffc,0x0004,0x03f2,
    0x0000,0x07fe,0x0524,0x0554,0x05fc,0x0954,0x0bfe,0x0000,0x0000,0x0040,0x0040,0x0440,
    0x025e,0x0150,0x00d0,0x0148,0x0248,0x0444,0x0842,0x0060,0x0000,0x0000,0x0070,0x0000,
    0x0478,0x0240,0x015e,0x00d0,0x0150,0x0248,0x0444,0x0842,0x0070,0x0000,0x0000,0x07e0,
    0x0422,0x0424,0x0420,0x0422,0x0724,0x0020,0x0020,0x0828,0x0824,0x0fe2,0x0000,0x0000,
    0x0ff0,0x0202,0x0204,0x0200,0x0202,0x0204,0x0200,0x0200,0x0208,0x0204,0x0382,0x0000,
    0x0000,0x0100,0x0102,0x0104,0x0fe0,0x0102,0x0104,0x0100,0x0100,0x0108,0x0104,0x0102,
    0x0000,0x0000,0x0440,0x0840,0x07fe,0x0040,0x0444,0x02c8,0x0140,0x0260,0x0458,0x0846,
    0x0060,0x0000,0x0000,0x0fe0,0x0022,0x0024,0x0020,0x0022,0x0024,0x0020,0x0020,0x0028,
    0x0024,0x0fe2,0x0000,0x0000,0x0fc0,0x0804,0x0808,0x0840,0x0842,0x0484,0x0500,0x0200,
    0x0308,0x0484,0x0862,0x0000,0x0000,0x0fe0,0x0802,0x0904,0x0a00,0x0842,0x0444,0x0280,
    0x0100,0x0288,0x0444,0x0832,0x0000,0x0000,0x03e0,0x0222,0x0224,0x0220,0x0262,0x02a4,
    0x0220,0x0224,0x0a24,0x0a12,0x0e12,0x0000,0x0000,0x0080,0x0f82,0x0884,0x0840,0x0822,
    0x0484,0x0500,0x0204,0x0104,0x00c2,0x0032,0x0000,0x0000,0x0100,0x0102,0x0104,0x0920,
    0x0922,0x0924,0x0920,0x0920,0x0928,0x0924,0x0fe2,0x0000,0x0000,0x0fe0,0x0102,0x0104,
    0x0100,0x0102,0x0fe4,0x0100,0x0100,0x0108,0x0104,0x0102,0x0000,0x0000,0x07e0,0x0102,
    0x0104,0x0100,0x0ff2,0x0104,0x0100,0x0100,0x0108,0x0104,0x01c2,0x0000,0x0000,0x07f0,
    0x0442,0x0444,0x0440,0x0442,0x05f4,0x0440,0x0440,0x0448,0x0844,0x0842,0x0000,0x0000,
    0x0080,0x0082,0x0ff4,0x0440,0x0442,0x0444,0x0420,0x0264,0x0384,0x0462,0x081a,0x0000,
    0x0000,0x07fc,0x0040,0x0040,0x0ffe,0x0040,0x045c,0x02d0,0x0148,0x0244,0x0c42,0x0070,
    0x0000,0x0000,0x0fe0,0x0102,0x0104,0x0100,0x0102,0x0104,0x0100,0x0100,0x0108,0x0104,
    0x0fe2,0x0000,0x0000,0x0080,0x06a2,0x05a4,0x04e0,0x04b2,0x04a4,0x06a0,0x00a4,0x0824,
    0x0822,0x0fe2,0x0000,0x0000,0x07e0,0x0002,0x0004,0x0ff0,0x0042,0x0024,0x0fe0,0x0800,
    0x0808,0x0404,0x0382,0x0000,0x0000,0x07e0,0x0202,0x0104,0x0080,0x0fe2,0x0a84,0x0a40,
    0x0920,0x0908,0x0884,0x0642,0x0000,0x0000,0x0fe0,0x0822,0x0824,0x0820,0x0822,0x0fe4,
    0x0820,0x0820,0x0828,0x0824,0x0fe2,0x0000,0x0000,0x0fe0,0x0102,0x0104,0x0100,0x0102,
    0x0fe4,0x0100,0x0100,0x0108,0x0104,0x0fe2,0x0000,0x0000,0x0100,0x0102,0x0ff4,0x0100,
    0x0102,0x0284,0x0280,0x0444,0x0444,0x08a2,0x0912,0x0000,0x0000,0x07f0,0x0442,0x0244,
    0x0140,0x07c2,0x0424,0x04a0,0x0514,0x0214,0x0582,0x0862,0x0000,0x0000,0x0080,0x0082,
    0x0ff4,0x0080,0x0082,0x0284,0x0480,0x0880,0x0088,0x0084,0x0082,0x0000,0x0000,0x0100,
    0x0102,0x0ff4,0x0440,0x0442,0x0444,0x0280,0x0280,0x0108,0x02c4,0x0c32,0x0000,0x0000,
    0x0a10,0x0a12,0x0a54,0x0a90,0x0912,0x0914,0x0a90,0x0a54,0x0a34,0x0812,0x0ff2,0x0000,
    0x0000,0x0100,0x0fe2,0x0904,0x0900,0x0902,0x0fe4,0x0100,0x0100,0x0288,0x0444,0x0832,
    0x0000,0x0000,0x0020,0x0fe2,0x0014,0x03d0,0x0002,0x07f4,0x0400,0x0400,0x0408,0x0804,
    0x0802,0x0000,0x0000,0x07c0,0x0402,0x0424,0x0820,0x0812,0x0ff4,0x0440,0x0444,0x0424,
    0x0422,0x0302,0x0000,0x0000,0x00c0,0x0302,0x0004,0x0040,0x0442,0x0454,0x0850,0x0854,
    0x0044,0x0442,0x0782,0x0000,0x0000,0x0600,0x01e2,0x0024,0x0020,0x0fe2,0x0224,0x0220,
    0x0224,0x0214,0x0212,0x0202,0x0000,0x0000,0x0600,0x01e2,0x0104,0x0100,0x0102,0x0ff4,
    0x0100,0x0104,0x0284,0x0442,0x0832,0x0000,0x0000,0x0fe0,0x0002,0x0004,0x0000,0x0ff2,
    0x0244,0x0240,0x0244,0x0a44,0x0a22,0x0e1a,0x0000,0x0000,0x0100,0x0fe2,0x0004,0x0000,
    0x07c2,0x0444,0x0440,0x0440,0x0448,0x0424,0x0c22,0x0000,0x0000,0x0100,0x0fe2,0x0924,
    0x0920,0x0922,0x0304,0x0280,0x0280,0x0a88,0x0a44,0x0e32,0x0000,0x0000,0x0ff0,0x0812,
    0x0814,0x0240,0x0242,0x0244,0x0240,0x0244,0x0a44,0x0a22,0x0e1a,0x0000,0x0000,0x0080,
    0x0ff2,0x0084,0x0490,0x0492,0x0494,0x07f0,0x0090,0x0880,0x0884,0x0f82,0x0000,0x0000,
    0x0f20,0x0a22,0x0a24,0x0af0,0x0a22,0x0a24,0x0920,0x0920,0x0928,0x08e4,0x0682,0x0000,
    0x0000,0x0100,0x0102,0x0ff4,0x0100,0x0102,0x0184,0x0340,0x0524,0x0914,0x0102,0x0102,
    0x0000,0x0000,0x0040,0x07c2,0x0444,0x0420,0x0322,0x0004,0x07e0,0x0440,0x0248,0x0384,
    0x0c72,0x0000,0x0000,0x0040,0x08de,0x0550,0x0248,0x0c66,0x0000,0x07fc,0x0404,0x07fc,
    0x0404,0x07fc,0x0000,0x0000,0x0ff0,0x0102,0x0104,0x0f20,0x0922,0x0924,0x0920,0x0fe0,
    0x0808,0x0404,0x0302,0x0000,0x0000,0x0100,0x0102,0x0fe4,0x0920,0x0922,0x0924,0x0fe0,
    0x0100,0x0108,0x0104,0x0102,0x0000,0x0000,0x0120,0x0122,0x0924,0x05e0,0x0322,0x0124,
    0x0120,0x0120,0x0128,0x09e4,0x0f32,0x0000,0x0000,0x0100,0x0102,0x0524,0x0920,0x0112,
    0x0104,0x0180,0x0800,0x0408,0x0304,0x00e2,0x0000,0x0000,0x0100,0x0102,0x0104,0x0100,
    0x0f22,0x0124,0x0120,0x0124,0x0124,0x0122,0x0ff2,0x0000,0x0000,0x0100,0x0fe2,0x0104,
    0x0100,0x0fe2,0x0924,0x0920,0x0920,0x0928,0x0d24,0x0102,0x0000,0x0000,0x0020,0x0fe2,
    0x0814,0x0890,0x0882,0x0844,0x0a40,0x0a20,0x0be8,0x0804,0x0602,0x0000,0x0000,0x03c0,
    0x0242,0x0244,0x0a40,0x0e22,0x0004,0x07e0,0x0444,0x0244,0x0382,0x0c72,0x0000,0x0000,
    0x0fe0,0x0022,0x0424,0x04a0,0x0322,0x0224,0x0520,0x08a0,0x0868,0x0024,0x0fe2,0x0000,
    0x0000,0x0fe0,0x0022,0x0124,0x0120,0x0fe2,0x0924,0x0920,0x0924,0x0894,0x0892,0x0642,
    0x0000,0x0000,0x0380,0x0442,0x0824,0x0010,0x0042,0x0644,0x01c0,0x0040,0x0048,0x0844,
    0x0f82,0x0000,0x0000,0x0380,0x0442,0x0824,0x0010,0x07c2,0x0444,0x0440,0x0640,0x0048,
    0x0844,0x0f82,0x0000,0x0000,0x0080,0x0102,0x0fe4,0x0820,0x0822,0x0fe4,0x0020,0x0024,
    0x0024,0x0012,0x0012,0x0000,0x0000,0x0100,0x0ff2,0x0104,0x0100,0x0fe2,0x0104,0x0100,
    0x0384,0x0544,0x0932,0x0102,0x0000,0x0000,0x07e0,0x0422,0x0424,0x07e0,0x0422,0x0424,
    0x07e0,0x0420,0x0428,0x0424,0x0ff2,0x0000,0x0000,0x0080,0x0ff2,0x0814,0x0810,0x0042,
    0x0644,0x01c0,0x0040,0x0048,0x0844,0x0f82,0x0000,0x0000,0x0ff0,0x0402,0x0404,0x04e0,
    0x04a2,0x04a4,0x04a0,0x04e0,0x0408,0x0404,0x0702,0x0000,0x0000,0x0140,0x07f2,0x0544,
    0x07f0,0x0152,0x0154,0x0ff0,0x0944,0x0944,0x0722,0x011a,0x0000,0x0000,0x0100,0x0102,
    0x0fe4,0x0920,0x0922,0x0924,0x0fe0,0x0920,0x0928,0x0924,0x0fe2,0x0000,0x0000,0x0fe0,
    0x0922,0x0924,0x0920,0x0922,0x0fe4,0x0920,0x0920,0x0928,0x0924,0x0fe2,0x0000,0x0000,
    0x0080,0x0842,0x0824,0x0fe0,0x0002,0x0004,0x0fe0,0x0820,0x0828,0x0824,0x0fe2,0x0000,
    0x0000,0x0fe0,0x0882,0x0884,0x0840,0x0622,0x0004,0x0fc0,0x0840,0x0848,0x0844,0x0fc2,
    0x0000,0x0000,0x0100,0x0102,0x0fe4,0x0100,0x0102,0x0104,0x0fe0,0x0820,0x0828,0x0824,
    0x0fe2,0x0000,0x0000,0x0080,0x0082,0x0f84,0x0080,0x0082,0x0084,0x0fe0,0x0820,0x0828,
    0x0824,0x0fe2,0x0000,0x0000,0x0240,0x0242,0x0244,0x0220,0x0c12,0x0004,0x07e0,0x0424,
    0x0424,0x0422,0x07e2,0x0000,0x0000,0x07e0,0x0422,0x0424,0x0420,0x07e2,0x0144,0x0140,
    0x0144,0x0944,0x0922,0x0e1a,0x0000,0x0000,0x0520,0x0522,0x0524,0x0ff0,0x0522,0x0524,
    0x0520,0x0720,0x0028,0x0024,0x0fe2,0x0000,0x0000,0x0fe0,0x0922,0x0924,0x0920,0x0922,
    0x0924,0x0aa0,0x0c60,0x0828,0x0824,0x0fe2,0x0000,0x0000,0x0020,0x03f8,0x0208,0x03f8,
    0x0208,0x03f8,0x0440,0x02de,0x0150,0x0248,0x0c66,0x0000,0x0000,0x0100,0x0082,0x0fe4,
    0x0820,0x0822,0x0824,0x0fe0,0x0820,0x0828,0x0824,0x0fe2,0x0000,0x0000,0x00c0,0x0502,
    0x0404,0x0240,0x0242,0x0954,0x0950,0x08d4,0x0044,0x0462,0x0792,0x0000,0x0000,0x0270,
    0x0242,0x0244,0x0270,0x0212,0x0214,0x0170,0x0944,0x0944,0x0942,0x0f32,0x0000,0x0000,
    0x0100,0x0fe2,0x0104,0x0100,0x0102,0x0fe4,0x0080,0x0440,0x0448,0x0b24,0x08e2,0x0000,
    0x0000,0x0ee0,0x0a22,0x0aa4,0x0aa0,0x0aa2,0x0aa4,0x0aa0,0x0ae0,0x0e88,0x0244,0x0242,
    0x0000,0x0000,0x0fe0,0x0aa2,0x0aa4,0x0aa0,0x0aa2,0x0aa4,0x0e60,0x0820,0x0828,0x0fe4,
    0x0822,0x0000,0x0000,0x0ff0,0x0102,0x0104,0x0920,0x0542,0x0104,0x0100,0x0ff4,0x0104,
    0x0102,0x0102,0x0000,0x0000,0x0e00,0x01e2,0x0104,0x0100,0x0fe2,0x0804,0x0400,0x0224,
    0x0124,0x00d2,0x0f12,0x0000,0x0000,0x0e00,0x01e2,0x0124,0x0120,0x0fe2,0x0224,0x0220,
    0x0420,0x04e8,0x0804,0x09e2,0x0000,0x0000,0x0100,0x0fe2,0x0824,0x0000,0x0fe2,0x0204,
    0x0200,0x0200,0x0208,0x0204,0x0382,0x0000,0x0000,0x0380,0x0442,0x0824,0x07e0,0x0002,
    0x0004,0x0fe0,0x0880,0x0888,0x0684,0x0082,0x0000,0x0000,0x0040,0x0fc2,0x0824,0x0bf0,
    0x0a22,0x0a24,0x0be0,0x0420,0x0028,0x0824,0x0fc2,0x0000,0x0000,0x0100,0x0fe2,0x0924,
    0x0120,0x07e2,0x0424,0x04a0,0x0514,0x0214,0x0582,0x0862,0x0000,0x0000,0x0080,0x0082,
    0x0ff4,0x0000,0x0442,0x0444,0x0440,0x0240,0x0248,0x0204,0x0ff2,0x0000,0x0000,0x0fe0,
    0x0822,0x0824,0x0fe0,0x0022,0x00a4,0x0ca0,0x03a4,0x00a4,0x0892,0x0f92,0x0000,0x0000,
    0x0080,0x0102,0x0fe4,0x0100,0x0102,0x0104,0x0fe0,0x0100,0x0108,0x0104,0x0fe2,0x0000,
    0x0000,0x0fe0,0x0822,0x0824,0x0fe0,0x0822,0x0824,0x0fe0,0x0824,0x0824,0x0822,0x0fe2,
    0x0000,0x0000,0x0fe0,0x0822,0x0824,0x0fe0,0x0222,0x0224,0x0fe0,0x0420,0x0428,0x0824,
    0x09e2,0x0000,0x0000,0x0040,0x0ffe,0x0020,0x03f8,0x0110,0x0ffe,0x0208,0x0554,0x0862,
    0x0150,0x064c,0x0000,0x0000,0x0100,0x0fe2,0x0924,0x0920,0x0922,0x0924,0x0ff0,0x0100,
    0x0288,0x0444,0x0832,0x0000,0x0000,0x01c0,0x0002,0x01e4,0x0900,0x0572,0x0344,0x0140,
    0x0324,0x0524,0x0912,0x0182,0x0000,0x0000,0x0ffe,0x0020,0x07f8,0x0416,0x07f0,0x0040,
    0x045e,0x02d0,0x0148,0x0244,0x0c72,0x0000,0x0000,0x0fe0,0x0822,0x0044,0x0fc0,0x0042,
    0x0fc4,0x0800,0x0800,0x0be8,0x0804,0x0602,0x0000,0x0000,0x04a0,0x08a2,0x0ff4,0x0080,
    0x0f82,0x0944,0x0940,0x0520,0x0228,0x0584,0x0862,0x0000,0x0000,0x0fe0,0x0802,0x0484,
    0x0300,0x0ce2,0x0104,0x0fc0,0x0100,0x0108,0x0fe4,0x0102,0x0000,0x0000,0x0100,0x0ff2,
    0x0104,0x0100,0x0fe2,0x0004,0x0000,0x0fe0,0x0828,0x0824,0x0fe2,0x0000,0x0000,0x0ff0,
    0x0812,0x0814,0x0bd0,0x0a52,0x0a54,0x0a50,0x0bd0,0x0818,0x0814,0x0ff2,0x0000,0x0000,
    0x0440,0x0242,0x0ff4,0x0100,0x0102,0x0fe4,0x0100,0x0104,0x0ff4,0x0102,0x0102,0x0000,
    0x0000,0x09f8,0x0a22,0x0a24,0x0ae0,0x0a92,0x0a94,0x0aa0,0x0a44,0x0844,0x0822,0x0c1a,
    0x0000,0x0000,0x0080,0x0fe2,0x0824,0x0820,0x0fe2,0x0824,0x0820,0x0fe0,0x0828,0x0824,
    0x0fe2,0x0000,0x0000,0x0ff0,0x0282,0x0284,0x0fe0,0x0aa2,0x0aa4,0x0aa0,0x0e60,0x0828,
    0x0824,0x0fe2,0x0000,0x0000,0x0120,0x0122,0x0fe4,0x0110,0x0112,0x0ff4,0x0240,0x0244,
    0x0244,0x0a22,0x0e1a,0x0000,0x0000,0x0120,0x0122,0x0fe4,0x0110,0x0112,0x0fe4,0x0100,
    0x0384,0x0544,0x0932,0x0102,0x0000,0x0000,0x0040,0x07c2,0x0424,0x0250,0x0182,0x0244,
    0x0c20,0x07f4,0x0424,0x0422,0x07e2,0x0000,0x0000,0x0ff0,0x0812,0x0814,0x0bd0,0x0812,
    0x0814,0x0bd0,0x0a54,0x0bd4,0x0812,0x0c12,0x0000,0x0000,0x0f40,0x0a42,0x0a24,0x0fa0,
    0x0a32,0x0a24,0x0fa0,0x0224,0x0224,0x0122,0x0122,0x0000,0x0000,0x0080,0x07e2,0x0484,
    0x0ff0,0x0482,0x07e4,0x0080,0x07e4,0x0084,0x0ff2,0x0082,0x0000,0x0000,0x0100,0x0ff2,
    0x0084,0x0080,0x0fc2,0x0844,0x0fe0,0x0854,0x0fc4,0x0842,0x0c42,0x0000,0x0000,0x0100,
    0x0ff2,0x0244,0x0420,0x0812,0x0204,0x0220,0x0144,0x0184,0x0242,0x0c32,0x0000,0x0000,
    0x0100,0x0ff2,0x0914,0x0ff0,0x0912,0x0ff4,0x0900,0x0500,0x0308,0x0ac4,0x0c32,0x0000,
    0x0000,0x0240,0x0242,0x0ff4,0x0240,0x0242,0x0244,0x0ff0,0x0004,0x0244,0x0422,0x0812,
    0x0000,0x0000,0x0100,0x0082,0x0fe4,0x0aa0,0x0aa2,0x0aa4,0x0aa0,0x0aa4,0x0aa4,0x0aa2,
    0x0ff2,0x0000,0x0000,0x0140,0x0942,0x0554,0x0160,0x0142,0x0344,0x0560,0x0954,0x0144,
    0x0922,0x0e1a,0x0000,0x0000,0x0ff0,0x0422,0x07e4,0x0420,0x0422,0x07e4,0x0420,0x0c24,
    0x07e4,0x0432,0x0402,0x0000,0x0000,0x0920,0x0922,0x0924,0x0920,0x0b72,0x0da4,0x0920,
    0x0924,0x0924,0x0912,0x0812,0x0000,0x0000,0x0020,0x0e22,0x0af4,0x0aa0,0x0aa2,0x0aa4,
    0x0a90,0x0a74,0x0ac4,0x0b22,0x0e12,0x0000,0x0000,0x0020,0x0fe2,0x0814,0x0810,0x09e2,
    0x0924,0x09e0,0x0924,0x09e4,0x0402,0x0302,0x0000,0x0000,0x0020,0x0fe2,0x0914,0x08a8,
    0x0a42,0x0aa4,0x0b10,0x0a04,0x0bf4,0x0802,0x0602,0x0000,0x0000,0x0100,0x0922,0x0544,
    0x0100,0x0102,0x0ff4,0x0280,0x0280,0x0288,0x0a44,0x0e32,0x0000,0x0000,0x0ff0,0x0002,
    0x07e4,0x0420,0x0422,0x07e4,0x0420,0x0424,0x07e4,0x0002,0x0ff2,0x0000,0x0000,0x0e00,
    0x01e2,0x0104,0x0100,0x0fe2,0x0104,0x0100,0x0fe0,0x0828,0x0824,0x0fe2,0x0000,0x0000,
    0x0100,0x0fe2,0x0104,0x0100,0x0ff2,0x0104,0x0100,0x0fe0,0x0108,0x0104,0x0ff2,0x0000,
    0x0000,0x0780,0x0842,0x0024,0x07c0,0x0002,0x0004,0x0fc0,0x0840,0x0848,0x0844,0x0fc2,
    0x0000,0x0000,0x0700,0x00f2,0x0c14,0x03d0,0x0152,0x0954,0x0550,0x0254,0x0254,0x044a,
    0x08ca,0x0000,0x0000,0x0080,0x0ff2,0x0444,0x0420,0x0bf2,0x0804,0x02a0,0x02a4,0x02a4,
    0x0a92,0x0c92,0x0000,0x0000,0x0880,0x0ff2,0x0084,0x07e0,0x0082,0x0ff4,0x0900,0x0504,
    0x0304,0x02c2,0x0c32,0x0000,0x0000,0x0090,0x0f92,0x0894,0x0950,0x0618,0x01d6,0x0840,
    0x06de,0x0150,0x0248,0x0c66,0x0000,0x0000,0x0040,0x0e42,0x01e4,0x0480,0x0302,0x0ce4,
    0x0000,0x0fe0,0x0288,0x0a44,0x0e32,0x0000,0x0000,0x0100,0x0102,0x0fe4,0x0920,0x0922,
    0x0924,0x0fe0,0x0500,0x0508,0x0b04,0x08e2,0x0000,0x0000,0x08fa,0x0a8c,0x0aa8,0x0aaa,
    0x0aac,0x0aa8,0x0aa8,0x0aa8,0x0854,0x0892,0x0d08,0x0000,0x0000,0x0100,0x0fe2,0x0404,
    0x0240,0x0182,0x0e64,0x0000,0x0440,0x0448,0x0424,0x0422,0x0000,0x0000,0x0840,0x0a42,
    0x0af4,0x0a80,0x0a92,0x0aa4,0x0a40,0x0a44,0x08a4,0x08a2,0x0c12,0x0000,0x0000,0x0ff0,
    0x0812,0x0084,0x0fe0,0x0042,0x0124,0x0fe0,0x0100,0x0108,0x0fe4,0x0102,0x0000,0x0000,
    0x0100,0x0ff2,0x0894,0x0080,0x0142,0x0924,0x0530,0x0220,0x0220,0x05a4,0x0872,0x0000,
    0x0000,0x0c20,0x0322,0x0174,0x0120,0x0f22,0x0924,0x0960,0x0934,0x08a4,0x08a2,0x0832,
    0x0000,0x0000,0x0440,0x0422,0x0ff4,0x0280,0x0a42,0x0c34,0x0780,0x0464,0x0244,0x0382,
    0x0c72,0x0000,0x0000,0x0600,0x01e2,0x0024,0x0fe0,0x0222,0x0224,0x0220,0x0ff4,0x0004,
    0x0422,0x0812,0x0000,0x0000,0x07f0,0x0412,0x0414,0x07f0,0x0082,0x0084,0x0790,0x0094,
    0x0094,0x00f2,0x0f0a,0x0000,0x0000,0x0100,0x0ff2,0x0814,0x0fe0,0x0002,0x0004,0x0ff0,
    0x0284,0x0284,0x0a42,0x0e32,0x0000,0x0000,0x07e0,0x0422,0x07e4,0x0000,0x0fe2,0x0924,
    0x0920,0x0fe0,0x0028,0x0824,0x0fc2,0x0000,0x0000,0x0900,0x0ff2,0x0104,0x0fe0,0x0922,
    0x0fe4,0x0920,0x0fe0,0x0928,0x0924,0x0d22,0x0000,0x0000,0x0240,0x0242,0x0fc4,0x0220,
    0x0222,0x0fc4,0x0000,0x0fc0,0x0848,0x0844,0x0fc2,0x0000,0x0000,0x0080,0x07e2,0x0424,
    0x07e0,0x0422,0x0424,0x07e0,0x0920,0x0528,0x0224,0x0ce2,0x0000,0x0000,0x0fe0,0x0922,
    0x0fe4,0x0920,0x0922,0x0fe4,0x0100,0x0fe0,0x0108,0x0104,0x0fe2,0x0000,0x0000,0x0fe0,
    0x0802,0x0524,0x0540,0x0002,0x07c4,0x0200,0x0100,0x0fe8,0x0104,0x0182,0x0000,0x0000,
    0x0ff0,0x0082,0x07f4,0x0440,0x0442,0x0ff4,0x0000,0x07e0,0x0428,0x0424,0x07e2,0x0000,
    0x0000,0x0240,0x0422,0x0804,0x0180,0x0242,0x0424,0x0810,0x07e4,0x0424,0x0422,0x07e2,
    0x0000,0x0000,0x0020,0x0fe2,0x0014,0x07f0,0x0422,0x04a4,0x0ff0,0x0414,0x0494,0x0ff2,
    0x0202,0x0000,0x0000,0x07e0,0x0402,0x07e4,0x0400,0x0ff2,0x0814,0x07e0,0x0440,0x0248,
    0x0384,0x0c72,0x0000,0x0000,0x03c0,0x0422,0x0814,0x0fe0,0x0102,0x0104,0x0fe0,0x0104,
    0x0524,0x0912,0x0182,0x0000,0x0000,0x0fe0,0x0822,0x0fe4,0x0820,0x0822,0x0fe4,0x0100,
    0x0fe0,0x0108,0x0104,0x0fe2,0x0000,0x0000,0x0ff0,0x0542,0x0544,0x02a0,0x0542,0x0544,
    0x0000,0x0fe0,0x0108,0x0104,0x0ff2,0x0000,0x0000,0x0100,0x0922,0x0544,0x0100,0x0fe2,
    0x0824,0x0fe0,0x0820,0x0fe8,0x0824,0x0c22,0x0000,0x0000,0x0100,0x0f22,0x0124,0x0ff0,
    0x0102,0x0144,0x0920,0x0980,0x0408,0x0304,0x00e2,0x0000,0x0000,0x07e0,0x0402,0x0244,
    0x0fe0,0x0922,0x0fe4,0x0920,0x0fe0,0x0928,0x0924,0x0d22,0x0000,0x0000,0x0f70,0x0442,
    0x0424,0x0410,0x0d72,0x0544,0x0550,0x0524,0x0f24,0x0052,0x0f92,0x0000,0x0000,0x0fe0,
    0x0822,0x0fe4,0x0000,0x0fe2,0x0824,0x0fe0,0x0820,0x0fe8,0x0824,0x0c22,0x0000,0x0000,
    0x0520,0x0522,0x07e4,0x0240,0x0422,0x0bd4,0x0000,0x07e0,0x0408,0x0204,0x0182,0x0000,
    0x0000,0x0220,0x0122,0x07f4,0x0480,0x07f2,0x0094,0x0ff0,0x08c4,0x08a4,0x0692,0x0082,
    0x0000,0x0000,0x0100,0x0ff2,0x0104,0x0fe0,0x0102,0x0ff4,0x0480,0x0ff4,0x0424,0x0452,
    0x0682,0x0000,0x0000,0x0240,0x0ff2,0x0244,0x0000,0x0ff2,0x0894,0x0080,0x0ff4,0x0884,
    0x0842,0x0632,0x0000,0x0000,0x0200,0x0f92,0x0124,0x0280,0x0fb2,0x0224,0x0220,0x0fa4,
    0x0224,0x0052,0x0f8a,0x0000,0x0000,0x07e0,0x0422,0x0424,0x07e0,0x0102,0x0ff4,0x0910,
    0x0a94,0x0c74,0x0812,0x0c12,0x0000,0x0000,0x07c0,0x0222,0x0114,0x0fe0,0x0922,0x0924,
    0x0920,0x0ff4,0x0284,0x0442,0x0832,0x0000,0x0000,0x0040,0x07c2,0x0424,0x0250,0x0182,
    0x0e64,0x0100,0x0fe0,0x0108,0x0524,0x0992,0x0000,0x0000,0x0f90,0x0822,0x0804,0x0bd0,
    0x0912,0x0bd4,0x0910,0x0914,0x0bd4,0x0812,0x0c12,0x0000,0x0000,0x0f90,0x0822,0x0804,
    0x0bd0,0x0a52,0x0bd4,0x0a50,0x0a54,0x0bd4,0x0812,0x0c12,0x0000,0x0000,0x04b8,0x04a2,
    0x02a4,0x01b8,0x008a,0x0fcc,0x02b8,0x02a4,0x04a4,0x04a2,0x09da,0x0000,0x0000,0x0fe0,
    0x0902,0x0924,0x0890,0x0642,0x0124,0x0100,0x0f24,0x0124,0x0122,0x0ff2,0x0000,0x0000,
    0x0100,0x0fe2,0x0244,0x0240,0x0ff2,0x0004,0x0000,0x07e0,0x0428,0x0424,0x07e2,0x0000,
    0x0000,0x08f0,0x0a92,0x0af4,0x0a50,0x0a52,0x0bf4,0x0a50,0x0a54,0x0b54,0x0852,0x0c42,
    0x0000,0x0000,0x0fe0,0x0222,0x0fa4,0x0220,0x0222,0x0fe4,0x0220,0x0fa4,0x0214,0x0212,
    0x0fc2,0x0000,0x0000,0x0100,0x0ffa,0x0124,0x0720,0x0492,0x0694,0x0558,0x0554,0x0214,
    0x0312,0x0cd2,0x0000,0x0000,0x0ff0,0x0102,0x0084,0x09d0,0x0d12,0x0b54,0x0990,0x0b54,
    0x0d34,0x0912,0x0ff2,0x0000,0x0000,0x0fe0,0x0922,0x0924,0x0fe0,0x0922,0x0ba4,0x0aa0,
    0x0aa0,0x0ba8,0x0824,0x0fe2,0x0000,0x0000,0x0100,0x0ff2,0x0004,0x07e0,0x0422,0x0424,
    0x07e0,0x0104,0x0524,0x0912,0x0182,0x0000,0x0000,0x0ff0,0x0102,0x0184,0x0a60,0x0702,
    0x02c4,0x02b0,0x0704,0x0ac4,0x0a32,0x0182,0x0000,0x0000,0x0100,0x0ff2,0x0814,0x0000,
    0x0fe2,0x0104,0x0100,0x0f24,0x0124,0x01e2,0x0e1a,0x0000,0x0000,0x0920,0x0922,0x0494,
    0x0920,0x0922,0x0004,0x0fe0,0x0920,0x0fe8,0x0924,0x0fe2,0x0000,0x0000,0x0c20,0x0322,
    0x01f4,0x0120,0x0f22,0x0964,0x09b0,0x0928,0x08a0,0x08a4,0x0822,0x0000,0x0000,0x0e60,
    0x0182,0x0674,0x0900,0x0ff2,0x0084,0x0fc0,0x0864,0x0fd4,0x0842,0x0c42,0x0000,0x0000,
    0x0440,0x0ff2,0x0444,0x07c0,0x0442,0x07c4,0x0440,0x0ff4,0x0004,0x0442,0x0832,0x0000,
    0x0000,0x0240,0x0242,0x0ff4,0x0240,0x0242,0x0364,0x06d0,0x0a40,0x0248,0x0244,0x0242,
    0x0000,0x0000,0x0100,0x0922,0x0544,0x0100,0x0fe2,0x0824,0x0ba0,0x0aa0,0x0aa8,0x0ba4,
    0x0c22,0x0000,0x0000,0x0f20,0x08e2,0x0824,0x0a20,0x0afa,0x0a24,0x0420,0x04b4,0x04a4,
    0x0a22,0x09b2,0x0000,0x0000,0x0080,0x0ff2,0x0484,0x0ff0,0x0482,0x07e4,0x0080,0x0ff4,
    0x0444,0x03c2,0x0c32,0x0000,0x0000,0x0080,0x0f82,0x0084,0x0fe0,0x0822,0x0fe4,0x0820,
    0x0fe0,0x0108,0x0fe4,0x0102,0x0000,0x0000,0x0020,0x0fe2,0x0814,0x09f0,0x0842,0x09f4,
    0x0840,0x0954,0x09f4,0x0402,0x0302,0x0000,0x0000,0x0100,0x0ff2,0x0814,0x07e0,0x0002,
    0x0004,0x0ff0,0x0104,0x0524,0x0912,0x0182,0x0000,0x0000,0x0fe0,0x0022,0x0fe4,0x0820,
    0x0fe2,0x0024,0x0920,0x0fd4,0x0114,0x0282,0x0c62,0x0000,0x0000,0x0720,0x0422,0x0574,
    0x0920,0x08a2,0x0aa4,0x0230,0x0260,0x0928,0x0924,0x0fa2,0x0000,0x0000,0x0920,0x0522,
    0x0184,0x0240,0x0c32,0x0104,0x0920,0x0524,0x0184,0x0242,0x0c32,0x0000,0x0000,0x0620,
    0x0922,0x00f4,0x0020,0x0222,0x04e4,0x08a0,0x0094,0x0294,0x0482,0x0862,0x0000,0x0000,
    0x03c0,0x0422,0x0814,0x0fe0,0x0102,0x0fe4,0x0100,0x0924,0x0544,0x0102,0x0ff2,0x0000,
    0x0000,0x0be0,0x0922,0x0544,0x0000,0x0fe2,0x0904,0x0ff0,0x0904,0x0fe4,0x0102,0x01c2,
    0x0000,0x0000,0x0380,0x0442,0x0824,0x0fe0,0x0002,0x0fe4,0x0aa0,0x0aa0,0x0fe8,0x0aa4,
    0x0aa2,0x0000,0x0000,0x0bf0,0x0882,0x0524,0x0440,0x0002,0x0fe4,0x0100,0x0ff4,0x0104,
    0x0102,0x0ff2,0x0000,0x0000,0x0100,0x0ff2,0x0444,0x0440,0x0aa2,0x0914,0x0100,0x0ff4,
    0x0104,0x0102,0x0102,0x0000,0x0000,0x0240,0x0242,0x0fe4,0x0120,0x0ff2,0x0124,0x0120,
    0x0fe0,0x0128,0x0124,0x0fe2,0x0000,0x0000,0x0ff0,0x0a92,0x0294,0x0240,0x0c32,0x0104,
    0x0ff0,0x0184,0x0544,0x0932,0x0102,0x0000,0x0000,0x0080,0x0ff2,0x0004,0x07e0,0x0422,
    0x07e4,0x0200,0x0104,0x0ff4,0x0102,0x01c2,0x0000,0x0000,0x0aa0,0x0aa2,0x0aa4,0x0ee0,
    0x0822,0x0fe4,0x0820,0x0ee4,0x0aa4,0x0a92,0x0a92,0x0000,0x0000,0x0fe0,0x0822,0x0fe4,
    0x0820,0x0fe2,0x0224,0x0220,0x0ee0,0x0228,0x0a24,0x0ee2,0x0000,0x0000,0x0100,0x0ff2,
    0x0444,0x0920,0x0ff2,0x0924,0x0fe0,0x0920,0x0fe8,0x0104,0x0f02,0x0000,0x0000,0x0840,
    0x0ff2,0x0244,0x0980,0x0e62,0x0244,0x0ff0,0x0444,0x0284,0x0982,0x0e72,0x0000,0x0000,
    0x07f0,0x0082,0x0084,0x0ff0,0x0242,0x0424,0x0890,0x0084,0x0aa4,0x0a92,0x00c2,0x0000,
    0x0000,0x0440,0x02dc,0x0150,0x0e4e,0x0060,0x0210,0x0b56,0x0634,0x0b54,0x0a52,0x0318,
    0x0000,0x0000,0x0100,0x0ff2,0x0104,0x0fe0,0x0102,0x0ff4,0x0820,0x0fe0,0x0828,0x0fe4,
    0x0822,0x0000,0x0000,0x0920,0x0922,0x0d64,0x0ba0,0x0922,0x0fe4,0x0920,0x0b24,0x0da4,
    0x0952,0x0912,0x0000,0x0000,0x0100,0x0ff2,0x0104,0x0fe0,0x0102,0x0ff4,0x0440,0x0544,
    0x0544,0x02c2,0x0c32,0x0000,0x0000,0x0f20,0x01fa,0x0114,0x0f10,0x052a,0x05fc,0x0520,
    0x0524,0x05fc,0x0522,0x04a2,0x0000,0x0000,0x07c0,0x0222,0x0ff4,0x0920,0x0922,0x0fe4,
    0x0920,0x0924,0x0fe4,0x0002,0x0ff2,0x0000,0x0000,0x0280,0x0442,0x0ff4,0x0100,0x0ff2,
    0x0284,0x0c40,0x0334,0x08c4,0x0602,0x01e2,0x0000,0x0000,0x07c0,0x0222,0x0ff4,0x0aa0,
    0x0aa2,0x0e64,0x0920,0x0ff4,0x0284,0x0442,0x0832,0x0000,0x0000,0x0100,0x0fe2,0x0904,
    0x0500,0x0ff2,0x0084,0x0fc0,0x0864,0x0fd4,0x0842,0x0fc2,0x0000,0x0000,0x0a00,0x0ff2,
    0x0214,0x03f0,0x0a12,0x0bd4,0x0550,0x05d4,0x0414,0x0b0a,0x08ca,0x0000,0x0000,0x03c0,
    0x0422,0x0bd4,0x0000,0x0af2,0x0a94,0x0af0,0x0a90,0x0af0,0x0894,0x0cd2,0x0000,0x0000,
    0x0080,0x0ff2,0x0424,0x07e0,0x0002,0x0ff4,0x0810,0x0fe4,0x0104,0x0102,0x01c2,0x0000,
    0x0000,0x0fc4,0x0048,0x07c2,0x0444,0x07d0,0x0048,0x0ffe,0x0160,0x0258,0x0c46,0x0040,
    0x0000,0x0000,0x0100,0x0ff2,0x0494,0x0ff0,0x0492,0x0794,0x0010,0x07d4,0x0444,0x0382,
    0x0c72,0x0000,0x0000,0x0080,0x0ff2,0x02a4,0x0490,0x0fe2,0x0424,0x07e0,0x0424,0x07e4,
    0x0002,0x0ff2,0x0000,0x0000,0x0220,0x02fa,0x0f24,0x0af8,0x0a8a,0x0a74,0x0a40,0x0924,
    0x09fc,0x0822,0x0632,0x0000,0x0000,0x0fe0,0x0822,0x0fe4,0x0020,0x0fe2,0x04a4,0x0fa0,
    0x0224,0x0f94,0x0212,0x0fc2,0x0000,0x0000,0x07e0,0x0422,0x07a4,0x04a0,0x0ff2,0x0814,
    0x0bd0,0x0a54,0x0a54,0x0bd2,0x0c12,0x0000,0x0000,0x07e0,0x0422,0x07e4,0x0420,0x07e2,
    0x0004,0x0fe0,0x0aa0,0x0aa8,0x0aa4,0x0ff2,0x0000,0x0000,0x04a0,0x0ff2,0x04a4,0x07a0,
    0x0022,0x0fe4,0x0100,0x0ff4,0x0184,0x0542,0x0932,0x0000,0x0000,0x08f0,0x0a92,0x0af4,
    0x0a90,0x0af2,0x0a94,0x0a90,0x0af4,0x0804,0x0892,0x0d0a,0x0000,0x0000,0x0ff0,0x0912,
    0x0ff4,0x0910,0x0ff2,0x0424,0x07e0,0x0420,0x07e8,0x0424,0x0622,0x0000,0x0000,0x0240,
    0x0ff2,0x0244,0x0ff0,0x0442,0x0fe4,0x0430,0x07e0,0x0028,0x0824,0x0fe2,0x0000,0x0000,
    0x0080,0x0ff2,0x0814,0x07e0,0x0422,0x07e4,0x0420,0x0420,0x07e8,0x0004,0x0ff2,0x0000,
    0x0000,0x07e0,0x0422,0x07e4,0x0420,0x07e2,0x0044,0x0fe0,0x0934,0x0aa4,0x09e2,0x0602,
    0x0000,0x0000,0x0120,0x0f22,0x00f4,0x0f20,0x0822,0x04e4,0x04a0,0x0f94,0x0494,0x0482,
    0x0662,0x0000,0x0000,0x0270,0x0252,0x0654,0x0af0,0x0252,0x0254,0x0370,0x0050,0x0858,
    0x0674,0x0182,0x0000,0x0000,0x0240,0x0ff2,0x0104,0x0fe0,0x0102,0x0ff4,0x0100,0x0fe0,
    0x0288,0x0444,0x0832,0x0000,0x0000,0x0ff0,0x0912,0x0ff4,0x0920,0x0fe2,0x0924,0x0920,
    0x0fe4,0x0104,0x0ff2,0x0102,0x0000,0x0000,0x0fc0,0x0232,0x0224,0x0f70,0x0222,0x0224,
    0x0f70,0x0224,0x0224,0x0f92,0x0212,0x0000,0x0000,0x0fe0,0x0922,0x0fe4,0x0020,0x0fa2,
    0x08a4,0x0fa0,0x08a0,0x0fa8,0x0894,0x0f92,0x0000,0x0000,0x0100,0x0ff2,0x0084,0x0fe0,
    0x0242,0x0ff4,0x0520,0x0fd4,0x0104,0x02c2,0x0c32,0x0000,0x0000,0x0920,0x0922,0x0fe4,
    0x0000,0x0fe2,0x0084,0x0fe0,0x0aa0,0x0aa8,0x0aa4,0x0c22,0x0000,0x0000,0x0ff0,0x0082,
    0x0084,0x0ff0,0x0a52,0x0bd4,0x0a50,0x0bd4,0x0a54,0x0a52,0x0ff2,0x0000,0x0000,0x0240,
    0x0ff2,0x0004,0x0ae0,0x0aa2,0x0ae4,0x0aa0,0x0ae0,0x0aa8,0x08a4,0x0ca2,0x0000,0x0000,
    0x0f20,0x0922,0x0974,0x0f20,0x0922,0x0974,0x0f50,0x0954,0x0954,0x08f2,0x0c82,0x0000,
    0x0000,0x0f20,0x0922,0x09fc,0x0f20,0x0922,0x0934,0x0f68,0x09a4,0x0924,0x0922,0x0f22,
    0x0000,0x0000,0x0440,0x0ff2,0x0444,0x07c0,0x0442,0x0444,0x0ff0,0x02a4,0x0e64,0x0022,
    0x0fc2,0x0000,0x0000,0x0080,0x07e2,0x0424,0x07e0,0x0422,0x0424,0x0ff0,0x0104,0x07e4,
    0x0102,0x0ff2,0x0000,0x0000,0x07e0,0x0422,0x07e4,0x0120,0x0fe2,0x0224,0x0ff0,0x0420,
    0x07e8,0x0424,0x07e2,0x0000,0x0000,0x07e0,0x0202,0x0fe4,0x0920,0x0fe2,0x0924,0x0920,
    0x0ff4,0x0884,0x0842,0x0632,0x0000,0x0000,0x0380,0x0272,0x0a44,0x0a40,0x0bf2,0x0244,
    0x0260,0x0564,0x0554,0x08d2,0x0842,0x0000,0x0000,0x0ff0,0x0282,0x0fe4,0x0aa0,0x0e62,
    0x0824,0x0fe0,0x0100,0x0fe8,0x0104,0x0ff2,0x0000,0x0000,0x07e0,0x0422,0x07e4,0x0420,
    0x0fe2,0x0044,0x0fe0,0x0a94,0x0a44,0x0922,0x0682,0x0000,0x0000,0x0fe0,0x0942,0x0544,
    0x0fe0,0x0082,0x0ff4,0x0080,0x07c4,0x04b4,0x0302,0x0ce2,0x0000,0x0000,0x0100,0x0fe2,
    0x0104,0x0fe0,0x0aa2,0x0aa4,0x0fe0,0x0920,0x0fe8,0x0924,0x0d22,0x0000,0x0000,0x0080,
    0x0ff2,0x0554,0x0940,0x0ff2,0x0804,0x0fe0,0x0024,0x0ff4,0x0812,0x0702,0x0000,0x0000,
    0x07e0,0x0422,0x07e4,0x0420,0x07e2,0x0004,0x0140,0x0954,0x0564,0x0142,0x0ff2,0x0000,
    0x0000,0x0100,0x0ff2,0x0914,0x0ff0,0x0102,0x0ff4,0x0420,0x0524,0x0524,0x02c2,0x0c32,
    0x0000,0x0000,0x0af8,0x0a8a,0x0fac,0x02a8,0x0faa,0x02ac,0x0aa8,0x04a8,0x0454,0x0a92,
    0x090a,0x0000,0x0000,0x0f70,0x0552,0x0574,0x0550,0x0fd2,0x0474,0x0410,0x0494,0x0654,
    0x0532,0x0cc2,0x0000,0x0000,0x0100,0x0ff2,0x0914,0x0ff0,0x0912,0x0fd4,0x0110,0x0fd4,
    0x084c,0x084a,0x0fc2,0x0000,0x0000,0x0fe0,0x0222,0x0fa4,0x08a0,0x0fa2,0x08a4,0x08a0,
    0x0f94,0x0214,0x0a42,0x0b22,0x0000,0x0000,0x0244,0x0fe8,0x0132,0x07e4,0x0120,0x0128,
    0x0fe4,0x0042,0x0ffe,0x0040,0x0040,0x0000,0x0000,0x0100,0x0fe2,0x0104,0x0ff0,0x0082,
    0x0444,0x0fe0,0x0004,0x0fe4,0x0aa2,0x0ff2,0x0000,0x0000,0x0f70,0x0a12,0x0a94,0x0950,
    0x0d32,0x0004,0x0fe0,0x0920,0x0fe8,0x0924,0x0fe2,0x0000,0x0000,0x0240,0x0ff2,0x0244,
    0x0ff0,0x0242,0x0ff4,0x0920,0x0fe4,0x0924,0x0ff2,0x0822,0x0000,0x0000,0x0ff0,0x0812,
    0x07e4,0x0420,0x07e2,0x0424,0x07e0,0x0104,0x0ff4,0x0442,0x0832,0x0000,0x0000,0x0220,
    0x0122,0x0ffc,0x0220,0x0222,0x0414,0x0ff0,0x0554,0x0554,0x0552,0x0ffa,0x0000,0x0000,
    0x0900,0x0ff2,0x0104,0x0fe0,0x0922,0x0fe4,0x0920,0x0404,0x0ff4,0x0442,0x0682,0x0000,
    0x0000,0x0fe0,0x0282,0x0fe4,0x0aa0,0x0aa2,0x0fe4,0x0100,0x0fe0,0x0188,0x0544,0x0932,
    0x0000,0x0000,0x0bf0,0x0892,0x0524,0x0240,0x0922,0x0ff4,0x0100,0x0ff4,0x0284,0x0442,
    0x0832,0x0000,0x0000,0x07e0,0x04a2,0x0764,0x0420,0x07e2,0x0004,0x0fe0,0x0aa0,0x0aa8,
    0x0aa4,0x0ff2,0x0000,0x0000,0x0f48,0x092a,0x09fc,0x0f20,0x092a,0x092c,0x0ff8,0x0920,
    0x0928,0x0894,0x0c92,0x0000,0x0000,0x0140,0x0d32,0x0914,0x0d70,0x0912,0x0d74,0x0100,
    0x0ff4,0x0444,0x0382,0x0c72,0x0000,0x0000,0x0080,0x0fe2,0x0824,0x0fe0,0x0822,0x0fe4,
    0x0500,0x0fe0,0x0108,0x0284,0x0c62,0x0000,0x0000,0x0080,0x0ff2,0x0a54,0x0420,0x0992,
    0x0244,0x0420,0x0ff4,0x0424,0x0422,0x07e2,0x0000,0x0000,0x0ff0,0x0812,0x0ff4,0x0890,
    0x0d52,0x0b34,0x0990,0x0b54,0x0d34,0x0892,0x0ff2,0x0000,0x0000,0x0f70,0x0842,0x0844,
    0x0f70,0x0112,0x0f74,0x0840,0x0954,0x0a64,0x0952,0x0662,0x0000,0x0000,0x0ff0,0x0442,
    0x0aa4,0x0440,0x0aa2,0x0ee4,0x0100,0x0fe0,0x0108,0x0104,0x0ff2,0x0000,0x0000,0x0ff0,
    0x0012,0x0ff4,0x0550,0x0252,0x0cf4,0x0410,0x0ff4,0x0414,0x0442,0x0682,0x0000,0x0000,
    0x0370,0x04d2,0x0854,0x0fb0,0x0252,0x0254,0x0fd0,0x0250,0x06b8,0x0a54,0x0312,0x0000,
    0x0000,0x0080,0x0ff2,0x0244,0x0240,0x0ff2,0x0894,0x0fe0,0x0044,0x0fc4,0x0822,0x0622,
    0x0000,0x0000,0x0780,0x0842,0x0fe4,0x0830,0x0fe2,0x0824,0x0fe0,0x0024,0x0fd4,0x0852,
    0x0fc2,0x0000,0x0000,0x0a00,0x0ff2,0x0214,0x03f0,0x0a52,0x0b74,0x0a50,0x04b4,0x0694,
    0x090a,0x08ca,0x0000,0x0000,0x0100,0x0ff2,0x0104,0x07e0,0x0422,0x07e4,0x0420,0x0ff4,
    0x0004,0x0242,0x0c32,0x0000,0x0000,0x0fe0,0x0822,0x0fe4,0x0820,0x0fe2,0x0924,0x0540,
    0x0ff4,0x0284,0x0a42,0x0e32,0x0000,0x0000,0x0440,0x0242,0x0ff4,0x0440,0x0222,0x0914,
    0x0f70,0x0444,0x0224,0x0912,0x0f72,0x0000,0x0000,0x00a0,0x0fa2,0x0454,0x0510,0x035a,
    0x0cd4,0x0250,0x0fd4,0x0354,0x0692,0x0a72,0x0000,0x0000,0x07e0,0x0422,0x07a4,0x04a0,
    0x0ff2,0x0814,0x07e0,0x0420,0x07e8,0x0424,0x0622,0x0000,0x0000,0x0100,0x0ff2,0x0914,
    0x0100,0x0ff2,0x0444,0x0440,0x0ff4,0x0104,0x0ff2,0x0102,0x0000,0x0000,0x0be0,0x0882,
    0x0524,0x0440,0x0002,0x0084,0x0e60,0x0820,0x0ee8,0x0824,0x0fe2,0x0000,0x0000,0x094e,
    0x054a,0x0fea,0x048e,0x0ffa,0x044a,0x092e,0x055a,0x034a,0x052a,0x099a,0x0000,0x0000,
    0x0ff0,0x0a52,0x0424,0x03c0,0x0102,0x0ff4,0x0000,0x07e4,0x0424,0x0422,0x07e2,0x0000,
    0x0000,0x0100,0x0ff2,0x0244,0x04a0,0x0a92,0x0444,0x07e0,0x0944,0x0534,0x0222,0x0ce2,
    0x0000,0x0000,0x0920,0x0ff2,0x0924,0x0fe0,0x0002,0x0ff4,0x0910,0x0fe4,0x0924,0x0d22,
    0x0102,0x0000,0x0000,0x0240,0x0ff2,0x0244,0x0ff0,0x0242,0x0ff4,0x0a50,0x0ad4,0x0d34,
    0x0892,0x0c12,0x0000,0x0000,0x0780,0x0082,0x0ff4,0x0890,0x03f2,0x0894,0x0f10,0x0094,
    0x0554,0x084a,0x07aa,0x0000,0x0000,0x0140,0x0f52,0x00d4,0x0250,0x0452,0x0444,0x0000,
    0x0fe4,0x0aa4,0x0aa2,0x0ff2,0x0000,0x0000,0x0100,0x0ff2,0x0284,0x06a0,0x0a92,0x0244,
    0x0100,0x0ff4,0x0144,0x0522,0x0912,0x0000,0x0000,0x0100,0x0ff2,0x0a14,0x01e0,0x0022,
    0x07e4,0x0220,0x0224,0x0ff4,0x0242,0x0c32,0x0000,0x0000,0x0500,0x0572,0x0f44,0x05c0,
    0x0f52,0x0554,0x0520,0x0f24,0x0554,0x0552,0x0f0a,0x0000,0x0000,0x0fe0,0x0022,0x0fe4,
    0x0820,0x0fe2,0x04a4,0x0fe0,0x0a64,0x0fd4,0x0052,0x0fc2,0x0000,0x0000,0x0540,0x0ff2,
    0x0544,0x0db0,0x0002,0x0ff4,0x0910,0x0ff4,0x0924,0x0d22,0x0102,0x0000,0x0000,0x0440,
    0x0ff2,0x0244,0x0920,0x0ff2,0x0284,0x0c40,0x0334,0x08c4,0x0602,0x01e2,0x0000,0x0000,
    0x0100,0x0ff2,0x0244,0x0240,0x0fe2,0x0924,0x0fe0,0x0920,0x0ba8,0x0aa4,0x0ba2,0x0000,
    0x0000,0x0780,0x0082,0x0ff4,0x0910,0x0c52,0x0a94,0x0930,0x0a94,0x0c54,0x0912,0x0ff2,
    0x0000,0x0000,0x0170,0x0f02,0x0574,0x0500,0x0472,0x0404,0x0f80,0x0474,0x0454,0x0452,
    0x0472,0x0000,0x0000,0x0100,0x0ff2,0x0244,0x0420,0x0ff2,0x0424,0x07e0,0x0944,0x0534,
    0x0222,0x0ce2,0x0000,0x0000,0x0420,0x0ff2,0x0424,0x07e0,0x0102,0x0ff4,0x0910,0x0b74,
    0x0d54,0x09b2,0x0d12,0x0000,0x0000,0x07c0,0x0222,0x0ff4,0x0920,0x0fe2,0x0924,0x0920,
    0x0fe4,0x0004,0x0aa2,0x0a92,0x0000,0x0000,0x0ff0,0x0282,0x0fe4,0x0aa0,0x0fe2,0x0004,
    0x0fe0,0x0004,0x0ff4,0x0522,0x0992,0x0000,0x0000,0x0100,0x0ff2,0x0544,0x0920,0x0292,
    0x0444,0x0920,0x0544,0x0304,0x0522,0x0992,0x0000,0x0000,0x0080,0x0ff2,0x0294,0x0ff0,
    0x0a92,0x0ff4,0x0250,0x0ed4,0x0254,0x0b4a,0x0cea,0x0000,0x0000,0x0fe0,0x0822,0x0fe4,
    0x0020,0x0fe2,0x0124,0x0fe0,0x0924,0x0da4,0x0b52,0x0912,0x0000,0x0000,0x0100,0x0ff2,
    0x0284,0x0920,0x0aa2,0x0fe4,0x0080,0x0ff4,0x0a94,0x0bd2,0x0c12,0x0000,0x0000,0x0100,
    0x0ff2,0x0814,0x0fe0,0x0102,0x0fe4,0x0920,0x0fe4,0x0924,0x07e2,0x081a,0x0000,0x0000,
    0x0280,0x0ffa,0x0a94,0x0ff0,0x0a92,0x0ff4,0x0420,0x07e0,0x0428,0x0424,0x07e2,0x0000,
    0x0000,0x0fe0,0x0022,0x07a4,0x04a0,0x07a2,0x0024,0x0ee0,0x0aa0,0x0ee8,0x0024,0x0fc2,
    0x0000,0x0000,0x0240,0x0ff2,0x0244,0x07e0,0x0422,0x07e4,0x0420,0x0ff4,0x0284,0x0442,
    0x0832,0x0000,0x0000,0x0240,0x0ff2,0x0244,0x0fe0,0x0922,0x0fe4,0x0100,0x0ff4,0x0284,
    0x0442,0x0832,0x0000,0x0000,0x0210,0x0fe2,0x0a84,0x0f90,0x0aa2,0x0f84,0x0230,0x0fe4,
    0x0224,0x0052,0x0f8a,0x0000,0x0000,0x0120,0x0f22,0x01f4,0x0f20,0x0a22,0x02e4,0x0ea0,
    0x0294,0x0294,0x0382,0x0c62,0x0000,0x0000,0x0240,0x0fd2,0x0524,0x08a0,0x0052,0x0fc4,
    0x0860,0x0bd4,0x0a44,0x0bc2,0x0c32,0x0000,0x0000,0x07e0,0x0422,0x07e4,0x0420,0x0ff2,
    0x0a94,0x0ff0,0x0424,0x0444,0x0382,0x0c72,0x0000,0x0000,0x0100,0x0ff2,0x0104,0x0fe0,
    0x0102,0x0ff4,0x0440,0x07c4,0x0444,0x07c2,0x0c32,0x0000,0x0000,0x0fe0,0x0922,0x0fe4,
    0x0920,0x0fe2,0x0484,0x0240,0x0fe0,0x0108,0x0544,0x0922,0x0000,0x0000,0x0120,0x0f7a,
    0x0aa4,0x0af8,0x0aaa,0x02ac,0x02f8,0x0524,0x0534,0x08aa,0x0862,0x0000,0x0000,0x0fb8,
    0x00a2,0x07a4,0x00b8,0x078a,0x008c,0x0ff8,0x02a4,0x0aa4,0x04a2,0x099a,0x0000,0x0000,
    0x0080,0x0ff2,0x0244,0x0ff0,0x0422,0x07e4,0x0420,0x07e4,0x0104,0x0ff2,0x0102,0x0000,
    0x0000,0x0e20,0x03fa,0x0224,0x0ef8,0x0aaa,0x0afc,0x0aa8,0x0afc,0x0a24,0x09fa,0x0922,
    0x0000,0x0000,0x0240,0x0ff2,0x0104,0x0fe0,0x0102,0x0ff4,0x0100,0x0b74,0x0644,0x0a22,
    0x0312,0x0000,0x0000,0x0f12,0x0ade,0x0510,0x0fde,0x0454,0x0492,0x0640,0x08de,0x0550,
    0x0248,0x0c66,0x0000,0x0000,0x0f82,0x0232,0x0f8e,0x08a2,0x0fbc,0x0888,0x0fce,0x08a8,
    0x0f9c,0x052a,0x08cc,0x0000,0x0000,0x0240,0x0ff2,0x0904,0x0ff0,0x0902,0x0fe4,0x0100,
    0x0924,0x0ba4,0x0d52,0x0912,0x0000,0x0000,0x0520,0x0512,0x0f54,0x05f0,0x0f22,0x0514,
    0x0510,0x0f74,0x0504,0x0562,0x0f1a,0x0000,0x0000,0x02f0,0x0aa2,0x0544,0x0220,0x0f72,
    0x0544,0x0cf0,0x0794,0x0574,0x0642,0x09b2,0x0000,0x0000,0x0f20,0x0af2,0x0a24,0x0970,
    0x0ca2,0x0174,0x0480,0x0ff4,0x0084,0x0492,0x088a,0x0000,0x0000,0x0ff0,0x0522,0x0344,
    0x0ff0,0x0542,0x0924,0x0ff0,0x0924,0x0fe4,0x0922,0x0fe2,0x0000,0x0000,0x0ff0,0x0252,
    0x0ff4,0x0540,0x0ca2,0x0014,0x07e0,0x0424,0x07e4,0x0422,0x07e2,0x0000,0x0000,0x0240,
    0x0ff2,0x0244,0x0ff0,0x0522,0x0894,0x07e0,0x0424,0x07e4,0x0422,0x07e2,0x0000,0x0000,
    0x02f0,0x0e92,0x0994,0x0a90,0x06f2,0x0944,0x00d0,0x0f54,0x0954,0x09d2,0x0f3a,0x0000,
    0x0000,0x0660,0x0422,0x0764,0x0420,0x07e2,0x0044,0x0fe0,0x0814,0x0aa4,0x08a2,0x0602,
    0x0000,0x0000,0x0240,0x0ff2,0x0244,0x0ff0,0x0922,0x0fe4,0x0920,0x0fe4,0x0004,0x0442,
    0x0832,0x0000,0x0000,0x0ef0,0x0a92,0x0ef4,0x0a90,0x0ef2,0x0814,0x0bd0,0x0914,0x0bd4,
    0x0912,0x0bd2,0x0000,0x0000,0x0100,0x0ffa,0x0a54,0x07e0,0x0c32,0x07e4,0x0420,0x07e0,
    0x0108,0x0524,0x0992,0x0000,0x0000,0x0ff0,0x0242,0x0ff4,0x0a90,0x0a92,0x0ff4,0x0420,
    0x07e4,0x0424,0x0ff2,0x0102,0x0000,0x0000,0x0f20,0x09fa,0x0924,0x0f70,0x0952,0x0974,
    0x0f50,0x0974,0x0924,0x08fa,0x0ca2,0x0000,0x0000,0x0100,0x0ff2,0x0914,0x0ff0,0x0102,
    0x0ff4,0x0420,0x07e4,0x0424,0x07e2,0x0c1a,0x0000,0x0000,0x0240,0x0f52,0x0224,0x0a20,
    0x0fd2,0x0244,0x0f60,0x09d4,0x0f44,0x0942,0x0f32,0x0000,0x0000,0x0240,0x0ff2,0x0244,
    0x0b60,0x0ed2,0x0244,0x0fe0,0x0820,0x0fe8,0x0824,0x0c22,0x0000,0x0000,0x0ff0,0x0812,
    0x0ff4,0x0210,0x0ff2,0x0114,0x0fd0,0x0914,0x0fec,0x048a,0x06c2,0x0000,0x0000,0x0100,
    0x0ff2,0x0444,0x0440,0x0ff2,0x0924,0x0fe0,0x0924,0x0fe4,0x0102,0x0ff2,0x0000,0x0000,
    0x0ff8,0x0a52,0x0ad4,0x0948,0x094a,0x0634,0x0240,0x0ed4,0x0254,0x0252,0x0ffa,0x0000,
    0x0000,0x0250,0x0e52,0x0bf4,0x0800,0x09f2,0x0a04,0x0bf0,0x0444,0x04f4,0x0a42,0x09f2,
    0x0000,0x0000,0x04f0,0x0282,0x0a94,0x0460,0x07c2,0x0824,0x07d0,0x0444,0x07c4,0x0242,
    0x0ff2,0x0000,0x0000,0x0100,0x0fe2,0x0104,0x0ff0,0x0442,0x0ee4,0x0440,0x0ff4,0x0284,
    0x0a42,0x0e32,0x0000,0x0000,0x0b50,0x0ad2,0x0244,0x0520,0x0ff2,0x0894,0x0080,0x0ff4,
    0x0884,0x0842,0x0632,0x0000,0x0000,0x0240,0x0ffa,0x0a24,0x0890,0x09f2,0x0a94,0x0af0,
    0x0494,0x04f4,0x0a92,0x0992,0x0000,0x0000,0x0840,0x05fa,0x0244,0x01f0,0x0802,0x05f4,
    0x0310,0x01f4,0x08a4,0x04a2,0x03fa,0x0000,0x0000,0x0ef0,0x0a92,0x0ef4,0x0a90,0x0ef2,
    0x0814,0x0bd0,0x0a54,0x0bd4,0x0a52,0x0bd2,0x0000,0x0000,0x0f90,0x0822,0x0914,0x0ff0,
    0x0952,0x0dd4,0x0950,0x0fd4,0x0954,0x0932,0x0c12,0x0000,0x0000,0x07c0,0x0442,0x0fe4,
    0x0aa0,0x0aa2,0x0ee4,0x0100,0x0ff4,0x0184,0x0542,0x0932,0x0000,0x0000,0x0720,0x08fa,
    0x0024,0x0ff8,0x048a,0x04fc,0x0f88,0x04fc,0x0424,0x04fa,0x0422,0x0000,0x0000,0x0fe0,
    0x0aa2,0x0aa4,0x0fe0,0x0102,0x0fe4,0x0440,0x0ff4,0x0104,0x0fe2,0x0102,0x0000,0x0000,
    0x0280,0x0fe2,0x0aa4,0x0fe0,0x0aa2,0x0fe4,0x0440,0x07c0,0x0288,0x0284,0x0fe2,0x0000,
    0x0000,0x0ff0,0x0102,0x0ff4,0x0910,0x0dd2,0x0444,0x0fe0,0x0014,0x0fe4,0x0882,0x0c82,
    0x0000,0x0000,0x0ef0,0x0a92,0x0a94,0x0af0,0x0b52,0x00f4,0x0f50,0x09f4,0x0904,0x0652,
    0x098a,0x0000,0x0000,0x0080,0x0fe2,0x0d64,0x0ba0,0x0d62,0x0ba4,0x0d60,0x0104,0x0ff4,
    0x0442,0x0832,0x0000,0x0000,0x0fe0,0x0aa2,0x0fe4,0x0000,0x0ff2,0x0444,0x07c0,0x0880,
    0x0548,0x0264,0x0cc2,0x0000,0x0000,0x0100,0x0ff2,0x0aa4,0x0ba0,0x0822,0x0fe4,0x0440,
    0x07c0,0x0448,0x0444,0x0ff2,0x0000,0x0000,0x07c0,0x0222,0x0ff4,0x0520,0x0ce2,0x0224,
    0x0fe0,0x0024,0x0fd4,0x0852,0x0fc2,0x0000,0x0000,0x0220,0x0ef2,0x0a94,0x09f0,0x0892,
    0x0af4,0x0a20,0x04e4,0x0494,0x0a82,0x0962,0x0000,0x0000,0x0ff0,0x0952,0x0ff4,0x0020,
    0x0fe2,0x0894,0x0bf0,0x0aa4,0x0be4,0x0a82,0x0df2,0x0000,0x0000,0x0100,0x0ff2,0x0254,
    0x0ff0,0x0a92,0x0ff4,0x0a90,0x0fd4,0x028c,0x06ca,0x0aa2,0x0000,0x0000,0x0280,0x0fe2,
    0x0aa4,0x0fe0,0x0aa2,0x0fe4,0x0020,0x0fe4,0x0554,0x0252,0x0cc2,0x0000,0x0000,0x0fa8,
    0x026a,0x0fac,0x08f8,0x0aa2,0x0aa4,0x0ab0,0x0aa4,0x0ac4,0x0522,0x089a,0x0000,0x0000,
    0x0fe0,0x0822,0x0fe4,0x0820,0x0fe2,0x0444,0x0aa0,0x0ee4,0x0004,0x0aa2,0x0a92,0x0000,
    0x0000,0x0100,0x0ff2,0x0954,0x0460,0x0bd2,0x0004,0x0fe0,0x0aa4,0x0ff4,0x0102,0x01c2,
    0x0000,0x0000,0x0240,0x0ff2,0x0244,0x0ff0,0x0812,0x07f4,0x0240,0x0b34,0x0684,0x0a72,
    0x0182,0x0000,0x0000,0x0080,0x0ffa,0x0554,0x05d0,0x0b6a,0x0424,0x07e0,0x0424,0x07e4,
    0x0412,0x0412,0x0000,0x0000,0x0080,0x0ff2,0x0244,0x0ff0,0x0812,0x0fe4,0x0140,0x0b34,
    0x0684,0x0a72,0x0182,0x0000,0x0000,0x0ff0,0x0102,0x0fe4,0x0920,0x0da2,0x0104,0x0ff0,
    0x0080,0x0fe8,0x0aa4,0x0aa2,0x0000,0x0000,0x0100,0x0fe2,0x0104,0x0ff0,0x0802,0x07e4,
    0x0100,0x0ff4,0x08a4,0x0aa2,0x0ce2,0x0000,0x0000,0x0240,0x0ff2,0x0284,0x0fc0,0x0262,
    0x0fc4,0x0240,0x0fe0,0x0448,0x0384,0x0c72,0x0000,0x0000,0x05f0,0x0252,0x0ff4,0x0110,
    0x01f2,0x0e54,0x0050,0x0ff4,0x0aa4,0x0aa2,0x0ff2,0x0000,0x0000,0x0780,0x0082,0x0ff4,
    0x0910,0x05a2,0x0a54,0x07e0,0x0c34,0x07e4,0x0422,0x07e2,0x0000,0x0000,0x0a90,0x0ff2,
    0x0494,0x0498,0x0ff2,0x0114,0x0fd0,0x0114,0x0ff4,0x0492,0x0872,0x0000,0x0000,0x0fe0,
    0x0aa2,0x0cc4,0x0aa0,0x0882,0x0244,0x0fe0,0x0234,0x0fe4,0x0222,0x0fe2,0x0000,0x0000,
    0x0a40,0x0a22,0x0f14,0x05f0,0x0f42,0x0524,0x05f0,0x0f44,0x05d4,0x0552,0x0f42,0x0000,
    0x0000,0x0080,0x0ff2,0x0814,0x0fe0,0x0492,0x07e4,0x0430,0x07e4,0x0424,0x07e2,0x0c1a,
    0x0000,0x0000,0x0970,0x0fd2,0x0974,0x0650,0x09f2,0x0554,0x0fd0,0x0974,0x0504,0x0652,
    0x098a,0x0000,0x0000,0x0780,0x0082,0x0ff4,0x0890,0x07f2,0x0554,0x07d0,0x0554,0x07c4,
    0x04a2,0x0bd2,0x0000,0x0000,0x0100,0x0fe2,0x0104,0x0fe0,0x0aa2,0x0fe4,0x0440,0x07c0,
    0x0448,0x07c4,0x0c32,0x0000,0x0000,0x0080,0x0ff2,0x0894,0x0e70,0x0422,0x0764,0x0420,
    0x0ff4,0x0804,0x0952,0x0d4a,0x0000,0x0000,0x0080,0x0ff2,0x0814,0x0ff0,0x0522,0x0344,
    0x07f0,0x0d24,0x07f4,0x052a,0x07e2,0x0000,0x0000,0x0bb0,0x0a92,0x0ad4,0x0a30,0x0ae2,
    0x0b14,0x0ae8,0x0a40,0x08e8,0x0954,0x0df2,0x0000,0x0000,0x0fe0,0x0822,0x0fe4,0x0280,
    0x0fe2,0x0284,0x0ff0,0x0440,0x0928,0x0544,0x09a2,0x0000,0x0000,0x0fa8,0x026a,0x0fac,
    0x08f8,0x0fa2,0x08b4,0x0fa0,0x08b4,0x0fc4,0x0522,0x089a,0x0000,0x0000,0x07a0,0x087a,
    0x0fa4,0x0978,0x0b4a,0x0dfc,0x0948,0x0d7c,0x0ba4,0x097a,0x0da2,0x0000,0x0000,0x0100,
    0x0ffa,0x0014,0x0ff0,0x0422,0x0ff4,0x0a50,0x0bf4,0x0e54,0x0bf2,0x095a,0x0000,0x0000,
    0x0ff0,0x06d2,0x0494,0x0ff0,0x0492,0x0ed4,0x05b0,0x0114,0x0754,0x0142,0x0ff2,0x0000,
    0x0000,0x0240,0x0ff2,0x0904,0x0ff0,0x0902,0x0fe4,0x0920,0x0fe4,0x0924,0x0ef2,0x0a92,
    0x0000,0x0000,0x0f60,0x0822,0x0564,0x0358,0x0ce2,0x0144,0x0f70,0x0144,0x0f74,0x0142,
    0x0ff2,0x0000,0x0000,0x0278,0x0fa2,0x0214,0x0a20,0x0fd2,0x0144,0x0f60,0x0954,0x0f44,
    0x0942,0x0f32,0x0000,0x0000,0x0240,0x0efa,0x02a4,0x0ea0,0x09fa,0x0e94,0x02f0,0x0e94,
    0x02f4,0x0a92,0x0ed2,0x0000,0x0000,0x0fa0,0x0afa,0x0d24,0x00f8,0x0faa,0x08fc,0x0fa0,
    0x08e4,0x0fb4,0x052a,0x08e2,0x0000,0x0000,0x0ff8,0x0542,0x0924,0x0ff8,0x090a,0x0d6c,
    0x0bb8,0x0d64,0x0ba4,0x0d62,0x091a,0x0000,0x0000,0x02f0,0x0f0a,0x0af4,0x0a00,0x09f2,
    0x0954,0x0b50,0x05f4,0x04a4,0x0a52,0x09aa,0x0000,0x0000,0x0ef0,0x0a92,0x0ef4,0x0a90,
    0x0ef2,0x0914,0x0ff0,0x0954,0x0fd4,0x0952,0x0d32,0x0000,0x0000,0x0240,0x0ff2,0x0aa4,
    0x0ee0,0x0242,0x0fe4,0x0130,0x0fe4,0x0124,0x0122,0x0fe2,0x0000,0x0000,0x0ef0,0x0002,
    0x0ee4,0x0aa0,0x0102,0x0fe4,0x0aa0,0x0fe4,0x0254,0x0bd2,0x0e62,0x0000,0x0000,0x0550,
    0x05fa,0x0f54,0x05f8,0x0f2a,0x05fc,0x0520,0x0ffc,0x0524,0x0552,0x0f8a,0x0000,0x0000,
    0x0f78,0x024a,0x0f7c,0x0948,0x0f7a,0x0924,0x0ff8,0x0954,0x0f74,0x052a,0x08b2,0x0000,
    0x0000,0x0fe0,0x0102,0x0fe4,0x0920,0x0582,0x0ef4,0x0aa0,0x0ff4,0x0a54,0x0ff2,0x0a42,
    0x0000,0x0000,0x05d0,0x0822,0x05d4,0x0a28,0x05d2,0x0d54,0x07f0,0x0404,0x0ff4,0x0812,
    0x0702,0x0000,0x0000,0x05d0,0x0a2a,0x05d4,0x0a28,0x05d2,0x0f7c,0x05d0,0x0084,0x0ff4,
    0x02a2,0x0c9a,0x0000,0x0000,0x0040,0x0040,0x0448,0x0448,0x0244,0x0244,0x00a0,0x00a0,
    0x0110,0x0208,0x0c06,0x0000,0x0000,0x0ffe,0x0000,0x0040,0x0448,0x0448,0x0244,0x0244,
    0x00a0,0x0110,0x0208,0x0c06,0x0000,0x0000,0x0fc8,0x0408,0x042a,0x042a,0x042a,0x0408,
    0x0408,0x0414,0x0424,0x0402,0x0702,0x0000,0x0000,0x0008,0x0ffe,0x0008,0x0108,0x0928,
    0x0924,0x0104,0x0284,0x0282,0x0442,0x0830,0x0000,0x0000,0x07fc,0x0400,0x07fc,0x0400,
    0x07fc,0x0040,0x0448,0x0244,0x00a0,0x0318,0x0c06,0x0000,0x0000,0x0108,0x0108,0x010a,
    0x0fea,0x010a,0x0108,0x0108,0x0114,0x0124,0x0102,0x0fe2,0x0000,0x0000,0x03f0,0x010c,
    0x00c0,0x0330,0x0c0e,0x0040,0x0448,0x0244,0x00a0,0x0318,0x0c06,0x0000,0x0000,0x0048,
    0x0fc8,0x084a,0x082a,0x082a,0x0888,0x0908,0x0814,0x0824,0x0402,0x0302,0x0000,0x0000,
    0x0490,0x0248,0x0124,0x0248,0x0490,0x0040,0x0448,0x0244,0x00a0,0x0318,0x0c06,0x0000,
    0x0000,0x0040,0x0ffe,0x0802,0x0040,0x0448,0x0448,0x0244,0x00a0,0x0110,0x0208,0x0c06,
    0x0000,0x0000,0x0108,0x0108,0x010a,0x092a,0x092a,0x0928,0x0928,0x0934,0x0924,0x0922,
    0x0fe2,0x0000,0x0000,0x0108,0x0108,0x0fea,0x044a,0x044a,0x0448,0x0288,0x0294,0x0114,
    0x0282,0x0c62,0x0000,0x0000,0x0e08,0x01c8,0x006a,0x0fda,0x084a,0x0848,0x0fc8,0x0054,
    0x0054,0x0022,0x0022,0x0000,0x0000,0x0048,0x0fc8,0x0948,0x092a,0x052a,0x010a,0x0108,
    0x0294,0x0294,0x0442,0x0832,0x0000,0x0000,0x0040,0x0448,0x0244,0x00a0,0x0318,0x0c46,
    0x0248,0x0248,0x00a0,0x0318,0x0c06,0x0000,0x0000,0x0108,0x0108,0x054a,0x092a,0x010a,
    0x0108,0x0188,0x0814,0x0414,0x0302,0x00e2,0x0000,0x0000,0x0108,0x0fc8,0x090a,0x091a,
    0x090a,0x0fea,0x0108,0x0114,0x0294,0x0442,0x0832,0x0000,0x0000,0x0108,0x0fe8,0x000a,
    0x001a,0x07ca,0x0448,0x0448,0x0454,0x0444,0x0422,0x0c22,0x0000,0x0000,0x0fe0,0x049c,
    0x0320,0x00c0,0x003e,0x0040,0x0448,0x0244,0x00a0,0x0318,0x0c06,0x0000,0x0000,0x0fc8,
    0x0908,0x092a,0x089a,0x064a,0x0008,0x0fc8,0x0854,0x0854,0x0842,0x0fc2,0x0000,0x0000,
    0x0108,0x0fe8,0x020a,0x011a,0x088a,0x0448,0x0288,0x0114,0x0894,0x0842,0x0fe2,0x0000,
    0x0000,0x0fc8,0x0048,0x006a,0x0fda,0x084a,0x0848,0x0fc8,0x0054,0x0064,0x0042,0x0fc2,
    0x0000,0x0000,0x0884,0x0ffc,0x0000,0x0ffc,0x0004,0x0894,0x0494,0x0084,0x0142,0x0222,
    0x0c18,0x0000,0x0000,0x0048,0x0fc8,0x082a,0x0bea,0x0a4a,0x0a48,0x0bc8,0x0c54,0x0064,
    0x0842,0x0f82,0x0000,0x0000,0x0fe8,0x0828,0x082a,0x0baa,0x0aaa,0x0aa8,0x0aa8,0x0bb4,
    0x0824,0x0822,0x0c22,0x0000,0x0000,0x0fe8,0x0108,0x010a,0x0fea,0x092a,0x0928,0x0928,
    0x0ab4,0x0c64,0x0822,0x0c22,0x0000,0x0000,0x0048,0x0fc8,0x014a,0x012a,0x0f2a,0x0108,
    0x0108,0x0f14,0x0124,0x0122,0x0102,0x0000,0x0000,0x0040,0x07c0,0x0040,0x0040,0x03f8,
    0x0208,0x0208,0x03f8,0x0000,0x0494,0x0922,0x0000,0x0000,0x0090,0x0050,0x03fc,0x0220,
    0x07f0,0x0408,0x0ffc,0x0802,0x0954,0x0954,0x0600,0x0000,0x0000,0x0088,0x0ff8,0x004a,
    0x01fa,0x012a,0x0fe8,0x0108,0x0144,0x0524,0x0912,0x0182,0x0000,0x0000,0x0fc8,0x0848,
    0x084a,0x085a,0x084a,0x0fc8,0x0008,0x0494,0x0494,0x0842,0x0842,0x0000,0x0000,0x0608,
    0x01c8,0x004a,0x012a,0x012a,0x0fe8,0x0108,0x0144,0x0524,0x0912,0x0182,0x0000,0x0000,
    0x0448,0x0248,0x0fea,0x000a,0x000a,0x0008,0x0fc8,0x0014,0x0014,0x0002,0x0fe2,0x0000,
    0x0000,0x0fc8,0x0808,0x040a,0x031a,0x0cca,0x0008,0x0fc8,0x0214,0x0214,0x0202,0x0fe2,
    0x0000,0x0000,0x087e,0x0908,0x0978,0x094c,0x0952,0x0920,0x0810,0x0c0c,0x0000,0x0494,
    0x0922,0x0000,0x0000,0x0488,0x0288,0x0fca,0x021a,0x020a,0x0fc8,0x0208,0x0214,0x0fd4,
    0x0202,0x0202,0x0000,0x0000,0x0020,0x03f8,0x0208,0x03f8,0x0008,0x0ff8,0x0008,0x0ff8,
    0x0800,0x0954,0x0d52,0x0000,0x0000,0x0248,0x0248,0x0ffa,0x024a,0x024a,0x0248,0x0ff8,
    0x0004,0x0244,0x0422,0x0812,0x0000,0x0000,0x0088,0x0788,0x044a,0x02aa,0x010a,0x0288,
    0x0c68,0x07d4,0x0454,0x0442,0x07c2,0x0000,0x0000,0x0108,0x0108,0x0fca,0x095a,0x094a,
    0x0948,0x0fc8,0x0514,0x0514,0x0b02,0x08e2,0x0000,0x0000,0x07fc,0x0200,0x0100,0x08de,
    0x0550,0x0248,0x0c46,0x03f8,0x0000,0x0494,0x0922,0x0000,0x0000,0x0fe8,0x0928,0x092a,
    0x0fea,0x092a,0x0928,0x0928,0x0ab4,0x0c64,0x0822,0x0fe2,0x0000,0x0000,0x0108,0x0fe8,
    0x090a,0x050a,0x0fea,0x0088,0x0fc8,0x0064,0x0fd4,0x0802,0x0602,0x0000,0x0000,0x0fe8,
    0x0208,0x0fca,0x085a,0x0a4a,0x0a48,0x0a48,0x0a54,0x0a54,0x0582,0x0862,0x0000,0x0000,
    0x0048,0x0e48,0x01ea,0x048a,0x030a,0x0ce8,0x0008,0x0ff4,0x0284,0x0a42,0x0e32,0x0000,
    0x0000,0x0388,0x0448,0x082a,0x07da,0x000a,0x0008,0x0fe8,0x0484,0x0444,0x0b22,0x08e2,
    0x0000,0x0000,0x07e4,0x0208,0x0102,0x0fe4,0x0a40,0x0924,0x0682,0x0448,0x0244,0x01b0,
    0x0e0e,0x0000,0x0000,0x07e8,0x0428,0x042a,0x07ea,0x022a,0x0228,0x04a8,0x0914,0x0014,
    0x00c2,0x0302,0x0000,0x0000,0x0108,0x07de,0x0508,0x0508,0x04d8,0x048e,0x0948,0x0a4c,
    0x0000,0x0494,0x0922,0x0000,0x0000,0x0e48,0x0188,0x066a,0x090a,0x0fea,0x0148,0x0fc8,
    0x0964,0x0954,0x0d42,0x0102,0x0000,0x0000,0x0108,0x0fc8,0x084a,0x0f9a,0x000a,0x000a,
    0x0fc8,0x0294,0x0294,0x0a42,0x0e32,0x0000,0x0000,0x0040,0x0ffe,0x0208,0x03f8,0x0000,
    0x07fc,0x0080,0x0040,0x0040,0x0494,0x0922,0x0000,0x0000,0x0f88,0x0868,0x048a,0x078a,
    0x0a6a,0x0f88,0x0208,0x0fd4,0x0214,0x0fd2,0x0202,0x0000,0x0000,0x0ffe,0x0040,0x03c8,
    0x0048,0x0ffe,0x0008,0x07f8,0x0008,0x0ff8,0x0894,0x0d22,0x0000,0x0000,0x0fc8,0x0848,
    0x0fda,0x084a,0x0fca,0x0008,0x0fc8,0x0214,0x0fd4,0x0202,0x0202,0x0000,0x0000,0x07c8,
    0x0228,0x011a,0x0fea,0x092a,0x0928,0x0928,0x0ff4,0x0284,0x0442,0x0832,0x0000,0x0000,
    0x0fe8,0x0828,0x0fea,0x002a,0x0fea,0x0828,0x0ba8,0x0ab4,0x0aa4,0x0b92,0x0412,0x0000,
    0x0000,0x0108,0x0fe8,0x048a,0x048a,0x0fea,0x0008,0x0008,0x0fd4,0x0864,0x0842,0x0fc2,
    0x0000,0x0000,0x0208,0x0fbe,0x0308,0x069c,0x0a4a,0x0000,0x0448,0x0244,0x0040,0x01b0,
    0x0e0e,0x0000,0x0000,0x0fe8,0x0828,0x0fea,0x082a,0x0fea,0x0228,0x0228,0x0ef4,0x0224,
    0x0a22,0x0ee2,0x0000,0x0000,0x0008,0x0ffc,0x02aa,0x02a8,0x0ffe,0x02a8,0x02a8,0x0ffe,
    0x0000,0x0494,0x0922,0x0000,0x0000,0x0108,0x0fe8,0x0aaa,0x028a,0x0a4a,0x0e28,0x0008,
    0x0fd4,0x0114,0x0102,0x0fe2,0x0000,0x0000,0x0110,0x07f8,0x0088,0x07fc,0x008a,0x07f8,
    0x0088,0x07f8,0x0000,0x0494,0x0922,0x0000,0x0000,0x07c8,0x0428,0x021a,0x008a,0x0c6a,
    0x0828,0x0828,0x0ee4,0x0824,0x0822,0x0fe2,0x0000,0x0000,0x0504,0x093c,0x07e4,0x012a,
    0x0110,0x0294,0x0448,0x0826,0x0000,0x0494,0x0922,0x0000,0x0000,0x0108,0x0ff8,0x010a,
    0x0fea,0x092a,0x0d68,0x0928,0x0ff4,0x0184,0x0542,0x0932,0x0000,0x0000,0x0108,0x0fe8,
    0x082a,0x07ca,0x044a,0x07c8,0x0448,0x0454,0x07d4,0x0002,0x0fe2,0x0000,0x0000,0x0108,
    0x0fc8,0x086a,0x0fda,0x084a,0x0848,0x0fc8,0x0214,0x0fd4,0x0202,0x0fe2,0x0000,0x0000,
    0x0110,0x0ffe,0x04a4,0x04bc,0x04a4,0x04bc,0x0424,0x0634,0x0000,0x0494,0x0922,0x0000,
    0x0000,0x0fe8,0x0288,0x0fea,0x0aaa,0x0e6a,0x0828,0x0fe8,0x0114,0x0fd4,0x0102,0x0fe2,
    0x0000,0x0000,0x0fc8,0x0848,0x0fca,0x085a,0x0fca,0x0108,0x0fc8,0x0494,0x0494,0x0202,
    0x0fe2,0x0000,0x0000,0x00bc,0x0fa2,0x0490,0x043c,0x0520,0x027e,0x0520,0x08bc,0x0000,
    0x0494,0x0922,0x0000,0x0000,0x0448,0x0fe8,0x044a,0x07da,0x044a,0x07c8,0x0108,0x0ff4,
    0x0184,0x0542,0x0932,0x0000,0x0000,0x07c8,0x0228,0x0ffa,0x0aaa,0x0aaa,0x0e68,0x0928,
    0x0ff4,0x0284,0x0442,0x0832,0x0000,0x0000,0x005e,0x0fd2,0x0832,0x09de,0x0952,0x0952,
    0x09d2,0x061e,0x0000,0x0494,0x0922,0x0000,0x0000,0x0fde,0x0912,0x0892,0x065e,0x0012,
    0x0fd2,0x085e,0x0fc0,0x0000,0x0494,0x0922,0x0000,0x0000,0x0fe8,0x0928,0x0fea,0x092a,
    0x0fea,0x0008,0x0fe8,0x0954,0x0554,0x0242,0x0ce2,0x0000,0x0000,0x0fe8,0x0108,0x0fca,
    0x085a,0x0fca,0x084a,0x0fc8,0x0854,0x0fd4,0x0442,0x0832,0x0000,0x0000,0x07e8,0x0428,
    0x07ea,0x042a,0x0fea,0x0048,0x0fe8,0x0a94,0x0a44,0x0922,0x0682,0x0000,0x0000,0x0420,
    0x03fc,0x0120,0x0ffe,0x0210,0x03f8,0x0216,0x03f0,0x0000,0x0494,0x0922,0x0000,0x0000,
    0x07e8,0x0428,0x07e4,0x0106,0x0ff4,0x0544,0x0920,0x0448,0x0244,0x01b0,0x0e0e,0x0000,
    0x0000,0x0fe8,0x0028,0x07ea,0x042a,0x07ea,0x002a,0x0ee8,0x0894,0x0aa4,0x0992,0x0cca,
    0x0000,0x0000,0x0108,0x0fc8,0x086a,0x0fda,0x084a,0x0848,0x0fc8,0x0114,0x0454,0x0852,
    0x0382,0x0000,0x0000,0x0c84,0x03a2,0x08be,0x0fa2,0x00be,0x0fa2,0x00be,0x0fa2,0x0000,
    0x0494,0x0922,0x0000,0x0000,0x07fc,0x0040,0x0ffe,0x0554,0x0444,0x07fc,0x0040,0x0ffe,
    0x0000,0x0494,0x0922,0x0000,0x0000,0x0088,0x0ff8,0x0a48,0x042a,0x099a,0x024a,0x0428,
    0x0ff4,0x0424,0x0422,0x07e2,0x0000,0x0000,0x0fbe,0x0892,0x08ba,0x0faa,0x00aa,0x00ba,
    0x0892,0x0fbe,0x0000,0x0494,0x0922,0x0000,0x0000,0x0108,0x07fe,0x0524,0x057c,0x0490,
    0x04be,0x0948,0x0a4c,0x0000,0x0494,0x0922,0x0000,0x0000,0x047e,0x0fc2,0x047e,0x0492,
    0x0534,0x061a,0x0040,0x0448,0x0244,0x01b0,0x0e0e,0x0000,0x0000,0x0088,0x0fbe,0x0488,
    0x047e,0x0548,0x023c,0x0522,0x08d8,0x0000,0x0494,0x0922,0x0000,0x0000,0x0110,0x07fe,
    0x0510,0x057e,0x0494,0x04ba,0x0948,0x0a5e,0x0000,0x0494,0x0922,0x0000,0x0000,0x0108,
    0x0ff8,0x028a,0x0fea,0x0aaa,0x0a68,0x0fa8,0x0ab4,0x0aa4,0x0ba2,0x0c22,0x0000,0x0000,
    0x0040,0x0ffe,0x0040,0x07fc,0x0110,0x0ffe,0x0208,0x03f8,0x0000,0x0494,0x0922,0x0000,
    0x0000,0x0a48,0x0bf8,0x02aa,0x0eaa,0x03fa,0x0a08,0x0ae8,0x04b4,0x04e4,0x0aa2,0x09e2,
    0x0000,0x0000,0x0248,0x0ff8,0x024a,0x0fea,0x054a,0x0ff8,0x0548,0x0fe4,0x0104,0x0ff2,
    0x0102,0x0000,0x0000,0x0ae8,0x0aa8,0x0faa,0x02da,0x02aa,0x0248,0x0528,0x0894,0x0004,
    0x04a2,0x0912,0x0000,0x0000,0x0abc,0x06a2,0x0210,0x0508,0x08b6,0x0022,0x0aa2,0x06b6,
    0x0222,0x0522,0x08be,0x0000,0x0000,0x09e8,0x0508,0x0aaa,0x044a,0x0fca,0x0028,0x0fc8,
    0x0854,0x0fd4,0x0482,0x0fe2,0x0000,0x0000,0x0248,0x0ff8,0x0a0a,0x09ea,0x08aa,0x0ae8,
    0x0a88,0x0444,0x05f4,0x0a42,0x0962,0x0000,0x0000,0x0448,0x0244,0x00a0,0x0f1e,0x0554,
    0x0aaa,0x0444,0x07fc,0x0040,0x0370,0x0c4e,0x0000,0x0000,0x0108,0x0ff8,0x04aa,0x0fca,
    0x086a,0x0fd8,0x0848,0x0fd4,0x0104,0x0522,0x0992,0x0000,0x0000,0x0108,0x0fe8,0x010a,
    0x0ffa,0x044a,0x0ee8,0x0448,0x0ff4,0x0284,0x0a42,0x0e32,0x0000,0x0000,0x0fe8,0x0528,
    0x034a,0x0ffa,0x054a,0x0928,0x0ff8,0x0924,0x0fe4,0x0922,0x0fe2,0x0000,0x0000,0x0110,
    0x0ffe,0x0110,0x09f0,0x060e,0x02e8,0x0aac,0x0eea,0x0000,0x0494,0x0922,0x0000,0x0000,
    0x07e4,0x0428,0x07e2,0x0424,0x0ff0,0x0944,0x06a2,0x0448,0x0244,0x01b0,0x0e0e,0x0000,
    0x0000,0x0ee8,0x0aa8,0x0eea,0x0aaa,0x0eea,0x0828,0x0928,0x0cb4,0x08e4,0x0b22,0x0c22,
    0x0000,0x0000,0x0954,0x0552,0x02a8,0x0444,0x0ffe,0x0912,0x09f2,0x0040,0x03f8,0x0208,
    0x03f8,0x0000,0x0000,0x0088,0x0fe8,0x0d6a,0x0baa,0x0d6a,0x0ba8,0x0d68,0x0114,0x0ff4,
    0x0442,0x0832,0x0000,0x0000,0x07c8,0x0448,0x0fe8,0x0aaa,0x0aaa,0x0eea,0x0108,0x0ff4,
    0x0184,0x0542,0x0932,0x0000,0x0000,0x0ee8,0x0828,0x0aea,0x0aba,0x054a,0x092a,0x0548,
    0x0ff4,0x0194,0x0542,0x0932,0x0000,0x0000,0x0508,0x0f98,0x012a,0x02ca,0x0b1a,0x06a8,
    0x0b08,0x0ab4,0x0324,0x0062,0x0f9a,0x0000,0x0000,0x0f68,0x0928,0x096a,0x092a,0x09ea,
    0x0048,0x0f48,0x0af4,0x0a44,0x0642,0x09f2,0x0000,0x0000,0x0fe8,0x0aa8,0x0fea,0x002a,
    0x0fea,0x0aa8,0x0be8,0x0894,0x0a94,0x0be2,0x0c02,0x0000,0x0000,0x02e8,0x0b1a,0x0aea,
    0x0208,0x05f4,0x08a2,0x00a0,0x0ffe,0x0208,0x01f0,0x0e0e,0x0000,0x0000,0x07c8,0x0828,
    0x0fda,0x000a,0x0fea,0x0aa8,0x0fe8,0x0454,0x07d4,0x0442,0x07c2,0x0000,0x0000,0x0fbe,
    0x0104,0x0aaa,0x071c,0x0aaa,0x030c,0x0040,0x0448,0x0244,0x01b0,0x0e0e,0x0000,0x0000,
    0x0fe8,0x0108,0x0ffa,0x0b6a,0x092a,0x0fe8,0x0108,0x0ff4,0x0004,0x0aa2,0x0a92,0x0000,
    0x0000,0x0108,0x0fe8,0x090a,0x0ffa,0x090a,0x0fe8,0x04a8,0x0914,0x0fe4,0x0aa2,0x0ff2,
    0x0000,0x0000,0x0040,0x07fc,0x0040,0x0ffe,0x0840,0x0ffe,0x0454,0x069c,0x0000,0x0494,
    0x0922,0x0000,0x0000,0x0fe8,0x0aa8,0x0cca,0x0aaa,0x088a,0x0248,0x0fc8,0x0254,0x0fe4,
    0x0242,0x0fc2,0x0000,0x0000,0x0fe8,0x0828,0x0fea,0x024a,0x0ffa,0x024a,0x0ff8,0x0454,
    0x0924,0x0542,0x09a2,0x0000,0x0000,0x0948,0x07a8,0x0aca,0x07aa,0x0aaa,0x0fe8,0x0108,
    0x0ff4,0x0184,0x0542,0x0932,0x0000,0x0000,0x0788,0x0088,0x0fea,0x092a,0x07aa,0x0128,
    0x0fd8,0x0554,0x0fe4,0x0aa2,0x0ff2,0x0000,0x0000,0x0ee8,0x0aa8,0x0eea,0x0aaa,0x0eea,
    0x0a28,0x0fe8,0x0ab4,0x0fa4,0x0aa2,0x0a62,0x0000,0x0000,0x06ec,0x04a4,0x06ec,0x04a4,
    0x0ffe,0x0aaa,0x0444,0x0ffe,0x0a4a,0x01b0,0x0e0e,0x0000,0x0000,0x0ffc,0x0224,0x0224,
    0x0224,0x0224,0x0224,0x0424,0x0424,0x0422,0x0822,0x0822,0x0000,0x0000,0x0ffe,0x0aaa,
    0x0aaa,0x0faa,0x00aa,0x08aa,0x0f2a,0x004a,0x004a,0x018a,0x0e0a,0x0000,0x0000,0x05fc,
    0x0424,0x0248,0x07fc,0x0440,0x0ffe,0x0440,0x07fc,0x0040,0x0040,0x0070,0x0000,0x0000,
    0x05fc,0x0424,0x0248,0x07fc,0x0040,0x0ffe,0x0020,0x03f0,0x022e,0x01c0,0x0e3c,0x0000,
    0x0000,0x05fc,0x0424,0x0248,0x0ffe,0x0822,0x07fc,0x0010,0x03f8,0x0216,0x01f0,0x0e0e,
    0x0000,0x0000,0x0ffe,0x0248,0x0ffe,0x0912,0x0ffe,0x0422,0x0ffe,0x04a2,0x053e,0x0412,
    0x066e,0x0000,0x0000,0x0110,0x0110,0x0208,0x0404,0x0802,0x0110,0x00a0,0x0040,0x00a0,
    0x0318,0x0c06,0x0000,0x0000,0x01b0,0x0e0e,0x01b0,0x00e0,0x0318,0x0c06,0x03f8,0x0220,
    0x0220,0x01a0,0x0020,0x0000,0x0000,0x01b0,0x0e0e,0x01b0,0x0040,0x03f8,0x0e4e,0x0248,
    0x03f8,0x0008,0x0808,0x0ff0,0x0000,0x0000,0x0318,0x0ce6,0x0318,0x0c26,0x01e0,0x011c,
    0x00e0,0x0f1e,0x08e0,0x0680,0x01f8,0x0000,0x0000,0x01b0,0x0e0e,0x01b0,0x00e0,0x0fbe,
    0x08a4,0x04bc,0x08a4,0x08bc,0x06a6,0x00a0,0x0000,0x0000,0x040c,0x0330,0x00c0,0x0330,
    0x0c0e,0x0110,0x0110,0x00a0,0x0040,0x01b0,0x0e0e,0x0000,0x0000,0x0040,0x0ffe,0x0040,
    0x0554,0x0248,0x0554,0x0248,0x0444,0x00a0,0x0318,0x0c06,0x0000,0x0000,0x0ffe,0x0248,
    0x0444,0x0ffe,0x0842,0x0ce6,0x0b5a,0x0ce6,0x0b5a,0x0ce6,0x0842,0x0000,0x0000,0x0208,
    0x0208,0x0208,0x03f8,0x0200,0x0200,0x03fc,0x0210,0x0210,0x0208,0x0206,0x0000,0x0000,
    0x010a,0x0fea,0x054a,0x054e,0x0ba8,0x0108,0x0fee,0x0aaa,0x0baa,0x082a,0x0fea,0x0000,
    0x0000,0x0088,0x0088,0x0088,0x0ff8,0x0008,0x0008,0x03f8,0x0208,0x0208,0x0204,0x0204,
    0x0000,0x0000,0x0fca,0x004a,0x004a,0x07de,0x0442,0x0442,0x052e,0x052a,0x020a,0x058a,
    0x086a,0x0000,0x0000,0x008a,0x0fea,0x092a,0x0ffe,0x0922,0x0922,0x0fee,0x028a,0x024a,
    0x0fea,0x020a,0x0000,0x0000,0x010a,0x0fea,0x010a,0x0ffe,0x0a82,0x0322,0x024e,0x0fea,
    0x010a,0x048a,0x086a,0x0000,0x0000,0x054a,0x0fea,0x054a,0x075e,0x0042,0x0fc2,0x010e,
    0x0fea,0x018a,0x054a,0x092a,0x0000,0x0000,0x0fea,0x002a,0x0fea,0x083e,0x0fe2,0x0a22,
    0x0fee,0x0aaa,0x0faa,0x0aaa,0x0aaa,0x0000,0x0000,0x010a,0x0fea,0x010a,0x0ffe,0x0aa2,
    0x0fe2,0x044e,0x07ca,0x044a,0x07ca,0x0c3a,0x0000,0x0000,0x07fc,0x0108,0x0108,0x0108,
    0x0ffe,0x0180,0x0140,0x0120,0x0118,0x0106,0x01c0,0x0000,0x0000,0x0044,0x0044,0x07fc,
    0x0042,0x0042,0x0040,0x0ffe,0x0040,0x0040,0x0040,0x0040,0x0000,0x0000,0x008a,0x008a,
    0x08be,0x048a,0x028a,0x0188,0x00b8,0x008e,0x0888,0x0888,0x0f88,0x0000,0x0000,0x0120,
    0x0210,0x07fe,0x0840,0x0048,0x07f8,0x0044,0x0042,0x0ffe,0x0040,0x0040,0x0000,0x0000,
    0x010a,0x0d4a,0x0b5e,0x09ca,0x096a,0x0948,0x0d58,0x014e,0x0048,0x0848,0x0fc8,0x0000,
    0x0000,0x020a,0x020a,0x023e,0x0fca,0x020a,0x0208,0x0238,0x020e,0x0208,0x0208,0x0fc8,
    0x0000,0x0000,0x0040,0x0ffe,0x0842,0x084a,0x07f8,0x0044,0x0042,0x0ffe,0x0040,0x0040,
    0x0040,0x0000,0x0000,0x008a,0x0f8a,0x04be,0x044a,0x044a,0x0508,0x0538,0x020e,0x0208,
    0x0588,0x0868,0x0000,0x0000,0x002a,0x0fea,0x0aae,0x0a9a,0x0a4a,0x0948,0x0938,0x08ae,
    0x0888,0x0408,0x0308,0x0000,0x0000,0x020a,0x020a,0x0fde,0x020a,0x020a,0x0208,0x0fd8,
    0x084e,0x0848,0x0848,0x0fc8,0x0000,0x0000,0x024a,0x024a,0x0fde,0x024a,0x020a,0x0208,
    0x0fd8,0x020e,0x0208,0x0208,0x0fe8,0x0000,0x0000,0x0c0a,0x03ca,0x025e,0x024a,0x0fca,
    0x0248,0x0258,0x044e,0x05c8,0x0808,0x0be8,0x0000,0x0000,0x0040,0x0ffe,0x0110,0x0208,
    0x0ffe,0x084a,0x07f8,0x0044,0x0ffe,0x0040,0x0040,0x0000,0x0000,0x010a,0x0fea,0x011e,
    0x010a,0x0fea,0x0408,0x0ff8,0x040e,0x0448,0x0488,0x0608,0x0000,0x0000,0x0fea,0x028a,
    0x029e,0x0fea,0x0aaa,0x0aa8,0x0ab8,0x0e6e,0x0828,0x0828,0x0fe8,0x0000,0x0000,0x048a,
    0x088a,0x07fe,0x054a,0x034a,0x0548,0x0348,0x054e,0x0348,0x0928,0x0ea8,0x0000,0x0000,
    0x0040,0x0ffe,0x0120,0x0090,0x0ffe,0x090a,0x07f8,0x0044,0x0ffe,0x0040,0x0040,0x0000,
    0x0000,0x0fca,0x010a,0x0fde,0x088a,0x088a,0x0fc8,0x0018,0x0fce,0x0848,0x0848,0x0fc8,
    0x0000,0x0000,0x0ffc,0x0804,0x0ffc,0x0084,0x0ebc,0x0084,0x0ebc,0x03e4,0x0092,0x0ffa,
    0x0080,0x0000,0x0000,0x097e,0x0910,0x097e,0x0918,0x0934,0x0c52,0x0044,0x07fc,0x0042,
    0x0ffe,0x0040,0x0000,0x0000,0x010a,0x0fea,0x011e,0x028a,0x044a,0x0fe8,0x0418,0x05ce,
    0x0548,0x05c8,0x0608,0x0000,0x0000,0x0044,0x07fc,0x0044,0x0ffe,0x0040,0x0248,0x028a,
    0x0fbe,0x0208,0x0fbe,0x0208,0x0000,0x0000,0x010a,0x0fea,0x011e,0x0fea,0x0a8a,0x0328,
    0x0258,0x0fee,0x0108,0x0488,0x0868,0x0000,0x0000,0x010a,0x0fea,0x045e,0x07ca,0x000a,
    0x0fe8,0x0838,0x0bae,0x0aa8,0x0ba8,0x0c28,0x0000,0x0000,0x0954,0x0552,0x02a8,0x0444,
    0x0ffe,0x084a,0x0bfa,0x0044,0x0040,0x0ffe,0x0040,0x0000,0x0000,0x0088,0x0fbe,0x0448,
    0x053e,0x0208,0x0ffc,0x0096,0x0ff4,0x008c,0x0ffa,0x0082,0x0000,0x0000,0x07de,0x0450,
    0x0fde,0x0942,0x0fde,0x0110,0x0d44,0x0bfc,0x0042,0x0ffe,0x0040,0x0000,0x0000,0x010a,
    0x0fea,0x011e,0x0fea,0x0aaa,0x0fe8,0x0458,0x07ce,0x0448,0x07c8,0x0c38,0x0000,0x0000,
    0x024a,0x0fea,0x011e,0x0fea,0x024a,0x0ff8,0x0aa8,0x0a3e,0x04e8,0x0a88,0x0968,0x0000,
    0x0000,0x0240,0x0440,0x0040,0x0ffe,0x0040,0x0040,0x00a0,0x00a0,0x0110,0x0208,0x0c06,
    0x0000,0x0000,0x07c8,0x044a,0x0444,0x0444,0x044a,0x0748,0x004c,0x004a,0x0848,0x0848,
    0x0fc6,0x0000,0x0000,0x0088,0x008a,0x07e4,0x0484,0x048a,0x0488,0x048c,0x044a,0x0448,
    0x0828,0x0826,0x0000,0x0000,0x0508,0x0908,0x010a,0x0fec,0x0108,0x0108,0x0108,0x028c,
    0x028a,0x0448,0x0838,0x0000,0x0000,0x0908,0x090a,0x0fe4,0x0104,0x030a,0x0288,0x028c,
    0x024a,0x0a48,0x0a28,0x0e26,0x0000,0x0000,0x0512,0x0912,0x0112,0x0ffe,0x0110,0x0110,
    0x011e,0x0294,0x0294,0x0452,0x0832,0x0000,0x0000,0x0fe8,0x010a,0x0104,0x0104,0x010a,
    0x0fe8,0x010c,0x010a,0x0108,0x0108,0x0fe6,0x0000,0x0000,0x07e8,0x048a,0x0484,0x0484,
    0x048a,0x0fe8,0x044c,0x044a,0x0448,0x0448,0x0ff6,0x0000,0x0000,0x0108,0x010a,0x0944,
    0x0944,0x052a,0x0528,0x010c,0x028a,0x0288,0x0448,0x0836,0x0000,0x0000,0x0fc8,0x084a,
    0x0a44,0x0a44,0x0a4a,0x0a48,0x0a4c,0x0a4a,0x0108,0x0488,0x0866,0x0000,0x0000,0x0fe8,
    0x092a,0x0924,0x0fe4,0x092a,0x0928,0x0fec,0x010a,0x0108,0x0108,0x0106,0x0000,0x0000,
    0x0fe8,0x02aa,0x02a4,0x02a4,0x02aa,0x04a8,0x04ac,0x04aa,0x0aa8,0x0bd8,0x0816,0x0000,
    0x0000,0x0288,0x0fea,0x0a84,0x0fe4,0x02aa,0x02a8,0x0fec,0x0a8a,0x0a88,0x0648,0x0236,
    0x0000,0x0000,0x0048,0x0fca,0x0824,0x0824,0x09ca,0x0948,0x094c,0x09ca,0x0808,0x0408,
    0x0306,0x0000,0x0000,0x07e8,0x042a,0x0424,0x07e4,0x042a,0x0428,0x07ec,0x042a,0x0428,
    0x0428,0x0ff6,0x0000,0x0000,0x0108,0x0fea,0x0824,0x0004,0x0fea,0x0208,0x020c,0x020a,
    0x0208,0x0208,0x0386,0x0000,0x0000,0x07e8,0x042a,0x07e4,0x0424,0x042a,0x07e8,0x092c,
    0x052a,0x0228,0x0428,0x08e6,0x0000,0x0000,0x0108,0x0fea,0x0004,0x0444,0x082a,0x0008,
    0x044c,0x028a,0x0108,0x0288,0x0c66,0x0000,0x0000,0x0108,0x0fea,0x0824,0x0824,0x040a,
    0x0fe8,0x040c,0x044a,0x0488,0x0408,0x0606,0x0000,0x0000,0x0108,0x010a,0x0fe4,0x0924,
    0x092a,0x0928,0x0fec,0x010a,0x0908,0x0908,0x0fe6,0x0000,0x0000,0x0108,0x0fea,0x0104,
    0x0924,0x054a,0x0108,0x0fec,0x010a,0x0288,0x0448,0x0836,0x0000,0x0000,0x0f88,0x02aa,
    0x02a4,0x0fa4,0x0aaa,0x0aa8,0x0aac,0x0a8a,0x0a48,0x0e48,0x0226,0x0000,0x0000,0x0788,
    0x044a,0x0224,0x0fc4,0x0a0a,0x0fe8,0x0a0c,0x0fca,0x0208,0x0208,0x0386,0x0000,0x0000,
    0x0a28,0x0a4a,0x0204,0x0fb4,0x022a,0x0228,0x022c,0x052a,0x0568,0x08a8,0x0886,0x0000,
    0x0000,0x03c8,0x042a,0x0814,0x0fe4,0x010a,0x0108,0x0ffc,0x010a,0x0548,0x0928,0x0186,
    0x0000,0x0000,0x0fc8,0x084a,0x0fc4,0x0004,0x0fca,0x0848,0x0fcc,0x084a,0x0fc8,0x0848,
    0x0c46,0x0000,0x0000,0x0fe8,0x092a,0x0fe4,0x0924,0x092a,0x0fe8,0x010c,0x0fea,0x0108,
    0x0108,0x0fe6,0x0000,0x0000,0x0108,0x0fea,0x0104,0x0544,0x054a,0x0ba8,0x092c,0x010a,
    0x0288,0x0448,0x0836,0x0000,0x0000,0x0108,0x07ea,0x0424,0x07e4,0x042a,0x0428,0x07ec,
    0x092a,0x0528,0x0228,0x0ce6,0x0000,0x0000,0x0fc8,0x084a,0x0fc4,0x0844,0x0fca,0x0848,
    0x084c,0x0fca,0x0008,0x0488,0x0866,0x0000,0x0000,0x0988,0x086a,0x0a44,0x0a44,0x0bfa,
    0x0a48,0x0a6c,0x0ada,0x0948,0x0848,0x0c46,0x0000,0x0000,0x0cc8,0x084a,0x0844,0x0ec4,
    0x084a,0x0848,0x0fcc,0x028a,0x0288,0x0a48,0x0e36,0x0000,0x0000,0x0488,0x0fea,0x0484,
    0x0484,0x0fea,0x0008,0x0fcc,0x084a,0x0fc8,0x0848,0x0fc6,0x0000,0x0000,0x07c8,0x044a,
    0x07c4,0x0444,0x07ca,0x0008,0x0fec,0x082a,0x0fe8,0x0828,0x0fe6,0x0000,0x0000,0x0108,
    0x0fea,0x0284,0x0444,0x082a,0x0fe8,0x080c,0x09ca,0x0948,0x09c8,0x0c06,0x0000,0x0000,
    0x0be8,0x092a,0x0544,0x0004,0x0fca,0x0a08,0x0fec,0x0a0a,0x0fc8,0x0208,0x0386,0x0000,
    0x0000,0x07c8,0x040a,0x0204,0x0104,0x0fea,0x0108,0x010c,0x0fea,0x0aa8,0x0aa8,0x0ff6,
    0x0000,0x0000,0x0108,0x0fca,0x0104,0x0fc4,0x010a,0x0fe8,0x084c,0x0fca,0x0848,0x0fc8,
    0x0846,0x0000,0x0000,0x0108,0x0fea,0x0444,0x0444,0x0aaa,0x0928,0x010c,0x0fea,0x0108,
    0x0108,0x0106,0x0000,0x0000,0x0788,0x084a,0x0024,0x0fc4,0x010a,0x0fe8,0x010c,0x0fca,
    0x0848,0x0848,0x0fc6,0x0000,0x0000,0x0fe8,0x092a,0x0fe4,0x0924,0x0fea,0x0008,0x0fec,
    0x094a,0x0548,0x0248,0x0ce6,0x0000,0x0000,0x0fc8,0x084a,0x0fc4,0x0844,0x0fca,0x0248,
    0x0fcc,0x022a,0x0fc8,0x0208,0x0fe6,0x0000,0x0000,0x0108,0x0fea,0x0904,0x0504,0x0fea,
    0x0088,0x0fcc,0x086a,0x0fc8,0x0848,0x0fc6,0x0000,0x0000,0x0488,0x0fea,0x0484,0x0004,
    0x0fea,0x0928,0x092c,0x0fea,0x0928,0x0928,0x0fe6,0x0000,0x0000,0x0fe8,0x092a,0x0fe4,
    0x0924,0x0fea,0x0448,0x07cc,0x044a,0x07c8,0x0448,0x0646,0x0000,0x0000,0x0a08,0x0a7e,
    0x0208,0x0ffe,0x0252,0x024a,0x027e,0x054a,0x057e,0x08ca,0x0862,0x0000,0x0000,0x0928,
    0x092a,0x0fe4,0x0004,0x0fea,0x0088,0x0fec,0x0aaa,0x0aa8,0x0aa8,0x0c26,0x0000,0x0000,
    0x07c8,0x044a,0x0424,0x0fe4,0x00ba,0x0fa8,0x022c,0x0fea,0x0228,0x0528,0x08e6,0x0000,
    0x0000,0x0248,0x0fea,0x0284,0x0fe4,0x0aaa,0x0aa8,0x0e6c,0x082a,0x0fe8,0x0828,0x0fe6,
    0x0000,0x0000,0x0a14,0x0a7e,0x0214,0x0ffe,0x024a,0x024a,0x0276,0x0542,0x057e,0x08c2,
    0x087e,0x0000,0x0000,0x07c8,0x044a,0x0744,0x0544,0x0fea,0x0828,0x07cc,0x044a,0x07c8,
    0x0448,0x0646,0x0000,0x0000,0x0108,0x0fea,0x0104,0x0ff4,0x044a,0x0448,0x07cc,0x0a8a,
    0x0a78,0x0448,0x09e6,0x0000,0x0000,0x0ae8,0x0a0a,0x02f4,0x0f04,0x02ea,0x0208,0x020c,
    0x05ea,0x0528,0x0928,0x09e6,0x0000,0x0000,0x0fa8,0x02ea,0x02a4,0x0fa4,0x0aea,0x0a28,
    0x0aec,0x0aaa,0x0aa8,0x0ea8,0x02e6,0x0000,0x0000,0x0f12,0x0ade,0x0510,0x0fde,0x0454,
    0x0692,0x0840,0x0ffe,0x00a0,0x0318,0x0c06,0x0000,0x0000,0x0108,0x0fea,0x0484,0x0ff4,
    0x082a,0x0fe8,0x082c,0x0fea,0x0108,0x0fe8,0x0106,0x0000,0x0000,0x0ff8,0x014a,0x0f54,
    0x0af4,0x0a2a,0x0aa8,0x02fc,0x052a,0x0528,0x0898,0x0896,0x0000,0x0000,0x0108,0x0fea,
    0x0a54,0x07e4,0x0c3a,0x07e8,0x042c,0x07ea,0x0108,0x0528,0x0996,0x0000,0x0000,0x0fe8,
    0x0aaa,0x0fe4,0x0044,0x0fea,0x0898,0x0bec,0x0aaa,0x0be8,0x0a88,0x0de6,0x0000,0x0000,
    0x07c8,0x082a,0x0fd4,0x0004,0x0fea,0x0aa8,0x0fec,0x044a,0x07c8,0x0448,0x07c6,0x0000,
    0x0000,0x0728,0x04fa,0x0224,0x0ffc,0x08aa,0x0af8,0x0aac,0x0aea,0x0ab8,0x0528,0x08a6,
    0x0000,0x0000,0x0108,0x0ffa,0x0944,0x0454,0x0bca,0x0008,0x0fec,0x0aaa,0x0ff8,0x0108,
    0x0186,0x0000,0x0000,0x0488,0x0fea,0x0484,0x0fc4,0x026a,0x0fc8,0x024c,0x0fea,0x0448,
    0x0388,0x0c66,0x0000,0x0000,0x0928,0x049a,0x0924,0x0fe4,0x092a,0x0aa8,0x0fec,0x052a,
    0x0768,0x0928,0x0b76,0x0000,0x0000,0x0108,0x0fea,0x04a4,0x0fe4,0x04aa,0x0fe8,0x0a5c,
    0x0fca,0x0a48,0x07c8,0x0836,0x0000,0x0000,0x0a7e,0x0a4a,0x027e,0x0faa,0x023e,0x022a,
    0x027e,0x0500,0x053e,0x08a2,0x087e,0x0000,0x0000,0x0fa8,0x0a7a,0x0d24,0x00fc,0x0faa,
    0x08f8,0x0fac,0x08ea,0x0fb8,0x0528,0x08a6,0x0000,0x0000,0x0a38,0x0a08,0x027e,0x0fca,
    0x027e,0x020a,0x027e,0x052a,0x057e,0x08ca,0x0856,0x0000,0x0000,0x0ff8,0x054a,0x0924,
    0x0ff4,0x0d0a,0x0bc8,0x0d7c,0x0bca,0x0d48,0x0bc8,0x0936,0x0000,0x0000,0x0248,0x0fea,
    0x0aa4,0x0ee4,0x024a,0x0fe8,0x013c,0x0fea,0x0128,0x0128,0x0fe6,0x0000,0x0000,0x0fe8,
    0x0aaa,0x0fe4,0x0544,0x0faa,0x0548,0x0f2c,0x05ea,0x0f48,0x05e8,0x0f46,0x0000,0x0000,
    0x0040,0x0ffe,0x0040,0x0220,0x0110,0x0088,0x0250,0x0220,0x0210,0x0508,0x04fc,0x0000,
    0x0000,0x0040,0x0ffe,0x0444,0x02a8,0x0040,0x0524,0x09f2,0x0040,0x0ffe,0x0040,0x0040,
    0x0000,0x0000,0x0ffe,0x0040,0x0040,0x0040,0x0040,0x07fc,0x0040,0x0440,0x0840,0x0040,
    0x0ffe,0x0000,0x0000,0x0ffe,0x0040,0x0040,0x0040,0x0040,0x07fc,0x0040,0x0040,0x0040,
    0x0040,0x0ffe,0x0000,0x0000,0x0040,0x07de,0x0444,0x0444,0x042e,0x0224,0x0204,0x0104,
    0x028e,0x0460,0x0818,0x0000,0x0000,0x07f0,0x040e,0x0444,0x0444,0x0224,0x022e,0x0fe4,
    0x0804,0x0bf4,0x080e,0x0600,0x0000,0x0000,0x0100,0x011e,0x0fe8,0x0448,0x0448,0x045e,
    0x0288,0x0288,0x0118,0x02c6,0x0c30,0x0000,0x0000,0x0380,0x044e,0x0824,0x0014,0x0444,
    0x044e,0x0444,0x0444,0x0444,0x042e,0x0420,0x0000,0x0000,0x0fc0,0x085e,0x0848,0x0fc8,
    0x0848,0x085e,0x0fc8,0x0848,0x0858,0x0826,0x0e20,0x0000,0x0000,0x0fe0,0x001e,0x0008,
    0x0008,0x0ffe,0x0248,0x0248,0x0258,0x0246,0x0a20,0x0e18,0x0000,0x0000,0x0040,0x0fde,
    0x0448,0x0448,0x0448,0x051e,0x0508,0x0208,0x0218,0x0586,0x0860,0x0000,0x0000,0x0fee,
    0x0204,0x0204,0x0104,0x018e,0x0544,0x0924,0x0104,0x010e,0x0100,0x0100,0x0000,0x0000,
    0x0fc0,0x085e,0x0a48,0x0a48,0x0a48,0x0a5e,0x0a48,0x0a48,0x0118,0x0a86,0x0e60,0x0000,
    0x0000,0x0380,0x044e,0x0824,0x07e4,0x0004,0x000e,0x0fe4,0x0884,0x0884,0x068e,0x0080,
    0x0000,0x0000,0x0a80,0x0a9e,0x0248,0x0fc8,0x0268,0x025e,0x0448,0x0448,0x0458,0x0846,
    0x0840,0x0000,0x0000,0x0100,0x011e,0x0f08,0x0108,0x0108,0x011e,0x0fc8,0x0848,0x0858,
    0x0846,0x0fc0,0x0000,0x0000,0x0100,0x0fee,0x0924,0x0124,0x07e4,0x042e,0x04a4,0x0524,
    0x0214,0x058e,0x0860,0x0000,0x0000,0x0100,0x009e,0x0fc8,0x0848,0x0848,0x085e,0x0fc8,
    0x0848,0x0858,0x0846,0x0fc0,0x0000,0x0000,0x0ff0,0x040e,0x0404,0x04e4,0x04a4,0x04ae,
    0x04a4,0x04e4,0x0404,0x040e,0x0700,0x0000,0x0000,0x0020,0x0e2e,0x0af4,0x0aa4,0x0aa4,
    0x0aae,0x0a94,0x0a94,0x0a84,0x0a8e,0x0e60,0x0000,0x0000,0x0fe0,0x082e,0x0824,0x0fe4,
    0x0124,0x012e,0x0fe4,0x0224,0x0224,0x042e,0x08f0,0x0000,0x0000,0x0fe0,0x0aae,0x0aa4,
    0x0aa4,0x0aae,0x0ff4,0x0aa4,0x0aa4,0x0aa4,0x0aae,0x0c20,0x0000,0x0000,0x0380,0x044e,
    0x0824,0x0604,0x01c4,0x000e,0x0604,0x01c4,0x0804,0x060e,0x01e0,0x0000,0x0000,0x0fc0,
    0x011e,0x0108,0x0108,0x0108,0x0fde,0x0108,0x0508,0x0918,0x0106,0x0fc0,0x0000,0x0000,
    0x0100,0x0fee,0x0104,0x0104,0x0104,0x0fee,0x0084,0x0484,0x0444,0x0a2e,0x09e0,0x0000,
    0x0000,0x0ef0,0x088e,0x0884,0x0994,0x0aa4,0x088e,0x0cc4,0x0aa4,0x0994,0x088e,0x0cc0,
    0x0000,0x0000,0x0080,0x0f9e,0x0848,0x04a8,0x0308,0x049e,0x0848,0x0fe8,0x0858,0x0846,
    0x0fc0,0x0000,0x0000,0x0240,0x025e,0x0fc8,0x0248,0x0208,0x0fde,0x0208,0x0308,0x0698,
    0x0a66,0x0200,0x0000,0x0000,0x0ff0,0x042e,0x07e4,0x0424,0x0424,0x07ee,0x0424,0x0c24,
    0x07e4,0x043e,0x0400,0x0000,0x0000,0x0100,0x0fde,0x0104,0x0104,0x0fe4,0x010e,0x0104,
    0x0fc4,0x0104,0x011e,0x0fe0,0x0000,0x0000,0x0f9e,0x0484,0x04a4,0x04a4,0x04a4,0x0fae,
    0x04a4,0x0484,0x0484,0x0444,0x0f5e,0x0000,0x0000,0x07f0,0x041e,0x07d4,0x0514,0x07d4,
    0x055e,0x0554,0x0554,0x0954,0x094e,0x0908,0x0000,0x0000,0x0fc0,0x011e,0x0fc8,0x0888,
    0x0888,0x0fde,0x0008,0x0fc8,0x0858,0x0846,0x0fc0,0x0000,0x0000,0x07e0,0x048e,0x0fe4,
    0x0484,0x0484,0x07ee,0x0084,0x0fc4,0x0864,0x084e,0x0fc0,0x0000,0x0000,0x0fc0,0x085e,
    0x0fc8,0x0848,0x0fc8,0x085e,0x0848,0x0fc8,0x0298,0x0a46,0x0e30,0x0000,0x0000,0x0500,
    0x090e,0x07f4,0x0104,0x0924,0x054e,0x0104,0x0344,0x0524,0x091e,0x0180,0x0000,0x0000,
    0x0100,0x0fde,0x0848,0x0fc8,0x0848,0x0fde,0x0148,0x0948,0x0a58,0x0446,0x09c0,0x0000,
    0x0000,0x0fe0,0x092e,0x0fe4,0x0924,0x0924,0x0fee,0x0104,0x0fe4,0x0104,0x010e,0x0fe0,
    0x0000,0x0000,0x0fe0,0x010e,0x0ff4,0x0184,0x0544,0x092e,0x03e4,0x0e84,0x0884,0x084e,
    0x0620,0x0000,0x0000,0x0080,0x0fee,0x0484,0x0444,0x0be4,0x080e,0x0544,0x0544,0x0544,
    0x052e,0x0d20,0x0000,0x0000,0x0fe0,0x0a8e,0x0aa4,0x0aa4,0x06ae,0x0bf4,0x0a84,0x0ac4,
    0x0aae,0x0690,0x02c0,0x0000,0x0000,0x0980,0x0a7e,0x0a44,0x0a44,0x0bf4,0x0a4e,0x0a64,
    0x08e4,0x0954,0x084e,0x0c40,0x0000,0x0000,0x0920,0x054e,0x0104,0x0fe4,0x0824,0x092e,
    0x0924,0x0924,0x0924,0x028e,0x0c60,0x0000,0x0000,0x0fe0,0x0aae,0x0284,0x0244,0x0c24,
    0x010e,0x0fe4,0x0184,0x0544,0x092e,0x0100,0x0000,0x0000,0x0ff0,0x010e,0x0184,0x0a64,
    0x0704,0x02ce,0x02b4,0x0704,0x0ac4,0x0a3e,0x0180,0x0000,0x0000,0x0780,0x008e,0x0fe4,
    0x08a4,0x07e4,0x00ae,0x0fa4,0x0224,0x0294,0x0a8e,0x0e60,0x0000,0x0000,0x0100,0x0fee,
    0x0104,0x0284,0x0444,0x0fee,0x0404,0x05e4,0x0524,0x05ee,0x0600,0x0000,0x0000,0x0fe0,
    0x082e,0x0fe4,0x0824,0x0fe4,0x022e,0x0224,0x0ee4,0x0224,0x0a2e,0x0ee0,0x0000,0x0000,
    0x0440,0x0fee,0x0444,0x07c4,0x0444,0x07ce,0x0444,0x0fe4,0x0004,0x044e,0x0820,0x0000,
    0x0000,0x0100,0x0ffe,0x0814,0x0ee4,0x0aa4,0x0aae,0x0ad4,0x0e84,0x0284,0x0a4e,0x0e30,
    0x0000,0x0000,0x0100,0x0fee,0x0824,0x07c4,0x0004,0x000e,0x0fe4,0x0104,0x0544,0x092e,
    0x0180,0x0000,0x0000,0x0100,0x0fee,0x0824,0x07c4,0x0444,0x07ce,0x0044,0x0fc4,0x0844,
    0x084e,0x0fc0,0x0000,0x0000,0x0280,0x0eee,0x0284,0x0284,0x0ee4,0x028e,0x0284,0x02e4,
    0x0e84,0x024e,0x0230,0x0000,0x0000,0x0240,0x024e,0x0ff4,0x0244,0x0244,0x036e,0x06d4,
    0x0a44,0x0244,0x024e,0x0240,0x0000,0x0000,0x0fbe,0x0208,0x07bc,0x0208,0x0ffe,0x0110,
    0x02e8,0x0c04,0x03fa,0x0200,0x0100,0x0000,0x0000,0x0fbe,0x0208,0x0fbe,0x0208,0x0fbe,
    0x0084,0x0c84,0x03bc,0x0084,0x0884,0x0fbe,0x0000,0x0000,0x0fbe,0x0208,0x0fbe,0x0208,
    0x0ffe,0x0444,0x0444,0x07fc,0x0004,0x0804,0x0ff8,0x0000,0x0000,0x0200,0x0fae,0x0244,
    0x0204,0x0214,0x0fae,0x0104,0x0124,0x0924,0x089e,0x0f90,0x0000,0x0000,0x0100,0x0fee,
    0x0004,0x07c4,0x0444,0x044e,0x07c4,0x0104,0x0544,0x092e,0x0180,0x0000,0x0000,0x0fe0,
    0x010e,0x0fe4,0x0924,0x0fe4,0x010e,0x0fe4,0x08a4,0x0aa4,0x0bae,0x0c20,0x0000,0x0000,
    0x0fe0,0x082e,0x0ba4,0x0824,0x0ba4,0x000e,0x07c4,0x0444,0x07c4,0x044e,0x07c0,0x0000,
    0x0000,0x0100,0x0fee,0x0824,0x07c4,0x0444,0x07ce,0x0444,0x0444,0x07c4,0x000e,0x0fe0,
    0x0000,0x0000,0x0100,0x0fee,0x0884,0x0ff4,0x0424,0x07ee,0x0104,0x0fe4,0x0124,0x0ffe,
    0x0100,0x0000,0x0000,0x0ff0,0x089e,0x0894,0x0ef4,0x0014,0x0f1e,0x08f4,0x0a14,0x0af4,
    0x061e,0x0990,0x0000,0x0000,0x0920,0x0496,0x024c,0x0494,0x0924,0x0fee,0x0aa4,0x0924,
    0x0aa4,0x082e,0x0fe0,0x0000,0x0000,0x0f40,0x094e,0x09f4,0x0f44,0x0944,0x09ee,0x0f24,
    0x0924,0x0924,0x09ee,0x0c80,0x0000,0x0000,0x0440,0x0fee,0x0544,0x0104,0x0fee,0x0924,
    0x0924,0x0ff4,0x0284,0x044e,0x0830,0x0000,0x0000,0x07c0,0x082e,0x0fd4,0x0004,0x0ae4,
    0x0aae,0x0ae4,0x0aa4,0x0ae4,0x08ae,0x0ca0,0x0000,0x0000,0x0920,0x092e,0x0fe4,0x0004,
    0x0ff4,0x008e,0x0fe4,0x0aa4,0x0aa4,0x0aae,0x0c20,0x0000,0x0000,0x0fbe,0x0208,0x0fbe,
    0x0208,0x0fbe,0x0020,0x0240,0x0514,0x0892,0x0460,0x079c,0x0000,0x0000,0x0100,0x0ff6,
    0x0a54,0x0424,0x0994,0x024e,0x0424,0x0ff4,0x0424,0x042e,0x07e0,0x0000,0x0000,0x0100,
    0x092e,0x0544,0x0104,0x0fe4,0x082e,0x0fe4,0x0824,0x0fe4,0x048e,0x0860,0x0000,0x0000,
    0x0f80,0x096e,0x0644,0x01e4,0x0044,0x0fce,0x0124,0x0fe4,0x0104,0x092e,0x0fe0,0x0000,
    0x0000,0x0954,0x0552,0x02a8,0x0444,0x0ffe,0x0802,0x0bfa,0x0040,0x03f8,0x0440,0x0ffe,
    0x0000,0x0000,0x0fe0,0x012e,0x07e4,0x0124,0x07e4,0x012e,0x0fe4,0x0804,0x0954,0x094e,
    0x0600,0x0000,0x0000,0x0100,0x0fee,0x0a24,0x0fe4,0x0a24,0x0fae,0x0224,0x0fa4,0x08a4,
    0x089e,0x0f90,0x0000,0x0000,0x0f40,0x09fe,0x0924,0x05e4,0x0324,0x052e,0x09e4,0x0924,
    0x09a4,0x077e,0x0120,0x0000,0x0000,0x0080,0x0fee,0x0924,0x0fe4,0x0924,0x092e,0x0fe4,
    0x0544,0x0d44,0x012e,0x0f10,0x0000,0x0000,0x0240,0x0fee,0x0104,0x0fc4,0x010e,0x0fe4,
    0x0084,0x0fc4,0x0224,0x020e,0x0fe0,0x0000,0x0000,0x0fe0,0x080e,0x0544,0x0544,0x0fc4,
    0x010e,0x0fe4,0x0104,0x0924,0x092e,0x0fe0,0x0000,0x0000,0x0240,0x0ffe,0x0244,0x0fe4,
    0x0924,0x092e,0x0fe4,0x0104,0x0fe4,0x010e,0x0ff0,0x0000,0x0000,0x0920,0x092e,0x0fe4,
    0x0444,0x0fe4,0x023e,0x0fe4,0x0224,0x0fe4,0x022e,0x0fe0,0x0000,0x0000,0x0100,0x0ffe,
    0x0284,0x0924,0x0aa4,0x0fee,0x0084,0x0ff4,0x0854,0x0bde,0x0c10,0x0000,0x0000,0x0220,
    0x0e2e,0x01f4,0x0f24,0x0a24,0x02ee,0x0ea4,0x02a4,0x0294,0x039e,0x0cc0,0x0000,0x0000,
    0x0100,0x0fee,0x0484,0x0fe4,0x0824,0x0fee,0x0824,0x0fe4,0x0104,0x0fee,0x0100,0x0000,
    0x0000,0x02f0,0x0e9e,0x0994,0x0a94,0x06f4,0x094e,0x00d4,0x0f54,0x0954,0x09de,0x0f30,
    0x0000,0x0000,0x0940,0x054e,0x0fe4,0x0544,0x0924,0x04ee,0x0fa4,0x04b4,0x0fc4,0x044e,
    0x0430,0x0000,0x0000,0x0240,0x0fee,0x0244,0x03c4,0x0004,0x0fee,0x0544,0x07c4,0x0544,
    0x07ce,0x0830,0x0000,0x0000,0x0550,0x0ffe,0x0244,0x0244,0x0ff4,0x010e,0x0fe4,0x0104,
    0x0ff4,0x044e,0x0830,0x0000,0x0000,0x0fc0,0x085e,0x0fc8,0x0848,0x0fc8,0x021e,0x0fe8,
    0x0888,0x0f98,0x0246,0x0b20,0x0000,0x0000,0x0540,0x0b2e,0x0544,0x0aa4,0x0fe4,0x050e,
    0x0fe4,0x0224,0x0ae4,0x062e,0x0990,0x0000,0x0000,0x023c,0x0fe4,0x04bc,0x0482,0x0ffe,
    0x0224,0x0ffe,0x0040,0x03f8,0x0440,0x0ffe,0x0000,0x0000,0x0ee0,0x082e,0x0ae4,0x0ab4,
    0x0544,0x092e,0x0544,0x0fe4,0x0184,0x054e,0x0930,0x0000,0x0000,0x0780,0x008e,0x0fe4,
    0x0924,0x07e4,0x012e,0x0fa4,0x0264,0x0b94,0x067e,0x0980,0x0000,0x0000,0x0fe0,0x0abe,
    0x0fe8,0x0008,0x0fe8,0x045e,0x07c8,0x0888,0x0558,0x0266,0x0cc0,0x0000,0x0000,0x0ffe,
    0x0444,0x0ffe,0x0b5a,0x0ce6,0x0b5a,0x0ce6,0x0040,0x07fc,0x0240,0x0ffe,0x0000,0x0000,
    0x0780,0x008e,0x0ff4,0x0914,0x05a4,0x0a5e,0x07e4,0x0c34,0x07e4,0x042e,0x07e0,0x0000,
    0x0000,0x07c0,0x022e,0x0ff4,0x0aa4,0x0464,0x0fce,0x0844,0x0fc4,0x04b4,0x030e,0x0ce0,
    0x0000,0x0000,0x0220,0x0efe,0x0254,0x0ff4,0x0804,0x0efe,0x0294,0x0ef4,0x0294,0x0afe,
    0x0e90,0x0000,0x0000,0x0100,0x0ffe,0x0aa4,0x0ee4,0x0284,0x0fee,0x0284,0x0fe4,0x0a84,
    0x046e,0x09c0,0x0000,0x0000,0x04a0,0x0fee,0x0484,0x0fe4,0x0544,0x0fee,0x0444,0x07c4,
    0x0444,0x07ce,0x0c30,0x0000,0x0000,0x0ffc,0x0224,0x0224,0x0224,0x0224,0x0224,0x0424,
    0x0524,0x0522,0x09fa,0x0802,0x0000,0x0000,0x0fc8,0x057e,0x0554,0x0562,0x055e,0x0540,
    0x057e,0x0544,0x0d7e,0x0ba2,0x0818,0x0000,0x0000,0x0ffe,0x0528,0x057e,0x052a,0x057e,
    0x0540,0x057e,0x0540,0x077e,0x09d4,0x085a,0x0000,0x0000,0x05f4,0x0f5e,0x0952,0x0954,
    0x055e,0x0f54,0x0554,0x045e,0x0f54,0x05ea,0x050a,0x0000,0x0000,0x0fc8,0x057e,0x054a,
    0x057e,0x0554,0x057e,0x0554,0x057e,0x0744,0x09d6,0x086c,0x0000,0x0000,0x0ffe,0x0010,
    0x0010,0x01f0,0x0110,0x0110,0x0128,0x0148,0x0908,0x0978,0x0f06,0x0000,0x0000,0x01e0,
    0x0208,0x0c26,0x0210,0x0ffe,0x0010,0x03f0,0x0210,0x0268,0x0b88,0x0e7e,0x0000,0x0000,
    0x0fe4,0x0090,0x00be,0x0794,0x0494,0x05be,0x0654,0x0454,0x0654,0x09d2,0x0832,0x0000,
    0x0000,0x0040,0x0fce,0x0920,0x02a8,0x0444,0x0ffe,0x0010,0x03f0,0x0228,0x0bc8,0x0e3e,
    0x0000,0x0000,0x0ffe,0x0128,0x017e,0x07aa,0x04aa,0x05fe,0x0688,0x04be,0x0448,0x0748,
    0x0cfe,0x0000,0x0000,0x0ffe,0x0102,0x013a,0x07aa,0x04ba,0x0582,0x06be,0x04aa,0x047e,
    0x0742,0x0cfc,0x0000,0x0000,0x0110,0x0ffe,0x0110,0x07fc,0x04a4,0x0ffe,0x0812,0x03f0,
    0x0228,0x0bc8,0x0e3e,0x0000,0x0000,0x0fe4,0x0114,0x013e,0x07aa,0x04be,0x04aa,0x05be,
    0x0652,0x045e,0x0fd2,0x083e,0x0000,0x0000,0x013c,0x0fe4,0x04bc,0x0fe2,0x011e,0x0fd2,
    0x0112,0x0ffe,0x0248,0x0b84,0x0e7e,0x0000,0x0000,0x0040,0x0ffe,0x0248,0x0fe4,0x013e,
    0x07e8,0x0124,0x0ffe,0x0248,0x0b84,0x0e7e,0x0000,0x0000,0x0208,0x0208,0x0ffe,0x0208,
    0x0208,0x0208,0x03f8,0x0208,0x0208,0x0208,0x03f8,0x0000,0x0000,0x0110,0x0ffe,0x0110,
    0x01f0,0x0110,0x0110,0x0ffe,0x0124,0x071c,0x0004,0x07f8,0x0000,0x0000,0x08b0,0x088e,
    0x0fc8,0x0888,0x08be,0x0888,0x0f88,0x08be,0x08a2,0x08a2,0x0fbe,0x0000,0x0000,0x0044,
    0x0044,0x07fc,0x0044,0x0042,0x0042,0x07f8,0x0040,0x0040,0x0040,0x0ffe,0x0000,0x0000,
    0x0040,0x0ffe,0x0110,0x0090,0x0ffc,0x0094,0x07f4,0x0094,0x07ea,0x0082,0x0ff8,0x0000,
    0x0000,0x0fe8,0x092a,0x0ffe,0x092a,0x0fe8,0x011e,0x0fe8,0x0888,0x0888,0x085e,0x0640,
    0x0000,0x0000,0x023e,0x0288,0x0fbe,0x026a,0x023e,0x0faa,0x023e,0x020a,0x0fcc,0x0018,
    0x0fe6,0x0000,0x0000,0x0ffc,0x0844,0x0844,0x0ffc,0x0844,0x0844,0x0ffc,0x0844,0x0844,
    0x0842,0x0e42,0x0000,0x0000,0x07fc,0x0444,0x0444,0x07fc,0x0444,0x0444,0x07fc,0x0444,
    0x0344,0x0842,0x0f82,0x0000,0x0000,0x0440,0x0ffe,0x0040,0x07fc,0x0444,0x07fc,0x0444,
    0x07fc,0x0444,0x0444,0x0644,0x0000,0x0000,0x07fc,0x0200,0x0120,0x0ffc,0x0844,0x0ffc,
    0x0844,0x0ffc,0x0844,0x0844,0x0c44,0x0000,0x0000,0x0ffe,0x0060,0x0358,0x0c46,0x07fc,
    0x0444,0x07fc,0x0444,0x07fc,0x0444,0x0644,0x0000,0x0000,0x0040,0x0ffe,0x0842,0x0494,
    0x0a12,0x07fc,0x0444,0x07fc,0x0444,0x07fc,0x0444,0x0000,0x0000,0x0000,0x0ffe,0x0842,
    0x0842,0x0842,0x0ffe,0x0842,0x0842,0x0842,0x0842,0x0ffe,0x0000,0x0000,0x0040,0x0040,
    0x0ffe,0x0842,0x0842,0x0842,0x0ffe,0x0842,0x0842,0x0842,0x0ffe,0x0000,0x0000,0x0ffe,
    0x0842,0x0842,0x0ffe,0x0842,0x0842,0x0ffe,0x0040,0x0040,0x0040,0x0040,0x0000,0x0000,
    0x0040,0x0ffe,0x0842,0x0842,0x0ffe,0x0842,0x0842,0x0ffe,0x0040,0x0040,0x0040,0x0000,
    0x0000,0x0040,0x07fc,0x0444,0x0444,0x07fc,0x0444,0x0444,0x07fc,0x0040,0x0840,0x0f80,
    0x0000,0x0000,0x07fc,0x0444,0x07fc,0x0444,0x07fc,0x0040,0x0ffe,0x0840,0x0820,0x0418,
    0x0386,0x0000,0x0000,0x0008,0x0ff8,0x0804,0x09fc,0x092a,0x09fa,0x0928,0x0928,0x09f8,
    0x0400,0x0300,0x0000,0x0000,0x0ffe,0x022a,0x022a,0x022a,0x023e,0x022a,0x022a,0x022a,
    0x023e,0x0200,0x0380,0x0000,0x0000,0x0ffe,0x0040,0x03f8,0x0248,0x0a4a,0x0bfa,0x0a4a,
    0x0a4a,0x0bfa,0x0802,0x0ffe,0x0000,0x0000,0x0888,0x0444,0x0222,0x0444,0x0888,0x07fc,
    0x0444,0x07fc,0x0444,0x0444,0x07fc,0x0000,0x0000,0x07fc,0x0444,0x07fc,0x0444,0x0444,
    0x07fc,0x0000,0x0ffe,0x0208,0x0208,0x0204,0x0000,0x0000,0x07c8,0x0208,0x013e,0x00aa,
    0x0ffe,0x0aaa,0x0aaa,0x0a7e,0x0928,0x0888,0x0648,0x0000,0x0000,0x0080,0x0fbe,0x04aa,
    0x04aa,0x046a,0x053e,0x052a,0x022a,0x022a,0x053e,0x08c0,0x0000,0x0000,0x07fc,0x0444,
    0x07fc,0x0444,0x0444,0x07fc,0x0110,0x0318,0x0516,0x0910,0x010c,0x0000,0x0000,0x0a00,
    0x0a3e,0x022a,0x0fea,0x022a,0x023e,0x022a,0x052a,0x052a,0x08be,0x0840,0x0000,0x0000,
    0x07fc,0x0444,0x07fc,0x0444,0x07fc,0x0000,0x0ffe,0x0448,0x0488,0x0308,0x0c3e,0x0000,
    0x0000,0x023e,0x0a6a,0x0aaa,0x022a,0x0ffe,0x022a,0x022a,0x0fea,0x022a,0x023e,0x0200,
    0x0000,0x0000,0x0fde,0x0902,0x0912,0x08a2,0x065e,0x0000,0x07fc,0x0444,0x07fc,0x0444,
    0x07fc,0x0000,0x0000,0x0120,0x0210,0x07fc,0x0040,0x0ffe,0x0210,0x07f8,0x0a4e,0x03f8,
    0x0248,0x03f8,0x0000,0x0000,0x0380,0x047e,0x082a,0x062a,0x01aa,0x003e,0x062a,0x01aa,
    0x082a,0x063e,0x01c0,0x0000,0x0000,0x0040,0x0ffe,0x0110,0x0088,0x0250,0x0420,0x0ffe,
    0x0444,0x07fc,0x0444,0x07fc,0x0000,0x0000,0x0088,0x0f88,0x08fe,0x0880,0x087e,0x044a,
    0x044a,0x027e,0x054a,0x08ca,0x087e,0x0000,0x0000,0x07fc,0x0444,0x07fc,0x0444,0x07fc,
    0x0248,0x0ffe,0x0248,0x0248,0x07fc,0x0040,0x0000,0x0000,0x0100,0x0ffe,0x012a,0x012a,
    0x0fea,0x043e,0x0fea,0x042a,0x046a,0x04be,0x0600,0x0000,0x0000,0x0080,0x0fbe,0x086a,
    0x04aa,0x032a,0x04be,0x086a,0x0faa,0x08aa,0x08be,0x0f80,0x0000,0x0000,0x0200,0x0fbe,
    0x022a,0x022a,0x0fea,0x023e,0x022a,0x0faa,0x022a,0x023e,0x0fc0,0x0000,0x0000,0x07fc,
    0x0248,0x0150,0x0ffe,0x0250,0x0448,0x0bfe,0x0248,0x03f8,0x0248,0x03f8,0x0000,0x0000,
    0x0040,0x07fc,0x0440,0x0ffe,0x0440,0x0ffe,0x0248,0x03f8,0x0248,0x0248,0x0ffe,0x0000,
    0x0000,0x0480,0x045e,0x0fea,0x028a,0x0a4a,0x0c3e,0x078a,0x046a,0x024a,0x039e,0x0c60,
    0x0000,0x0000,0x07fc,0x0444,0x07fc,0x0444,0x07fc,0x0110,0x0ffe,0x0110,0x0ffe,0x0208,
    0x0404,0x0000,0x0000,0x0200,0x0ffe,0x022a,0x0faa,0x022a,0x0ffe,0x092a,0x0fea,0x092a,
    0x0abe,0x0c80,0x0000,0x0000,0x0248,0x0ffe,0x0912,0x0912,0x01f0,0x0000,0x07fc,0x0444,
    0x07fc,0x0444,0x07fc,0x0000,0x0000,0x0200,0x0ffe,0x022a,0x052a,0x08aa,0x0ffe,0x082a,
    0x0baa,0x0aaa,0x0bbe,0x0c00,0x0000,0x0000,0x0250,0x0568,0x02d4,0x0948,0x0ffe,0x0040,
    0x0ffe,0x0954,0x057c,0x0254,0x0d7c,0x0000,0x0000,0x0ffe,0x0950,0x0fde,0x0942,0x0fde,
    0x0014,0x0ffe,0x0954,0x0fde,0x0950,0x0fec,0x0000,0x0000,0x0100,0x0ffe,0x012a,0x0fea,
    0x082a,0x07fe,0x012a,0x0fea,0x08aa,0x0abe,0x0ce0,0x0000,0x0000,0x03f8,0x0248,0x03f8,
    0x0248,0x0ffe,0x0a4a,0x0ffe,0x0a0a,0x03f8,0x0208,0x0ffe,0x0000,0x0000,0x0ffe,0x0840,
    0x0440,0x0040,0x0044,0x03c4,0x0044,0x0044,0x004c,0x0072,0x0f82,0x0000,0x0000,0x011e,
    0x0ff0,0x0490,0x0448,0x0bca,0x083a,0x054a,0x054a,0x054a,0x052a,0x0c1e,0x0000,0x0000,
    0x0fb2,0x040e,0x0222,0x0fbe,0x0a04,0x02bc,0x0292,0x0efe,0x0290,0x02a8,0x0f46,0x0000,
    0x0000,0x0080,0x0ffc,0x0004,0x0006,0x0ff4,0x0104,0x0106,0x0104,0x0104,0x0102,0x01c2,
    0x0000,0x0000,0x0080,0x0ffc,0x0004,0x0ff6,0x0404,0x0204,0x0106,0x0104,0x0104,0x0102,
    0x01c2,0x0000,0x0000,0x0080,0x0ffc,0x0024,0x07e6,0x0014,0x03e4,0x0106,0x0084,0x0844,
    0x0822,0x07c2,0x0000,0x0000,0x0040,0x0ffc,0x0044,0x03c6,0x0244,0x0224,0x0216,0x0104,
    0x0284,0x0462,0x081a,0x0000,0x0000,0x0080,0x0ffc,0x0004,0x0106,0x0104,0x0914,0x0916,
    0x0914,0x0914,0x0912,0x0ff2,0x0000,0x0000,0x0080,0x0ffc,0x0004,0x0006,0x07e4,0x0024,
    0x0026,0x0ff4,0x0024,0x0022,0x07e2,0x0000,0x0000,0x0080,0x0ffc,0x0004,0x07f6,0x0204,
    0x0104,0x0ff6,0x0a44,0x0924,0x0892,0x0642,0x0000,0x0000,0x0080,0x0ffc,0x0104,0x0106,
    0x0924,0x0924,0x0106,0x0284,0x0284,0x0442,0x0832,0x0000,0x0000,0x0080,0x0ffc,0x0084,
    0x0886,0x0ff4,0x0084,0x0086,0x0144,0x0944,0x0922,0x0e1a,0x0000,0x0000,0x0080,0x0ffc,
    0x0004,0x07f6,0x0494,0x0494,0x07f6,0x0014,0x0814,0x0812,0x0fe2,0x0000,0x0000,0x0080,
    0x0ffc,0x0004,0x01c6,0x0224,0x0414,0x0a4e,0x0244,0x0244,0x0222,0x021a,0x0000,0x0000,
    0x0080,0x0ffc,0x0004,0x03e6,0x0a24,0x0e34,0x0006,0x07f4,0x0424,0x03c2,0x0c3a,0x0000,
    0x0000,0x0080,0x0ffc,0x0004,0x01c6,0x0224,0x0414,0x0bee,0x0224,0x0324,0x0822,0x0fc2,
    0x0000,0x0000,0x0080,0x0ffc,0x0004,0x07f6,0x0414,0x0514,0x0556,0x0494,0x0554,0x0a2a,
    0x080a,0x0000,0x0000,0x0080,0x0ffc,0x0024,0x07e6,0x0424,0x05f4,0x052e,0x05e4,0x0624,
    0x0822,0x0fe2,0x0000,0x0000,0x0080,0x0ffc,0x0104,0x0ff6,0x0914,0x0114,0x07f6,0x0454,
    0x0454,0x038a,0x0c6a,0x0000,0x0000,0x0080,0x0ffc,0x0424,0x0426,0x0ffc,0x0424,0x0426,
    0x07e4,0x0424,0x0422,0x07e2,0x0000,0x0000,0x0080,0x0ffc,0x0004,0x0ff6,0x0404,0x05e4,
    0x0526,0x0524,0x05e4,0x0402,0x0702,0x0000,0x0000,0x0080,0x0ffc,0x0244,0x0246,0x0a54,
    0x07d4,0x0256,0x0254,0x0254,0x0bd2,0x0e3a,0x0000,0x0000,0x0080,0x0ffc,0x0004,0x07e6,
    0x0424,0x07e4,0x0426,0x0424,0x07e4,0x0002,0x0ffa,0x0000,0x0000,0x0080,0x0ffc,0x0144,
    0x0226,0x0594,0x086c,0x0306,0x00c4,0x0c34,0x0302,0x00f2,0x0000,0x0000,0x0080,0x0ffc,
    0x0024,0x07e6,0x0424,0x0254,0x0186,0x0264,0x0d9c,0x0062,0x0382,0x0000,0x0000,0x0080,
    0x0ffc,0x0004,0x07e6,0x0424,0x07e4,0x0426,0x07e4,0x0424,0x0422,0x0ffa,0x0000,0x0000,
    0x0080,0x0ffc,0x0024,0x07e6,0x0124,0x0114,0x0ff6,0x0104,0x0284,0x0462,0x081a,0x0000,
    0x0000,0x0080,0x0ffc,0x0024,0x0e26,0x0af4,0x0aa4,0x0aa6,0x0a94,0x0a94,0x0a82,0x0e62,
    0x0000,0x0000,0x0080,0x0ffc,0x0084,0x0ff6,0x0084,0x0444,0x0226,0x0144,0x0884,0x0842,
    0x0ff2,0x0000,0x0000,0x0080,0x0ffc,0x0004,0x0ff6,0x0104,0x0ff4,0x0916,0x0a94,0x0c74,
    0x0812,0x0c12,0x0000,0x0000,0x0080,0x0ffc,0x0004,0x0ff6,0x0084,0x0084,0x0796,0x0094,
    0x0094,0x0092,0x0ffa,0x0000,0x0000,0x0080,0x0ffc,0x0004,0x0ff6,0x0894,0x0ff4,0x0896,
    0x0ff4,0x0894,0x088a,0x0c8a,0x0000,0x0000,0x0080,0x0ffc,0x0004,0x07f6,0x0204,0x0184,
    0x0e76,0x0004,0x0ff4,0x0102,0x0ffa,0x0000,0x0000,0x0080,0x0ffc,0x0004,0x03f6,0x0444,
    0x0824,0x0fd6,0x0104,0x07e4,0x0102,0x0ff2,0x0000,0x0000,0x0080,0x0ffc,0x0084,0x0ff6,
    0x0884,0x0ff4,0x0096,0x0ff4,0x0944,0x0222,0x0c1a,0x0000,0x0000,0x0080,0x0ffc,0x0444,
    0x0246,0x0ff4,0x0104,0x0fe6,0x0104,0x0ff4,0x0102,0x0102,0x0000,0x0000,0x0080,0x0ffc,
    0x0084,0x0ff6,0x0084,0x0ff4,0x0406,0x0ff4,0x0404,0x0422,0x0642,0x0000,0x0000,0x0080,
    0x0ffc,0x0004,0x07f6,0x0414,0x07f4,0x0416,0x07f4,0x0c94,0x0312,0x0c72,0x0000,0x0000,
    0x0080,0x0ffc,0x0004,0x0ff6,0x0004,0x07e4,0x0426,0x07e4,0x0244,0x0242,0x0ff2,0x0000,
    0x0000,0x0080,0x0ffc,0x0004,0x0ff6,0x0924,0x0494,0x0926,0x0004,0x0fe4,0x0102,0x0ff2,
    0x0000,0x0000,0x0080,0x0ffc,0x0004,0x07e6,0x0244,0x0ff4,0x0916,0x0ff4,0x0914,0x0ff2,
    0x0912,0x0000,0x0000,0x0080,0x0ffc,0x0004,0x0ffe,0x02a4,0x0494,0x088e,0x07f4,0x0414,
    0x0412,0x07f2,0x0000,0x0000,0x0080,0x0ffc,0x0224,0x05f6,0x0144,0x0734,0x0046,0x07e4,
    0x0254,0x0182,0x0e72,0x0000,0x0000,0x0080,0x0ffc,0x0004,0x08f6,0x0a24,0x0afc,0x0a26,
    0x0a64,0x08b4,0x092a,0x0c22,0x0000,0x0000,0x0080,0x0ffc,0x0084,0x0ff6,0x0084,0x0ff4,
    0x0086,0x0504,0x0854,0x0052,0x0782,0x0000,0x0000,0x0080,0x0ffc,0x0224,0x0116,0x0fe4,
    0x0924,0x0926,0x0ff4,0x0284,0x0442,0x0832,0x0000,0x0000,0x0080,0x0ffc,0x0004,0x0926,
    0x0514,0x02c4,0x0c36,0x0104,0x0524,0x02c2,0x0c3a,0x0000,0x0000,0x0080,0x0ffc,0x0284,
    0x0ef6,0x0284,0x02e4,0x0e86,0x02f4,0x0284,0x0e42,0x0232,0x0000,0x0000,0x0080,0x0ffc,
    0x0114,0x0116,0x0ffc,0x0114,0x0556,0x0554,0x0554,0x0d52,0x0112,0x0000,0x0000,0x0040,
    0x0ffc,0x0014,0x0ef6,0x0a54,0x0a44,0x0bfe,0x0a44,0x0a44,0x0aa2,0x0f1a,0x0000,0x0000,
    0x0080,0x0ffc,0x0004,0x07f6,0x0494,0x07f4,0x0496,0x07f4,0x0004,0x0ffa,0x0222,0x0000,
    0x0000,0x0080,0x0ffc,0x0494,0x07f6,0x0494,0x0494,0x07f6,0x0144,0x0124,0x0ffa,0x0102,
    0x0000,0x0000,0x0080,0x0ffc,0x0004,0x0ff6,0x0894,0x0ff4,0x0896,0x0bd4,0x0a54,0x0a52,
    0x0ff2,0x0000,0x0000,0x0080,0x0ffc,0x0004,0x0ff6,0x0854,0x0f54,0x0936,0x0954,0x0f54,
    0x0832,0x0c12,0x0000,0x0000,0x0080,0x0ffc,0x0104,0x0ff6,0x0184,0x0544,0x0926,0x0ffc,
    0x0444,0x03c2,0x0c32,0x0000,0x0000,0x0080,0x0ffc,0x0024,0x077e,0x0894,0x0074,0x0356,
    0x0c54,0x004c,0x0342,0x0c32,0x0000,0x0000,0x0080,0x0ffc,0x0104,0x0ff6,0x0444,0x0444,
    0x0aa6,0x0914,0x0ff4,0x0102,0x0102,0x0000,0x0000,0x0080,0x0ffc,0x0004,0x07fe,0x0444,
    0x05f4,0x0556,0x05f4,0x0844,0x0a42,0x0bfa,0x0000,0x0000,0x0080,0x0ffc,0x0424,0x07e6,
    0x0424,0x0ff4,0x0046,0x0ff4,0x0a44,0x0922,0x0692,0x0000,0x0000,0x0080,0x0ffc,0x0224,
    0x0ff6,0x0aa4,0x0aa4,0x0e66,0x0924,0x0ff4,0x0442,0x0832,0x0000,0x0000,0x0080,0x0ffc,
    0x0104,0x07e6,0x0244,0x0244,0x0ff6,0x0424,0x07e4,0x0422,0x07e2,0x0000,0x0000,0x0080,
    0x0ffc,0x0004,0x07e6,0x0524,0x06a4,0x0426,0x0ff4,0x0a54,0x0a52,0x0ffa,0x0000,0x0000,
    0x0080,0x0ffc,0x0084,0x0ebe,0x0084,0x03e4,0x0c1e,0x07f4,0x0414,0x07f2,0x0412,0x0000,
    0x0000,0x0080,0x0ffc,0x0244,0x04a6,0x0ff4,0x042c,0x07e6,0x0424,0x0fe4,0x0852,0x0fd2,
    0x0000,0x0000,0x0080,0x0ffc,0x0024,0x0776,0x0554,0x0df4,0x0056,0x0ffc,0x0954,0x0672,
    0x09d2,0x0000,0x0000,0x0080,0x0ffc,0x0004,0x0f76,0x0a14,0x0954,0x0ff6,0x0914,0x0ff4,
    0x0912,0x0ff2,0x0000,0x0000,0x0080,0x0ffc,0x0914,0x0d76,0x0914,0x0d74,0x0106,0x0ff4,
    0x0444,0x0382,0x0c72,0x0000,0x0000,0x0080,0x0ffc,0x0084,0x0ff6,0x0894,0x07d4,0x0096,
    0x0fd4,0x0074,0x004a,0x0fca,0x0000,0x0000,0x0080,0x0ffc,0x0244,0x0ff6,0x0244,0x03c4,
    0x0426,0x0bd4,0x0424,0x0422,0x07e2,0x0000,0x0000,0x0080,0x0ffc,0x0414,0x07f6,0x0414,
    0x07f4,0x0416,0x0b2c,0x00e4,0x0422,0x07e2,0x0000,0x0000,0x0080,0x0ffc,0x0504,0x0f7e,
    0x05c4,0x0f4c,0x0536,0x0f24,0x0554,0x0552,0x0f0a,0x0000,0x0000,0x0080,0x0ffc,0x0494,
    0x07f6,0x0494,0x07f4,0x0246,0x0924,0x0ffc,0x0492,0x088a,0x0000,0x0000,0x0080,0x0ffc,
    0x0104,0x0ff6,0x0244,0x0ff4,0x0426,0x07e4,0x0424,0x0ffa,0x0102,0x0000,0x0000,0x0080,
    0x0ffc,0x0014,0x0f7e,0x0954,0x0f6c,0x0086,0x07f4,0x0554,0x0492,0x0552,0x0000,0x0000,
    0x0080,0x0ffc,0x0254,0x0fd6,0x0834,0x0fd4,0x0856,0x0fb4,0x0114,0x0452,0x0bb2,0x0000,
    0x0000,0x0080,0x0ffc,0x0084,0x0ffe,0x0a24,0x07f4,0x0a2e,0x03e4,0x0084,0x0492,0x08ca,
    0x0000,0x0000,0x0080,0x0ffc,0x0224,0x0aa6,0x0554,0x088c,0x0ff6,0x0894,0x0ff4,0x0842,
    0x0632,0x0000,0x0000,0x0080,0x0ffc,0x0a94,0x0ef6,0x0a94,0x0ff4,0x0a56,0x0bd4,0x0a54,
    0x0bd2,0x0a52,0x0000,0x0000,0x0080,0x0ffc,0x0a54,0x0426,0x0f74,0x054c,0x0576,0x0f94,
    0x0974,0x0642,0x09b2,0x0000,0x0000,0x0080,0x0ffc,0x0424,0x07e6,0x0004,0x0ef4,0x0a96,
    0x0ef4,0x0104,0x0912,0x0ff2,0x0000,0x0000,0x0040,0x0ffc,0x0414,0x0fee,0x0554,0x0574,
    0x0456,0x0654,0x0084,0x042a,0x09ca,0x0000,0x0000,0x0080,0x0ffc,0x0254,0x0fd6,0x0574,
    0x0514,0x0ff6,0x025c,0x0fd4,0x0252,0x0272,0x0000,0x0000,0x0080,0x0ffc,0x0244,0x0ff6,
    0x0244,0x07e4,0x04a6,0x0ff4,0x0894,0x0a92,0x0bd2,0x0000,0x0000,0x0080,0x0ffc,0x0004,
    0x0ef6,0x0a94,0x0bf4,0x0056,0x0ff4,0x0954,0x06fa,0x098a,0x0000,0x0000,0x0080,0x0ffc,
    0x0124,0x0776,0x04a4,0x0ffc,0x08a6,0x0afc,0x0aa4,0x0532,0x08aa,0x0000,0x0000,0x0080,
    0x0ffc,0x0414,0x07f6,0x0224,0x07f4,0x080e,0x07f4,0x0554,0x07f2,0x0552,0x0000,0x0000,
    0x0080,0x0ffc,0x0244,0x0ff6,0x0084,0x0ffc,0x0226,0x07f4,0x092c,0x0222,0x0cf2,0x0000,
    0x0000,0x0080,0x0ffc,0x0914,0x057e,0x0fd4,0x027c,0x0fd6,0x027c,0x0f84,0x0262,0x021a,
    0x0000,0x0000,0x0080,0x0ffc,0x0114,0x0f76,0x04ac,0x0e94,0x0af6,0x0a94,0x0af4,0x0e52,
    0x02b2,0x0000,0x0000,0x0080,0x0ffc,0x0294,0x0eae,0x0be4,0x0814,0x0bde,0x0494,0x05d4,
    0x0a92,0x09d2,0x0000,0x0000,0x0080,0x0ffc,0x0a44,0x0af6,0x0944,0x0ff4,0x0956,0x0ff4,
    0x0944,0x0f62,0x0952,0x0000,0x0000,0x0080,0x0ffc,0x0914,0x057e,0x0fd4,0x027c,0x0fd6,
    0x027c,0x0f84,0x02aa,0x02aa,0x0000,0x0000,0x0080,0x0ffc,0x0554,0x0fd6,0x0834,0x0fd4,
    0x0856,0x0fb4,0x0114,0x0452,0x0bb2,0x0000,0x0000,0x0080,0x0ffc,0x0554,0x0ffe,0x0554,
    0x0fac,0x05fe,0x0f24,0x05fc,0x0552,0x0f8a,0x0000,0x0000,0x0080,0x0ffc,0x0224,0x0ffe,
    0x0954,0x0f74,0x0956,0x09fc,0x0f04,0x0552,0x088a,0x0000,0x0000,0x04bc,0x02a0,0x0922,
    0x0514,0x03f8,0x0c44,0x0042,0x07fc,0x00a0,0x0318,0x0c06,0x0000,0x0000,0x04bc,0x02a0,
    0x0922,0x0514,0x03f8,0x0c04,0x03fa,0x0208,0x03f8,0x0110,0x0ffe,0x0000,0x0000,0x04be,
    0x02a0,0x0914,0x0508,0x07be,0x0ca0,0x003e,0x0fc2,0x04be,0x0720,0x08dc,0x0000,0x0000,
    0x0040,0x0020,0x07fc,0x0404,0x0404,0x0404,0x07fc,0x0404,0x0404,0x0404,0x07fc,0x0000,
    0x0000,0x0ffe,0x0040,0x0020,0x07fc,0x0404,0x0404,0x07fc,0x0404,0x0404,0x0404,0x07fc,
    0x0000,0x0000,0x0020,0x07fc,0x0404,0x07fc,0x0404,0x07fc,0x0010,0x0ff0,0x001e,0x0810,
    0x0fe0,0x0000,0x0000,0x0084,0x0f84,0x085e,0x0852,0x0812,0x089e,0x0912,0x0812,0x0812,
    0x041e,0x0300,0x0000,0x0000,0x0084,0x0fbc,0x0084,0x0884,0x0fbe,0x0040,0x07fc,0x0404,
    0x07fc,0x0404,0x07fc,0x0000,0x0000,0x0020,0x03f8,0x0208,0x03f8,0x0208,0x0208,0x07fc,
    0x0040,0x03f8,0x0040,0x0ffe,0x0000,0x0000,0x0fc4,0x0044,0x005e,0x07d2,0x0452,0x045e,
    0x0552,0x0532,0x0212,0x059e,0x0860,0x0000,0x0000,0x0020,0x07fc,0x0404,0x07fc,0x0404,
    0x0ffe,0x0110,0x0248,0x07fc,0x0842,0x0040,0x0000,0x0000,0x0104,0x0fe4,0x001e,0x0452,
    0x0832,0x001e,0x0452,0x0292,0x0112,0x029e,0x0c60,0x0000,0x0000,0x0924,0x0924,0x0ffe,
    0x0012,0x0fd2,0x081e,0x0fd2,0x0052,0x0052,0x085e,0x0f80,0x0000,0x0000,0x0244,0x0244,
    0x0fde,0x0252,0x0232,0x0fde,0x0012,0x0fd2,0x0852,0x085e,0x0fc0,0x0000,0x0000,0x0104,
    0x0ff4,0x081e,0x0fd2,0x0012,0x001e,0x0ff2,0x0292,0x0292,0x0a5e,0x0e30,0x0000,0x0000,
    0x0f90,0x00be,0x0f98,0x0494,0x04d2,0x0020,0x07fc,0x0404,0x07fc,0x0404,0x07fc,0x0000,
    0x0000,0x0924,0x0fe4,0x001e,0x0fd2,0x0012,0x0fde,0x0852,0x0fd2,0x0492,0x049e,0x0fe0,
    0x0000,0x0000,0x0080,0x0ffc,0x0884,0x0084,0x07fc,0x0404,0x0424,0x0242,0x0182,0x0260,
    0x0c1c,0x0000,0x0000,0x0088,0x0fbe,0x08aa,0x0bca,0x0abe,0x0aa2,0x0baa,0x0caa,0x0092,
    0x08a8,0x0fa6,0x0000,0x0000,0x0204,0x0fdc,0x0a52,0x0248,0x0fde,0x0850,0x0950,0x055e,
    0x0230,0x0510,0x08de,0x0000,0x0000,0x0224,0x0fa2,0x0afe,0x0294,0x0f94,0x08e2,0x0abc,
    0x0aa6,0x04a4,0x0a18,0x09e6,0x0000,0x0000,0x027e,0x0fca,0x0abe,0x02aa,0x0fbe,0x08aa,
    0x0aaa,0x0abe,0x0448,0x0a7e,0x0988,0x0000,0x0000,0x0208,0x0ffc,0x0a8a,0x02be,0x0f88,
    0x0844,0x0afc,0x0a8a,0x04be,0x0a88,0x0964,0x0000,0x0000,0x07fc,0x04a4,0x04a4,0x04a4,
    0x04a4,0x04a4,0x04a4,0x04a4,0x04a4,0x04a4,0x0ffe,0x0000,0x0000,0x07fc,0x0040,0x0040,
    0x0ffe,0x0040,0x0070,0x0000,0x07fc,0x04a4,0x04a4,0x0ffe,0x0000,0x0000,0x0ffe,0x0080,
    0x0040,0x0260,0x0458,0x0846,0x0040,0x07fc,0x04a4,0x04a4,0x0ffe,0x0000,0x0000,0x0040,
    0x07fc,0x0444,0x0444,0x07fc,0x0040,0x0000,0x07fc,0x04a4,0x04a4,0x0ffe,0x0000,0x0000,
    0x03c8,0x0208,0x0404,0x0bfa,0x0220,0x0210,0x0108,0x07fc,0x04a4,0x04a4,0x0ffe,0x0000,
    0x0000,0x03fe,0x0108,0x0f78,0x0944,0x0834,0x0662,0x0012,0x07fc,0x04a4,0x04a4,0x0ffe,
    0x0000,0x0000,0x0110,0x0090,0x0ffe,0x0110,0x0208,0x0404,0x0ffe,0x04a4,0x04a4,0x04a4,
    0x0ffe,0x0000,0x0000,0x0040,0x07fc,0x0040,0x0ffe,0x0110,0x0208,0x05fc,0x0000,0x07fc,
    0x04a4,0x0ffe,0x0000,0x0000,0x0040,0x07fc,0x0444,0x0444,0x0ffe,0x0110,0x0208,0x0ffe,
    0x04a4,0x04a4,0x0ffe,0x0000,0x0000,0x0110,0x0ffe,0x0010,0x0ffe,0x0220,0x09e0,0x0e1e,
    0x0000,0x07fc,0x04a4,0x0ffe,0x0000,0x0000,0x0110,0x017e,0x0310,0x0d10,0x0170,0x010e,
    0x0000,0x07fc,0x04a4,0x04a4,0x0ffe,0x0000,0x0000,0x0090,0x0f92,0x0052,0x0152,0x0212,
    0x0410,0x0000,0x07fc,0x04a4,0x04a4,0x0ffe,0x0000,0x0000,0x01f0,0x0208,0x05f4,0x0802,
    0x03f8,0x0208,0x03f8,0x0000,0x07fc,0x04a4,0x0ffe,0x0000,0x0000,0x0008,0x0ffe,0x0088,
    0x0494,0x0494,0x0342,0x0c32,0x0000,0x07fc,0x04a4,0x0ffe,0x0000,0x0000,0x0110,0x0ffe,
    0x0040,0x03f8,0x0040,0x0ffe,0x0000,0x07fc,0x04a4,0x04a4,0x0ffe,0x0000,0x0000,0x0040,
    0x0fce,0x0920,0x0128,0x0284,0x0442,0x0820,0x07fc,0x04a4,0x04a4,0x0ffe,0x0000,0x0000,
    0x0040,0x07f8,0x0448,0x0488,0x0ffe,0x0448,0x0484,0x07fc,0x04a4,0x04a4,0x0ffe,0x0000,
    0x0000,0x0480,0x0ffc,0x0104,0x053c,0x0224,0x0532,0x0882,0x07fc,0x04a4,0x04a4,0x0ffe,
    0x0000,0x0000,0x0044,0x0fc8,0x0922,0x0124,0x0288,0x0444,0x0822,0x07fc,0x04a4,0x04a4,
    0x0ffe,0x0000,0x0000,0x0110,0x0fe0,0x023e,0x01e0,0x0a3c,0x0fe0,0x023e,0x0940,0x0ffc,
    0x04a4,0x0ffe,0x0000,0x0000,0x0fde,0x0852,0x0fde,0x0852,0x0fd2,0x085e,0x0c20,0x07fc,
    0x04a4,0x04a4,0x0ffe,0x0000,0x0000,0x0040,0x03fc,0x0240,0x0ffe,0x0240,0x0ffe,0x0494,
    0x0922,0x07fc,0x04a4,0x0ffe,0x0000,0x0000,0x00be,0x0f8a,0x007e,0x0022,0x07be,0x000a,
    0x000a,0x07fe,0x04a4,0x04a4,0x0ffe,0x0000,0x0000,0x0788,0x04bc,0x0c64,0x07ac,0x04a4,
    0x033e,0x0ca4,0x07fc,0x04a4,0x04a4,0x0ffe,0x0000,0x0000,0x0e4e,0x0942,0x0efe,0x0842,
    0x0eee,0x0952,0x0a4a,0x07fc,0x04a4,0x04a4,0x0ffe,0x0000,0x0000,0x07c0,0x0040,0x0ffc,
    0x0844,0x07f4,0x0044,0x07f4,0x0494,0x0ffa,0x094a,0x0ffc,0x0000,0x0000,0x07e4,0x0428,
    0x07e2,0x0424,0x0ff0,0x0a40,0x0924,0x0492,0x07fc,0x04a4,0x0ffe,0x0000,0x0000,0x07fc,
    0x0404,0x0404,0x07fc,0x0404,0x0404,0x07fc,0x0404,0x0404,0x0404,0x07fc,0x0000,0x0000,
    0x0fe0,0x021e,0x0212,0x021e,0x0212,0x0212,0x021e,0x0212,0x0212,0x021e,0x0380,0x0000,
    0x0000,0x0fc0,0x021e,0x0212,0x021e,0x0212,0x0fd2,0x021e,0x0212,0x0212,0x021e,0x0380,
    0x0000,0x0000,0x0040,0x0ffe,0x0004,0x0004,0x07f8,0x0000,0x07fc,0x0404,0x07fc,0x0404,
    0x07fc,0x0000,0x0000,0x0040,0x0ffe,0x0040,0x03f8,0x0208,0x03f8,0x0208,0x03f8,0x0208,
    0x0208,0x0ffe,0x0000,0x0000,0x0fc8,0x0848,0x085e,0x0fc8,0x0848,0x084c,0x0fcc,0x085a,
    0x084a,0x0848,0x0fc8,0x0000,0x0000,0x0100,0x0fde,0x0112,0x091e,0x0952,0x0952,0x0fde,
    0x0112,0x0112,0x091e,0x0f00,0x0000,0x0000,0x0740,0x044e,0x042a,0x082e,0x080a,0x0fea,
    0x044e,0x044a,0x044a,0x042e,0x0320,0x0000,0x0000,0x0700,0x00fc,0x0084,0x0ffc,0x0084,
    0x07f4,0x0414,0x07f4,0x0412,0x0412,0x07f0,0x0000,0x0000,0x0040,0x0448,0x0848,0x0164,
    0x0080,0x07e0,0x0418,0x07f6,0x0410,0x0410,0x07f0,0x0000,0x0000,0x0fc0,0x011e,0x0112,
    0x0f5e,0x0952,0x0952,0x095e,0x0fd2,0x0812,0x041e,0x0300,0x0000,0x0000,0x0100,0x011e,
    0x0552,0x093e,0x0112,0x0112,0x019e,0x0812,0x0412,0x031e,0x00e0,0x0000,0x0000,0x0100,
    0x0fde,0x0952,0x095e,0x0912,0x0312,0x029e,0x0292,0x0292,0x0a5e,0x0e30,0x0000,0x0000,
    0x0ffc,0x0884,0x0ffc,0x0004,0x0ff4,0x0814,0x0ff4,0x0814,0x0ff2,0x0812,0x0ff0,0x0000,
    0x0000,0x0ffc,0x0040,0x07f8,0x0040,0x0ffe,0x0020,0x07f0,0x0418,0x07f6,0x0410,0x07f0,
    0x0000,0x0000,0x0100,0x089e,0x0852,0x0fde,0x0012,0x0012,0x0fde,0x0852,0x0852,0x085e,
    0x0fc0,0x0000,0x0000,0x0100,0x0ffe,0x0112,0x011e,0x0ff2,0x0112,0x011e,0x0392,0x0552,
    0x093e,0x0100,0x0000,0x0000,0x0040,0x0ffe,0x0040,0x03f8,0x0208,0x03f8,0x0208,0x0ffe,
    0x0000,0x0318,0x0c06,0x0000,0x0000,0x0fc0,0x085e,0x0852,0x0fde,0x0252,0x0252,0x0fde,
    0x0452,0x0452,0x085e,0x09c0,0x0000,0x0000,0x0088,0x0fba,0x008a,0x08fa,0x0f0e,0x0040,
    0x07f8,0x0408,0x07f8,0x0408,0x07f8,0x0000,0x0000,0x0120,0x012e,0x092a,0x05ee,0x032a,
    0x012a,0x012e,0x012a,0x092a,0x09ee,0x0e38,0x0000,0x0000,0x0e00,0x01fe,0x0112,0x011e,
    0x0ff2,0x0812,0x041e,0x0252,0x015e,0x00a0,0x0f10,0x0000,0x0000,0x0100,0x0ffe,0x0212,
    0x011e,0x0892,0x0452,0x029e,0x0112,0x0892,0x085e,0x0fe0,0x0000,0x0000,0x0100,0x092e,
    0x054a,0x010e,0x0fea,0x010a,0x018e,0x054a,0x092a,0x010e,0x0100,0x0000,0x0000,0x0fc0,
    0x005e,0x0f52,0x025e,0x0252,0x0f52,0x025e,0x0252,0x0f52,0x005e,0x0fc0,0x0000,0x0000,
    0x0248,0x0148,0x07fc,0x0110,0x0ffe,0x0208,0x07fc,0x0a0a,0x03f8,0x0208,0x03f8,0x0000,
    0x0000,0x0080,0x085e,0x0fd2,0x021e,0x0252,0x0fd2,0x025e,0x0212,0x0ff2,0x021e,0x0200,
    0x0000,0x0000,0x028e,0x0a9a,0x06aa,0x028e,0x028a,0x06ca,0x0aae,0x029a,0x028a,0x0a4e,
    0x0c38,0x0000,0x0000,0x0fc0,0x085e,0x0fd2,0x085e,0x0852,0x0fd2,0x015e,0x0952,0x0a52,
    0x045e,0x09c0,0x0000,0x0000,0x07fc,0x04a4,0x04a4,0x07fc,0x0080,0x0268,0x0248,0x0554,
    0x0554,0x0842,0x0040,0x0000,0x0000,0x0110,0x0ffe,0x0040,0x07fc,0x0040,0x0ffe,0x0210,
    0x03f8,0x0216,0x0210,0x03f0,0x0000,0x0000,0x0780,0x045e,0x0232,0x0fde,0x0a12,0x0ff2,
    0x0a1e,0x0fd2,0x0212,0x021e,0x0380,0x0000,0x0000,0x0480,0x028e,0x0fea,0x090e,0x0fea,
    0x012a,0x0fee,0x098a,0x094a,0x072e,0x0100,0x0000,0x0000,0x0fe0,0x092e,0x092a,0x0fee,
    0x092a,0x092a,0x0bae,0x0d6a,0x092a,0x092e,0x0fe0,0x0000,0x0000,0x0100,0x0fee,0x010a,
    0x092e,0x054a,0x010a,0x0ffe,0x010a,0x018a,0x054e,0x0930,0x0000,0x0000,0x0fe0,0x022e,
    0x0faa,0x022e,0x022a,0x0fea,0x022e,0x0faa,0x021a,0x020e,0x0fe0,0x0000,0x0000,0x0200,
    0x0fde,0x0212,0x0fde,0x0212,0x0ff2,0x085e,0x0fd2,0x0852,0x0fde,0x0840,0x0000,0x0000,
    0x0be0,0x093e,0x0552,0x001e,0x0fd2,0x0a12,0x0ffe,0x0a12,0x0fd2,0x021e,0x0380,0x0000,
    0x0000,0x0100,0x0ffe,0x010a,0x054e,0x054a,0x09aa,0x091e,0x038a,0x054a,0x093e,0x0100,
    0x0000,0x0000,0x0fe0,0x010e,0x0fea,0x054e,0x0ffa,0x054a,0x054e,0x0fea,0x010a,0x010e,
    0x0fe0,0x0000,0x0000,0x0480,0x049e,0x0fd2,0x025e,0x0ff2,0x0252,0x025e,0x0fd2,0x0252,
    0x025e,0x0fc0,0x0000,0x0000,0x0fb8,0x0808,0x097e,0x0508,0x062a,0x094a,0x07fc,0x0404,
    0x07fc,0x0404,0x07fc,0x0000,0x0000,0x0100,0x0fde,0x0a52,0x0fde,0x0a52,0x0a52,0x0fde,
    0x0292,0x0252,0x0ffe,0x0200,0x0000,0x0000,0x010e,0x0fea,0x010a,0x0ffe,0x028a,0x0a8a,
    0x0e6e,0x010a,0x0fea,0x010e,0x0ff0,0x0000,0x0000,0x0100,0x0cde,0x0852,0x0ede,0x0852,
    0x0852,0x0fde,0x0292,0x0292,0x0a5e,0x0e30,0x0000,0x0000,0x07fc,0x04a4,0x04a4,0x07fc,
    0x0040,0x0ffe,0x0110,0x0ffe,0x0040,0x07fc,0x0040,0x0000,0x0000,0x0100,0x0fee,0x090a,
    0x0ffe,0x090a,0x0fea,0x010e,0x0f2a,0x012a,0x01ee,0x0e18,0x0000,0x0000,0x0be0,0x088e,
    0x052a,0x044e,0x000a,0x010a,0x0fee,0x018a,0x054a,0x092e,0x0100,0x0000,0x0000,0x0100,
    0x0fde,0x0912,0x051e,0x0fd2,0x0112,0x0f9e,0x08d2,0x0fb2,0x089e,0x0f80,0x0000,0x0000,
    0x02f0,0x0a8e,0x05aa,0x024e,0x042a,0x0bda,0x010e,0x0ffa,0x010a,0x02ce,0x0c30,0x0000,
    0x0000,0x0020,0x07fc,0x04a4,0x07fc,0x0040,0x0ffe,0x0110,0x0ffe,0x0040,0x07fc,0x0040,
    0x0000,0x0000,0x03e0,0x0020,0x0ffe,0x0802,0x05f4,0x08a2,0x03f8,0x0e0e,0x03f8,0x0208,
    0x03f8,0x0000,0x0000,0x0480,0x0fee,0x048a,0x000e,0x0fea,0x092a,0x092e,0x0fea,0x092a,
    0x092e,0x0fe0,0x0000,0x0000,0x0380,0x027e,0x0a4a,0x0a4e,0x0bfa,0x024a,0x024e,0x056a,
    0x055a,0x08ce,0x0840,0x0000,0x0000,0x0210,0x0aae,0x068a,0x021e,0x0faa,0x020a,0x073e,
    0x0aaa,0x022a,0x006e,0x0f98,0x0000,0x0000,0x0100,0x0fee,0x010a,0x0fce,0x084a,0x0fca,
    0x084e,0x0fea,0x000a,0x048e,0x0860,0x0000,0x0000,0x0100,0x0fee,0x010a,0x0ffe,0x008a,
    0x044a,0x0fee,0x000a,0x0fea,0x0aae,0x0ff0,0x0000,0x0000,0x0100,0x0ffe,0x0912,0x0fde,
    0x0112,0x07d2,0x011e,0x0ff2,0x0452,0x045e,0x07c0,0x0000,0x0000,0x0fe0,0x083e,0x0fd2,
    0x085e,0x0fd2,0x0852,0x0fde,0x0112,0x0ff2,0x049e,0x0860,0x0000,0x0000,0x0240,0x0ffe,
    0x024a,0x0ffe,0x028a,0x0fea,0x0aae,0x0aaa,0x0d6a,0x082e,0x0c20,0x0000,0x0000,0x0440,
    0x0ffe,0x044a,0x07ce,0x010a,0x0fea,0x092e,0x0b6a,0x0daa,0x092e,0x0d20,0x0000,0x0000,
    0x0fe0,0x028e,0x0fea,0x0aae,0x0fea,0x000a,0x0fee,0x000a,0x0fea,0x054e,0x09a0,0x0000,
    0x0000,0x0540,0x0ffe,0x0812,0x0fde,0x0452,0x0452,0x07de,0x0112,0x0fd2,0x011e,0x0fe0,
    0x0000,0x0000,0x00aa,0x0fbe,0x04ea,0x033e,0x0dea,0x0404,0x07fc,0x0404,0x07fc,0x0404,
    0x07fc,0x0000,0x0000,0x0480,0x0fce,0x024a,0x0fee,0x024a,0x0fca,0x024e,0x0fca,0x000a,
    0x0aae,0x0a90,0x0000,0x0000,0x0fe0,0x082e,0x0fea,0x022e,0x0faa,0x0aaa,0x0fae,0x022a,
    0x0fea,0x0a5e,0x0b50,0x0000,0x0000,0x04f0,0x028e,0x0a9a,0x046e,0x07ca,0x082a,0x07de,
    0x044a,0x07ca,0x024e,0x0ff0,0x0000,0x0000,0x0fe0,0x094e,0x054a,0x0ffe,0x082a,0x05ea,
    0x0f2e,0x05ea,0x051a,0x0f8e,0x0460,0x0000,0x0000,0x0100,0x0ffe,0x04aa,0x0fce,0x084a,
    0x0fea,0x085e,0x0fca,0x010a,0x052e,0x0990,0x0000,0x0000,0x03f0,0x0e4e,0x0bfa,0x0aae,
    0x08ea,0x0aaa,0x0aee,0x04aa,0x04aa,0x0afe,0x0980,0x0000,0x0000,0x0100,0x0ffe,0x044a,
    0x044e,0x0ffa,0x092a,0x0fee,0x092a,0x0fea,0x010e,0x0ff0,0x0000,0x0000,0x07c0,0x022e,
    0x0ffa,0x052e,0x0cea,0x022a,0x0fee,0x002a,0x0fda,0x084e,0x0fc0,0x0000,0x0000,0x07c0,
    0x082e,0x0fda,0x000e,0x0eea,0x0aaa,0x0aae,0x0eea,0x044a,0x0aae,0x0910,0x0000,0x0000,
    0x0208,0x0fbe,0x0208,0x0ffe,0x0922,0x0514,0x0bfe,0x0208,0x03f8,0x0208,0x03f8,0x0000,
    0x0000,0x0f3c,0x0924,0x0f3c,0x0924,0x0f3c,0x0090,0x0ff8,0x008c,0x07fa,0x0088,0x0ff8,
    0x0000,0x0000,0x0240,0x0ffe,0x024a,0x0fee,0x082a,0x07ea,0x028e,0x0b6a,0x068a,0x0a6e,
    0x0180,0x0000,0x0000,0x0f3c,0x0924,0x0924,0x0ffc,0x0088,0x07fc,0x008a,0x0ff8,0x0210,
    0x01e0,0x0e1e,0x0000,0x0000,0x0240,0x0efe,0x02aa,0x0eae,0x09fa,0x0eaa,0x02ee,0x0eaa,
    0x02ea,0x0aae,0x0ea0,0x0000,0x0000,0x0040,0x0ffe,0x0040,0x03f8,0x0208,0x0208,0x0ffe,
    0x04a4,0x07bc,0x04a4,0x0ffe,0x0000,0x0000,0x0ff8,0x080e,0x0ffa,0x052e,0x0ffa,0x0a4a,
    0x0ffe,0x0aaa,0x0bea,0x0a86,0x0df4,0x0000,0x0000,0x03f8,0x0200,0x0110,0x00a0,0x0ffe,
    0x0880,0x04c0,0x02b0,0x008e,0x0080,0x00e0,0x0000,0x0000,0x073e,0x08a0,0x0054,0x0f88,
    0x003e,0x0028,0x0fa8,0x081c,0x080a,0x0408,0x030c,0x0000,0x0000,0x0008,0x07f8,0x0048,
    0x0044,0x0042,0x0ffe,0x0040,0x00c0,0x0120,0x0218,0x0c06,0x0000,0x0000,0x0120,0x0210,
    0x07fe,0x0810,0x03f0,0x0048,0x0044,0x0ffe,0x00a0,0x0318,0x0c06,0x0000,0x0000,0x0004,
    0x0f7c,0x0912,0x0912,0x0910,0x097e,0x0910,0x0910,0x0928,0x0f44,0x0002,0x0000,0x0000,
    0x09c2,0x093e,0x090a,0x09c8,0x087e,0x0848,0x09c8,0x0914,0x0914,0x0912,0x08c2,0x0000,
    0x0000,0x0fc2,0x007e,0x004a,0x0fc8,0x087e,0x0848,0x0fc8,0x0054,0x0064,0x0042,0x0fc2,
    0x0000,0x0000,0x0602,0x01de,0x010a,0x0fe8,0x029e,0x0448,0x0828,0x0494,0x0494,0x0442,
    0x0442,0x0000,0x0000,0x0fc2,0x003e,0x000a,0x0fc8,0x087e,0x0848,0x0fc8,0x0494,0x0494,
    0x0212,0x0fc2,0x0000,0x0000,0x0fe2,0x011e,0x0fea,0x0188,0x055e,0x0928,0x0fe8,0x0454,
    0x0254,0x0382,0x0c62,0x0000,0x0000,0x0fe2,0x011e,0x0fea,0x0248,0x066e,0x0bd8,0x0008,
    0x0ff4,0x0a54,0x0bd2,0x0c12,0x0000,0x0000,0x0ffe,0x0040,0x0040,0x0040,0x0020,0x07f0,
    0x0418,0x0416,0x0410,0x0410,0x07f0,0x0000,0x0000,0x0fc0,0x021e,0x0208,0x0208,0x0208,
    0x0fdc,0x0216,0x0214,0x0214,0x0214,0x021c,0x0000,0x0000,0x0fc0,0x023e,0x0208,0x0208,
    0x0208,0x023c,0x0226,0x0224,0x0224,0x0224,0x0ffc,0x0000,0x0000,0x0080,0x0fbe,0x0888,
    0x0888,0x0948,0x0a3c,0x0426,0x0424,0x0224,0x013c,0x00c0,0x0000,0x0000,0x07c0,0x045e,
    0x0448,0x0448,0x04c8,0x055c,0x0456,0x0454,0x0454,0x0454,0x0c3c,0x0000,0x0000,0x0100,
    0x0fde,0x0048,0x0048,0x0048,0x005c,0x0056,0x0054,0x0054,0x0054,0x003c,0x0000,0x0000,
    0x07e0,0x041e,0x0488,0x0488,0x0248,0x025c,0x0fd6,0x0814,0x0bf4,0x0814,0x061c,0x0000,
    0x0000,0x0100,0x011e,0x0548,0x0948,0x0128,0x011c,0x0196,0x0814,0x0414,0x0314,0x00dc,
    0x0000,0x0000,0x0f40,0x0a5e,0x0a48,0x0ae8,0x0a48,0x0a5c,0x0956,0x0954,0x0954,0x08d4,
    0x069c,0x0000,0x0000,0x0040,0x0fde,0x0948,0x0948,0x0528,0x011c,0x0116,0x0294,0x0294,
    0x045c,0x0820,0x0000,0x0000,0x0240,0x025e,0x0a48,0x07c8,0x0248,0x025c,0x0256,0x0254,
    0x0a54,0x0bd4,0x0e7c,0x0000,0x0000,0x0fde,0x0488,0x0488,0x0488,0x0ffc,0x0496,0x0494,
    0x0494,0x0494,0x0454,0x043c,0x0000,0x0000,0x0100,0x011e,0x0fc8,0x0088,0x0fe8,0x005c,
    0x0fd6,0x0814,0x04d4,0x0314,0x041c,0x0000,0x0000,0x0fc0,0x085e,0x0a48,0x0a48,0x0a48,
    0x0a5c,0x0a56,0x0a54,0x0114,0x0a94,0x0e7c,0x0000,0x0000,0x011e,0x0fe8,0x0108,0x0108,
    0x0108,0x0ffc,0x0116,0x0494,0x0494,0x0a54,0x09dc,0x0000,0x0000,0x0040,0x0fde,0x0148,
    0x0128,0x0f28,0x011c,0x0116,0x0f14,0x0114,0x0114,0x011c,0x0000,0x0000,0x07c0,0x045e,
    0x0448,0x07c8,0x0448,0x045c,0x07d6,0x0454,0x0454,0x0454,0x0ffc,0x0000,0x0000,0x0fc0,
    0x025e,0x0248,0x0248,0x0fc8,0x045c,0x0456,0x0454,0x09d4,0x0814,0x0bdc,0x0000,0x0000,
    0x0088,0x0fba,0x008a,0x08fa,0x0f0e,0x0000,0x0ffe,0x0010,0x07f8,0x040e,0x07f8,0x0000,
    0x0000,0x0100,0x013e,0x0f08,0x0108,0x0108,0x011c,0x0fd6,0x0854,0x0854,0x0854,0x0fdc,
    0x0000,0x0000,0x0e00,0x01de,0x0108,0x0108,0x0fe8,0x081c,0x0416,0x0254,0x0154,0x00b4,
    0x0f1c,0x0000,0x0000,0x0fe0,0x011e,0x0108,0x0928,0x0548,0x011c,0x0116,0x0ff4,0x0114,
    0x0114,0x011c,0x0000,0x0000,0x0040,0x0fde,0x0828,0x0be8,0x0a48,0x0a5c,0x0bd6,0x0454,
    0x0054,0x0854,0x0fdc,0x0000,0x0000,0x0200,0x0fde,0x0a48,0x0248,0x0fc8,0x085c,0x0956,
    0x0554,0x0234,0x0514,0x08dc,0x0000,0x0000,0x0200,0x0fde,0x0a48,0x0a48,0x0fc8,0x0a5c,
    0x0a56,0x0fd4,0x0214,0x0214,0x021c,0x0000,0x0000,0x0fe0,0x023e,0x0228,0x0fa8,0x0aa4,
    0x0abc,0x0aa6,0x0ea4,0x0224,0x003c,0x0fe0,0x0000,0x0000,0x0fc0,0x005e,0x0048,0x0fc8,
    0x0148,0x015c,0x0f16,0x0894,0x0894,0x0854,0x065c,0x0000,0x0000,0x0600,0x01de,0x0048,
    0x0128,0x0128,0x0ffc,0x0116,0x0114,0x0554,0x0934,0x019c,0x0000,0x0000,0x0200,0x0a5e,
    0x0a48,0x0a48,0x0fc8,0x021c,0x0216,0x0a54,0x0a54,0x0a54,0x0fdc,0x0000,0x0000,0x0240,
    0x025e,0x0fc8,0x0248,0x0208,0x0fdc,0x0216,0x0314,0x0694,0x0a54,0x021c,0x0000,0x0000,
    0x0100,0x0fde,0x0108,0x0108,0x0fe8,0x011c,0x0116,0x0fd4,0x0114,0x0114,0x0ffc,0x0000,
    0x0000,0x09e0,0x0abe,0x0aa8,0x0aa8,0x0aa8,0x0bfc,0x0aa6,0x0aa4,0x08a4,0x089c,0x0c90,
    0x0000,0x0000,0x0fe0,0x083e,0x0828,0x0ba8,0x0824,0x0bbc,0x0aa6,0x0aa4,0x0ba4,0x083c,
    0x0c20,0x0000,0x0000,0x0fe0,0x029e,0x0288,0x0fe8,0x0aa8,0x0abc,0x0aa6,0x0e64,0x0824,
    0x083c,0x0fe0,0x0000,0x0000,0x0fe0,0x021e,0x0fc8,0x0848,0x0a48,0x0a5c,0x0a56,0x0a54,
    0x0a54,0x0594,0x087c,0x0000,0x0000,0x0100,0x095e,0x0548,0x0108,0x0fc8,0x085c,0x0fd6,
    0x0854,0x0fd4,0x0854,0x0c5c,0x0000,0x0000,0x0100,0x0ffe,0x0488,0x0448,0x0be8,0x081c,
    0x0556,0x0554,0x0554,0x0534,0x0d1c,0x0000,0x0000,0x0fe0,0x011e,0x0fc8,0x0948,0x0fc8,
    0x095c,0x0fd6,0x0114,0x0154,0x0294,0x0c7c,0x0000,0x0000,0x0780,0x045e,0x0208,0x0fc8,
    0x0948,0x0fdc,0x0956,0x0fd4,0x0854,0x0834,0x0c1c,0x0000,0x0000,0x0fc0,0x085e,0x0fc8,
    0x0848,0x0fc8,0x085c,0x0856,0x0fd4,0x0294,0x0a54,0x0e3c,0x0000,0x0000,0x0ee0,0x0abe,
    0x0aa8,0x0ee8,0x0aa8,0x0abc,0x0aa6,0x0ee4,0x0aa4,0x0aa4,0x0abc,0x0000,0x0000,0x0100,
    0x0ffe,0x0aa8,0x0288,0x0a88,0x0e7c,0x0016,0x07d4,0x0114,0x011c,0x0fe0,0x0000,0x0000,
    0x0100,0x0ffe,0x0828,0x0008,0x0fe8,0x011c,0x0116,0x0f54,0x0154,0x01d4,0x0e3c,0x0000,
    0x0000,0x0fe0,0x093e,0x0ba8,0x0928,0x0ba8,0x083c,0x0ba6,0x0aa4,0x0ba4,0x083c,0x0c20,
    0x0000,0x0000,0x0fc0,0x045e,0x07e8,0x0208,0x0fe8,0x021c,0x0ad6,0x0614,0x0a94,0x0a54,
    0x033c,0x0000,0x0000,0x0fc0,0x085e,0x0fc8,0x0848,0x0fc8,0x041c,0x0ff6,0x0414,0x0454,
    0x0494,0x061c,0x0000,0x0000,0x0100,0x0ffe,0x0448,0x0448,0x0aa8,0x091c,0x0116,0x0ff4,
    0x0114,0x0114,0x011c,0x0000,0x0000,0x0100,0x0fde,0x0948,0x0fc8,0x0948,0x095c,0x0fd6,
    0x0294,0x0254,0x0ff4,0x021c,0x0000,0x0000,0x0480,0x04be,0x0fc8,0x0248,0x0fe8,0x025c,
    0x0256,0x0fd4,0x0254,0x0254,0x0fdc,0x0000,0x0000,0x0100,0x0ffe,0x0828,0x0ee8,0x0aa8,
    0x0abc,0x0ad6,0x0e94,0x0294,0x0a54,0x0e3c,0x0000,0x0000,0x029e,0x0fe8,0x0aa8,0x0aa8,
    0x0ffc,0x0aa6,0x0aa4,0x0fe4,0x001c,0x0440,0x0830,0x0000,0x0000,0x0100,0x0ffe,0x0488,
    0x0488,0x0fe8,0x001c,0x0016,0x0fd4,0x0854,0x0854,0x0fdc,0x0000,0x0000,0x0540,0x0ffe,
    0x0548,0x0748,0x0048,0x0fdc,0x0116,0x0ff4,0x0194,0x055c,0x0920,0x0000,0x0000,0x07e0,
    0x043e,0x07e8,0x0428,0x07e8,0x005c,0x0ff6,0x0894,0x0954,0x09f4,0x061c,0x0000,0x0000,
    0x011e,0x0fc8,0x085e,0x0fc8,0x0848,0x0fde,0x0000,0x0ffe,0x0410,0x0418,0x07f6,0x0000,
    0x0000,0x0fe0,0x011e,0x0fc8,0x0848,0x0fc8,0x085c,0x0fd6,0x0854,0x0fd4,0x0494,0x087c,
    0x0000,0x0000,0x0440,0x025e,0x0fe8,0x0288,0x0288,0x0aac,0x06d6,0x0294,0x0294,0x029c,
    0x0fe0,0x0000,0x0000,0x0a00,0x0fde,0x0248,0x03c8,0x0a48,0x0bdc,0x0556,0x05d4,0x0454,
    0x0a34,0x099c,0x0000,0x0000,0x0100,0x0fde,0x0488,0x0488,0x0fe8,0x093c,0x0fd6,0x0954,
    0x0954,0x095c,0x0d40,0x0000,0x0000,0x0920,0x0ffe,0x0008,0x0fe8,0x0028,0x023c,0x0aa6,
    0x0aa4,0x0224,0x053c,0x08d0,0x0000,0x0000,0x0100,0x0fee,0x0548,0x0928,0x07c8,0x045c,
    0x07d6,0x0454,0x07d4,0x001c,0x0fe0,0x0000,0x0000,0x0100,0x0ffe,0x08a8,0x0288,0x0fc8,
    0x027c,0x0fd6,0x0254,0x0fd4,0x0254,0x0fdc,0x0000,0x0000,0x0fe0,0x013e,0x07e8,0x0128,
    0x07e8,0x013c,0x0ff6,0x0814,0x0954,0x0954,0x061c,0x0000,0x0000,0x0fc0,0x087e,0x0fc8,
    0x0548,0x0fc8,0x055c,0x0556,0x0fd4,0x0ab4,0x0494,0x09dc,0x0000,0x0000,0x0440,0x025e,
    0x0fe8,0x0448,0x0228,0x091c,0x0ff6,0x0494,0x0254,0x0934,0x0fec,0x0000,0x0000,0x0100,
    0x0ffe,0x0488,0x0488,0x0fe8,0x093c,0x0fd6,0x0094,0x0f94,0x0854,0x065c,0x0000,0x0000,
    0x0ffe,0x0020,0x0010,0x07f8,0x0416,0x0410,0x0ffe,0x0108,0x0fbc,0x0966,0x0f3c,0x0000,
    0x0000,0x0240,0x0ffe,0x0108,0x0fc8,0x0108,0x0ffc,0x0096,0x0fd4,0x0234,0x0214,0x0fdc,
    0x0000,0x0000,0x0788,0x04bc,0x0c64,0x07ac,0x04a4,0x033e,0x04a4,0x0ffe,0x0410,0x0418,
    0x07f6,0x0000,0x0000,0x05c0,0x0f5e,0x0568,0x05a8,0x0e88,0x047c,0x0116,0x0ff4,0x0194,
    0x0554,0x093c,0x0000,0x0000,0x0100,0x0fde,0x0108,0x0fe8,0x0108,0x04bc,0x0fe6,0x0024,
    0x0fe4,0x0aa4,0x0ffc,0x0000,0x0000,0x0100,0x0ffe,0x0928,0x0fe8,0x0928,0x0ffc,0x0916,
    0x0ff4,0x0414,0x0454,0x069c,0x0000,0x0000,0x0100,0x0ffe,0x0108,0x0fe8,0x0108,0x0ffc,
    0x0456,0x07d4,0x0454,0x07d4,0x0c3c,0x0000,0x0000,0x0080,0x0ffc,0x0224,0x0f7c,0x02a4,
    0x0aac,0x0bf4,0x0022,0x0ff2,0x0818,0x0ff4,0x0000,0x0000,0x0790,0x04fe,0x0c90,0x07fe,
    0x0454,0x037c,0x0482,0x0ffe,0x0410,0x0418,0x07f6,0x0000,0x0000,0x0540,0x0b3e,0x0548,
    0x0aa8,0x0fe8,0x051c,0x0fd6,0x0254,0x0ad4,0x0634,0x099c,0x0000,0x0000,0x09c0,0x051e,
    0x0aa8,0x0448,0x0fe8,0x001c,0x0fd6,0x0854,0x0fd4,0x0494,0x0ffc,0x0000,0x0000,0x0940,
    0x055e,0x0fe8,0x0548,0x0928,0x05dc,0x0f56,0x0554,0x0fb4,0x049c,0x0460,0x0000,0x0000,
    0x0240,0x0ffe,0x0248,0x03c8,0x0008,0x0ffc,0x0556,0x07d4,0x0554,0x07dc,0x0830,0x0000,
    0x0000,0x0100,0x0ffe,0x0108,0x0fe8,0x0448,0x0efc,0x0456,0x0ff4,0x0294,0x0a54,0x0e3c,
    0x0000,0x0000,0x0480,0x0fde,0x0248,0x0fe8,0x0248,0x0fdc,0x0256,0x0fd4,0x0014,0x0ab4,
    0x0a9c,0x0000,0x0000,0x0440,0x0ffe,0x0648,0x0d68,0x0448,0x0ffc,0x0916,0x0754,0x0154,
    0x01d4,0x0e3c,0x0000,0x0000,0x0f20,0x08fe,0x0428,0x0fc8,0x0428,0x05fc,0x0456,0x0df4,
    0x0554,0x05b4,0x0f1c,0x0000,0x0000,0x0100,0x0ffe,0x04a8,0x0fe8,0x04a8,0x0ffc,0x0a56,
    0x0fd4,0x0a54,0x07d4,0x083c,0x0000,0x0000,0x0fe0,0x053e,0x0fe8,0x0aa8,0x0fa8,0x0abc,
    0x0a96,0x0fd4,0x0954,0x0b54,0x0c5c,0x0000,0x0000,0x0540,0x0bbe,0x06c8,0x0ba8,0x06c8,
    0x0bbc,0x0116,0x0ff4,0x0194,0x0554,0x093c,0x0000,0x0000,0x02a8,0x0f5e,0x06ac,0x0a4a,
    0x02a8,0x0ffe,0x0210,0x07f8,0x0a16,0x0218,0x03f4,0x0000,0x0000,0x0440,0x0fee,0x0448,
    0x0fa8,0x0ac8,0x0f9c,0x0ab6,0x0fd4,0x0814,0x08b4,0x0d1c,0x0000,0x0000,0x07fc,0x0000,
    0x0000,0x0000,0x0ffe,0x0040,0x0040,0x0248,0x0444,0x0842,0x0060,0x0000,0x0000,0x0088,
    0x0088,0x00be,0x00a0,0x0090,0x0088,0x008c,0x089a,0x08a8,0x0888,0x0f08,0x0000,0x0000,
    0x0208,0x0208,0x023e,0x0fa0,0x0210,0x0208,0x021c,0x022a,0x0208,0x0208,0x0fc8,0x0000,
    0x0000,0x0fc8,0x0848,0x085e,0x0850,0x0fd0,0x0048,0x004c,0x005a,0x0848,0x0848,0x0f88,
    0x0000,0x0000,0x0f88,0x0888,0x08be,0x04a0,0x0290,0x0488,0x089c,0x08aa,0x0888,0x0688,
    0x0088,0x0000,0x0000,0x0108,0x0d48,0x0b5e,0x09d0,0x0970,0x0948,0x0d4c,0x015a,0x0048,
    0x0848,0x0fc8,0x0000,0x0000,0x0fc8,0x0108,0x011e,0x0110,0x0ff0,0x0108,0x010c,0x011a,
    0x0288,0x0448,0x0828,0x0000,0x0000,0x0c04,0x03c4,0x025e,0x0250,0x0250,0x0fc8,0x0444,
    0x044e,0x0454,0x0b44,0x08e4,0x0000,0x0000,0x0608,0x01c8,0x005e,0x0050,0x0fd0,0x0448,
    0x044c,0x045a,0x0428,0x0428,0x0408,0x0000,0x0000,0x0108,0x0108,0x011e,0x0150,0x0f50,
    0x0148,0x014c,0x015a,0x0148,0x0148,0x0fe8,0x0000,0x0000,0x0208,0x0fc8,0x023e,0x0220,
    0x0110,0x0f88,0x08cc,0x08ba,0x0888,0x0888,0x0f88,0x0000,0x0000,0x0888,0x0fe8,0x009e,
    0x0890,0x0950,0x0548,0x054c,0x022a,0x0218,0x0588,0x0868,0x0000,0x0000,0x0088,0x0908,
    0x081e,0x0490,0x0490,0x02a8,0x0aac,0x09aa,0x0088,0x08c8,0x0f28,0x0000,0x0000,0x07c8,
    0x0448,0x045e,0x07d0,0x0450,0x0448,0x07cc,0x045a,0x0448,0x0448,0x0fe8,0x0000,0x0000,
    0x0c08,0x03c8,0x025e,0x0250,0x0fd0,0x0448,0x044c,0x045a,0x09c8,0x0808,0x0be8,0x0000,
    0x0000,0x0048,0x0fc8,0x015e,0x0150,0x0f10,0x0108,0x010c,0x0f1a,0x0108,0x0108,0x0108,
    0x0000,0x0000,0x0104,0x0fe4,0x011e,0x0110,0x0108,0x0fe4,0x008e,0x0454,0x0444,0x0b24,
    0x08e4,0x0000,0x0000,0x0fc8,0x0848,0x085e,0x0850,0x0fd0,0x0288,0x028c,0x029a,0x0a88,
    0x0a48,0x0e38,0x0000,0x0000,0x0208,0x0fc8,0x0a5e,0x0a50,0x0fd0,0x0a48,0x0a4c,0x0fda,
    0x0208,0x0208,0x0208,0x0000,0x0000,0x0444,0x07fc,0x0842,0x0ffe,0x0000,0x07fc,0x0000,
    0x0ffe,0x0040,0x0444,0x0862,0x0000,0x0000,0x0fc8,0x0808,0x081e,0x0bd0,0x0810,0x0808,
    0x09cc,0x095a,0x0948,0x09c8,0x0c08,0x0000,0x0000,0x0088,0x0f88,0x0a5e,0x0a50,0x0210,
    0x0288,0x065c,0x0a2a,0x0a08,0x0208,0x0388,0x0000,0x0000,0x0488,0x0288,0x0fde,0x0210,
    0x0210,0x0fc8,0x020c,0x021a,0x0fc8,0x0208,0x0208,0x0000,0x0000,0x0ffe,0x00a0,0x07fc,
    0x04a4,0x07fc,0x0000,0x07fc,0x0000,0x0ffe,0x0248,0x0464,0x0000,0x0000,0x0fbc,0x0824,
    0x052a,0x0214,0x0408,0x0bf6,0x0000,0x07fc,0x0040,0x0444,0x0862,0x0000,0x0000,0x0104,
    0x0fe4,0x011e,0x0fd0,0x0110,0x0fe8,0x0484,0x0ff6,0x044c,0x04a4,0x0604,0x0000,0x0000,
    0x07c4,0x0444,0x045e,0x07d0,0x0108,0x0fe4,0x0926,0x0aac,0x0c64,0x0824,0x0c24,0x0000,
    0x0000,0x0448,0x0fe8,0x045e,0x07d0,0x0450,0x07c8,0x044c,0x0ffa,0x0008,0x0448,0x0828,
    0x0000,0x0000,0x0fc8,0x0448,0x07de,0x0210,0x0fd0,0x0908,0x056c,0x030a,0x0548,0x0928,
    0x0188,0x0000,0x0000,0x0040,0x0ffe,0x02a8,0x02e8,0x0208,0x03f8,0x0000,0x0ffe,0x0040,
    0x0444,0x0862,0x0000,0x0000,0x0208,0x0fbe,0x0308,0x069c,0x0a4a,0x03f8,0x0000,0x0ffe,
    0x0040,0x0444,0x0862,0x0000,0x0000,0x07c4,0x0404,0x07de,0x0410,0x0ff0,0x0908,0x0564,
    0x034e,0x0524,0x0914,0x01c4,0x0000,0x0000,0x0a48,0x0488,0x0fde,0x0a50,0x0fd0,0x0a48,
    0x0a4c,0x0fda,0x0208,0x0fe8,0x0208,0x0000,0x0000,0x0f44,0x0af4,0x0a4e,0x0af8,0x0948,
    0x0de4,0x014c,0x0ff6,0x0284,0x0444,0x0834,0x0000,0x0000,0x07c4,0x0444,0x075e,0x0550,
    0x0fe8,0x0824,0x0ba6,0x0aac,0x0aa4,0x0ba4,0x0c24,0x0000,0x0000,0x0108,0x0f08,0x011e,
    0x0fd0,0x0850,0x0fc8,0x084c,0x0fda,0x0008,0x0488,0x0868,0x0000,0x0000,0x0fe4,0x0004,
    0x07de,0x0450,0x07c8,0x0004,0x0fe6,0x092c,0x0fe4,0x0924,0x0fe4,0x0000,0x0000,0x0ff4,
    0x0a52,0x0bf8,0x0a44,0x0e56,0x03f4,0x0000,0x0ffe,0x0040,0x0444,0x0862,0x0000,0x0000,
    0x0208,0x0fe8,0x021e,0x0ff0,0x0850,0x0fc8,0x048c,0x0ffa,0x0848,0x0848,0x0fc8,0x0000,
    0x0000,0x0ee8,0x0aa8,0x0abe,0x0fe0,0x0930,0x0fe8,0x092c,0x0fea,0x0108,0x0ff8,0x0108,
    0x0000,0x0000,0x0288,0x0fe8,0x0abe,0x0fe0,0x0ab0,0x0fe8,0x044c,0x07da,0x0288,0x0288,
    0x0fe8,0x0000,0x0000,0x0104,0x0fe4,0x010e,0x0ff8,0x0804,0x07ec,0x0106,0x0ff4,0x08a4,
    0x0aa4,0x0ce4,0x0000,0x0000,0x0104,0x0ff4,0x0aae,0x0ee8,0x0288,0x0fe4,0x0286,0x0fec,
    0x0a84,0x0474,0x09c4,0x0000,0x0000,0x0ffe,0x0040,0x03f8,0x0248,0x03f8,0x0040,0x0ffe,
    0x0842,0x0a42,0x0bfa,0x0c02,0x0000,0x0000,0x07fc,0x0444,0x07fc,0x0444,0x07fc,0x0040,
    0x0ffe,0x0842,0x0a42,0x0bfa,0x0c02,0x0000,0x0000,0x0040,0x0ffe,0x0110,0x04e4,0x0514,
    0x07fc,0x0040,0x0ffe,0x0822,0x0912,0x0df2,0x0000,0x0000,0x01f0,0x0248,0x07fc,0x08a2,
    0x0248,0x02a8,0x0228,0x0ffe,0x0922,0x09f2,0x0c02,0x0000,0x0000,0x0780,0x007c,0x0040,
    0x0040,0x0ffe,0x00c0,0x0160,0x0250,0x0448,0x0846,0x0040,0x0000,0x0000,0x0780,0x007c,
    0x0040,0x0ffe,0x0160,0x0258,0x0c46,0x0090,0x0090,0x0888,0x0f06,0x0000,0x0000,0x07fc,
    0x0040,0x0ffe,0x0160,0x0258,0x0c46,0x01fc,0x0720,0x0420,0x0410,0x038c,0x0000,0x0000,
    0x0130,0x010e,0x0108,0x0108,0x00be,0x0088,0x048c,0x045c,0x044a,0x0a2a,0x09e8,0x0000,
    0x0000,0x0780,0x007c,0x0040,0x0ffe,0x0160,0x0258,0x0c46,0x01f0,0x0110,0x0908,0x0f06,
    0x0000,0x0000,0x0fb0,0x020e,0x0208,0x0208,0x021e,0x0fc8,0x020c,0x020c,0x021a,0x020a,
    0x0208,0x0000,0x0000,0x07fc,0x0040,0x0ffe,0x0440,0x0ffe,0x0440,0x07fc,0x0160,0x0258,
    0x0c46,0x0040,0x0000,0x0000,0x0130,0x010e,0x0948,0x0948,0x052e,0x0528,0x010c,0x029c,
    0x028a,0x044a,0x0838,0x0000,0x0000,0x0230,0x020e,0x0fc8,0x0a48,0x0a5e,0x0a48,0x0fcc,
    0x020c,0x021a,0x020a,0x0208,0x0000,0x0000,0x0430,0x048e,0x0508,0x0408,0x045e,0x0488,
    0x0c0c,0x071c,0x04ea,0x040a,0x0408,0x0000,0x0000,0x0130,0x010e,0x0548,0x0928,0x010e,
    0x0108,0x018c,0x081c,0x040a,0x030a,0x00e8,0x0000,0x0000,0x0130,0x012e,0x0928,0x05e8,
    0x033e,0x0128,0x012c,0x012c,0x012a,0x09ea,0x0e38,0x0000,0x0000,0x00b0,0x090e,0x0808,
    0x0488,0x049e,0x02a8,0x0aac,0x09ac,0x008a,0x08ca,0x0f28,0x0000,0x0000,0x07f0,0x044e,
    0x0448,0x07c8,0x045e,0x0448,0x07cc,0x044c,0x045a,0x044a,0x0fe8,0x0000,0x0000,0x0130,
    0x0fee,0x0108,0x0108,0x0fde,0x0108,0x010c,0x038c,0x054a,0x093a,0x0108,0x0000,0x0000,
    0x0ff0,0x010e,0x0928,0x0548,0x011e,0x0108,0x0fec,0x010c,0x010a,0x010a,0x0108,0x0000,
    0x0000,0x0040,0x0ffe,0x0020,0x03f8,0x0110,0x0ffe,0x0248,0x07fc,0x0962,0x0250,0x044c,
    0x0000,0x0000,0x0130,0x0fee,0x0928,0x0928,0x092e,0x0928,0x0ffc,0x010c,0x028a,0x044a,
    0x0838,0x0000,0x0000,0x0270,0x024e,0x0fc8,0x0248,0x021e,0x0fe8,0x020c,0x050c,0x051a,
    0x088a,0x0868,0x0000,0x0000,0x0530,0x090e,0x0108,0x0fe8,0x011e,0x0108,0x039c,0x054c,
    0x092a,0x010a,0x0108,0x0000,0x0000,0x0ff0,0x004e,0x0048,0x07c8,0x047e,0x0448,0x07cc,
    0x005c,0x006a,0x004a,0x0fc8,0x0000,0x0000,0x0ff0,0x084e,0x0848,0x0848,0x085e,0x0fc8,
    0x000c,0x048c,0x049a,0x084a,0x0848,0x0000,0x0000,0x00b0,0x0f8e,0x0a48,0x0a48,0x021e,
    0x0288,0x064c,0x0a2c,0x0a0a,0x020a,0x0388,0x0000,0x0000,0x0230,0x0fce,0x0208,0x0208,
    0x0fde,0x0008,0x000c,0x0fcc,0x085a,0x084a,0x0fc8,0x0000,0x0000,0x0130,0x0f8e,0x0868,
    0x0488,0x031e,0x00c8,0x0f8c,0x086c,0x048a,0x030a,0x00e8,0x0000,0x0000,0x0a70,0x0a4e,
    0x0fc8,0x0108,0x0f1e,0x0888,0x094c,0x0a0c,0x041a,0x030a,0x00e8,0x0000,0x0000,0x0cb0,
    0x030e,0x04c8,0x0908,0x0fde,0x0088,0x0fcc,0x096c,0x095a,0x0d4a,0x0108,0x0000,0x0000,
    0x0bd0,0x080e,0x0528,0x0548,0x001e,0x07c8,0x021c,0x010c,0x0fea,0x010a,0x0188,0x0000,
    0x0000,0x07b0,0x040e,0x0848,0x0fe8,0x045e,0x0448,0x07cc,0x029c,0x028a,0x0a4a,0x0e38,
    0x0000,0x0000,0x0ff0,0x084e,0x0fc8,0x0848,0x085e,0x0fc8,0x000c,0x0fdc,0x020a,0x0fca,
    0x0208,0x0000,0x0000,0x0ff0,0x084e,0x0848,0x0fc8,0x001e,0x0fc8,0x020c,0x0fdc,0x020a,
    0x020a,0x0fc8,0x0000,0x0000,0x0230,0x0a4e,0x0688,0x0208,0x0fde,0x0848,0x0fcc,0x084c,
    0x0fda,0x084a,0x0c48,0x0000,0x0000,0x04b0,0x028e,0x0fc8,0x0848,0x087e,0x0fc8,0x028c,
    0x029c,0x028a,0x0a4a,0x0e38,0x0000,0x0000,0x03b0,0x044e,0x0828,0x07c8,0x001e,0x07c8,
    0x040c,0x028c,0x012a,0x042a,0x09c8,0x0000,0x0000,0x00b0,0x0fee,0x0928,0x0fe8,0x093e,
    0x0928,0x0fec,0x028c,0x024a,0x0fea,0x0208,0x0000,0x0000,0x0130,0x0fee,0x0108,0x07c8,
    0x045e,0x07c8,0x044c,0x07cc,0x044a,0x044a,0x0fe8,0x0000,0x0000,0x04b0,0x048e,0x0fc8,
    0x0248,0x0ffe,0x0248,0x024c,0x0fcc,0x025a,0x024a,0x0fc8,0x0000,0x0000,0x0130,0x0fee,
    0x0108,0x0ff8,0x028e,0x0c68,0x078c,0x046c,0x024a,0x038a,0x0c68,0x0000,0x0000,0x0ff0,
    0x094e,0x0fc8,0x0948,0x0fde,0x0108,0x0fec,0x018c,0x054a,0x092a,0x0108,0x0000,0x0000,
    0x0040,0x0ffe,0x02a8,0x02e8,0x0208,0x03f8,0x0040,0x0ffe,0x0160,0x0258,0x0c46,0x0000,
    0x0000,0x0ff0,0x092e,0x0ba8,0x0928,0x0bbe,0x0828,0x0bac,0x0aac,0x0aaa,0x0baa,0x0c28,
    0x0000,0x0000,0x0ff0,0x010e,0x0fe8,0x0928,0x0ffe,0x0928,0x0fec,0x010c,0x0fea,0x010a,
    0x0fe8,0x0000,0x0000,0x0bf0,0x089e,0x0528,0x0108,0x0ffe,0x0928,0x0fec,0x092c,0x0ffa,
    0x082a,0x0c28,0x0000,0x0000,0x07b0,0x044e,0x0228,0x0fc8,0x080e,0x0ff8,0x080c,0x0fec,
    0x014a,0x045a,0x0b88,0x0000,0x0000,0x0ff0,0x092e,0x0fe8,0x0928,0x0ffe,0x0288,0x0c6c,
    0x078c,0x046a,0x038a,0x0c78,0x0000,0x0000,0x0bf0,0x088e,0x0528,0x0448,0x011e,0x0cc8,
    0x084c,0x0dcc,0x085a,0x084a,0x0fc8,0x0000,0x0000,0x0130,0x0fee,0x0828,0x07c8,0x091e,
    0x0588,0x026c,0x070c,0x0aca,0x0a3a,0x0188,0x0000,0x0000,0x0530,0x0fee,0x0288,0x0e68,
    0x03de,0x0848,0x0fcc,0x001c,0x0fca,0x084a,0x0fc8,0x0000,0x0000,0x0130,0x0fee,0x0448,
    0x07c8,0x001e,0x0fe8,0x082c,0x0bac,0x0aaa,0x0baa,0x0c28,0x0000,0x0000,0x0788,0x04be,
    0x0488,0x04be,0x0c62,0x001e,0x0fc8,0x08be,0x0488,0x032c,0x0cca,0x0000,0x0000,0x00b0,
    0x0fee,0x0828,0x0fe8,0x011e,0x0548,0x09ac,0x061c,0x09ca,0x060a,0x01e8,0x0000,0x0000,
    0x0c1c,0x03d2,0x0208,0x023e,0x0fea,0x023e,0x032a,0x06be,0x0a40,0x022a,0x022a,0x0000,
    0x0000,0x0130,0x0fee,0x0108,0x0fe8,0x010e,0x0ff8,0x044c,0x07cc,0x044a,0x07ca,0x0c38,
    0x0000,0x0000,0x0fe2,0x011e,0x0fc2,0x085e,0x0fc0,0x085e,0x0fc8,0x087e,0x0fc8,0x049c,
    0x086a,0x0000,0x0000,0x0130,0x0fee,0x0928,0x0fe8,0x093e,0x0fe8,0x090c,0x0ffc,0x014a,
    0x045a,0x0b88,0x0000,0x0000,0x02b0,0x0fee,0x0aa8,0x0fe8,0x0abe,0x0fe8,0x002c,0x0fec,
    0x055a,0x024a,0x0cc8,0x0000,0x0000,0x0f70,0x014e,0x0fe8,0x0508,0x0ffe,0x0a28,0x0bec,
    0x04ac,0x05aa,0x0a9a,0x0968,0x0000,0x0000,0x0bf0,0x092e,0x0548,0x0fe8,0x080e,0x0ff8,
    0x080c,0x0fec,0x014a,0x045a,0x0b88,0x0000,0x0000,0x04b0,0x0fee,0x0488,0x0fc8,0x027e,
    0x0fc8,0x024c,0x0fec,0x044a,0x038a,0x0c68,0x0000,0x0000,0x0130,0x0fee,0x0aa8,0x0ee8,
    0x029e,0x0ee8,0x028c,0x0fec,0x0a8a,0x047a,0x09c8,0x0000,0x0000,0x0040,0x0ffe,0x0802,
    0x0802,0x01d0,0x0110,0x0110,0x0208,0x0208,0x0404,0x0802,0x0000,0x0000,0x0040,0x0ffe,
    0x08a2,0x0090,0x070c,0x0020,0x01fc,0x0120,0x0920,0x0918,0x0e06,0x0000,0x0000,0x0040,
    0x0ffe,0x0912,0x0208,0x0444,0x0040,0x07fc,0x0420,0x0410,0x0408,0x0306,0x0000,0x0000,
    0x0040,0x0ffe,0x08a2,0x0090,0x078c,0x0200,0x03fc,0x0004,0x07fc,0x0404,0x0380,0x0000,
    0x0000,0x0040,0x0ffe,0x08a2,0x08a2,0x0090,0x078c,0x0000,0x03f8,0x0040,0x0040,0x0ffe,
    0x0000,0x0000,0x0040,0x0ffe,0x08a2,0x0090,0x07fc,0x0210,0x0210,0x0ffe,0x0220,0x0218,
    0x0386,0x0000,0x0000,0x0040,0x0ffe,0x08a2,0x0090,0x070c,0x0040,0x0ffe,0x0040,0x00a0,
    0x0318,0x0c06,0x0000,0x0000,0x0040,0x0ffe,0x08a2,0x0090,0x070c,0x0000,0x0fe4,0x089e,
    0x0884,0x0844,0x0658,0x0000,0x0000,0x0040,0x0ffe,0x08a2,0x0090,0x048c,0x0ff8,0x0024,
    0x07e2,0x0020,0x0fe0,0x0020,0x0000,0x0000,0x0040,0x0ffe,0x08a2,0x00a0,0x079c,0x0108,
    0x0fe4,0x093e,0x0908,0x08a4,0x06be,0x0000,0x0000,0x0040,0x0ffe,0x0912,0x0208,0x0fde,
    0x0088,0x0048,0x0fc8,0x0808,0x0818,0x0706,0x0000,0x0000,0x0040,0x0ffe,0x0912,0x0208,
    0x07f8,0x0044,0x0040,0x0ffe,0x0040,0x0444,0x07fc,0x0000,0x0000,0x0040,0x0ffe,0x08a2,
    0x0090,0x0ffe,0x0208,0x07fc,0x0040,0x03f8,0x0040,0x0ffe,0x0000,0x0000,0x0040,0x0ffe,
    0x08a2,0x0090,0x078c,0x0000,0x04a4,0x02a8,0x04a4,0x0892,0x0f0c,0x0000,0x0000,0x0040,
    0x0ffe,0x0892,0x07cc,0x0044,0x07fc,0x0042,0x0ffe,0x0444,0x0404,0x07fc,0x0000,0x0000,
    0x0040,0x0ffe,0x08a2,0x079c,0x0040,0x07fc,0x0524,0x049c,0x04e4,0x0514,0x07fc,0x0000,
    0x0000,0x0040,0x0ffe,0x08a2,0x0090,0x07fc,0x0220,0x0ffe,0x0220,0x07f8,0x040e,0x07f8,
    0x0000,0x0000,0x0040,0x0ffe,0x0912,0x0248,0x07fc,0x0444,0x0444,0x0ffe,0x0842,0x0ffe,
    0x0040,0x0000,0x0000,0x0040,0x0ffe,0x0912,0x0208,0x07fc,0x0404,0x07fc,0x0040,0x0ffe,
    0x08a2,0x0d12,0x0000,0x0000,0x0040,0x0ffe,0x08a2,0x0090,0x0ffc,0x0804,0x0ffc,0x0494,
    0x07f2,0x088a,0x0ff8,0x0000,0x0000,0x0040,0x0ffe,0x0912,0x03f8,0x0e4e,0x03f8,0x0248,
    0x0ffe,0x0160,0x0258,0x0c46,0x0000,0x0000,0x0040,0x0ffe,0x08a2,0x079c,0x0040,0x07fc,
    0x0208,0x0554,0x0040,0x0ffe,0x0040,0x0000,0x0000,0x0040,0x0ffe,0x0912,0x07cc,0x0448,
    0x057e,0x0548,0x057e,0x0108,0x0a94,0x0e62,0x0000,0x0000,0x0040,0x0ffe,0x08a2,0x0090,
    0x07fc,0x0208,0x03c8,0x0248,0x0ffe,0x0912,0x0df2,0x0000,0x0000,0x0040,0x0ffe,0x08a2,
    0x0090,0x0708,0x0112,0x0fe4,0x0100,0x07e8,0x0104,0x0ff2,0x0000,0x0000,0x0040,0x0ffe,
    0x08a2,0x0fbc,0x0824,0x0fbc,0x00a4,0x0ffe,0x08a8,0x0824,0x0732,0x0000,0x0000,0x0040,
    0x0ffe,0x08a2,0x079c,0x0120,0x03f8,0x0040,0x0ffe,0x0000,0x0494,0x0922,0x0000,0x0000,
    0x0040,0x0ffe,0x08a2,0x079c,0x0248,0x0ffe,0x0150,0x0e4e,0x0490,0x0814,0x03e2,0x0000,
    0x0000,0x0040,0x0ffe,0x08a2,0x07dc,0x0448,0x07fe,0x0448,0x07fe,0x0288,0x0a94,0x0e62,
    0x0000,0x0000,0x0040,0x0ffe,0x08a2,0x079e,0x046a,0x030a,0x0cc6,0x027a,0x0fca,0x0206,
    0x0fe2,0x0000,0x0000,0x0040,0x0ffe,0x08a2,0x079c,0x0404,0x07fc,0x0444,0x05dc,0x0444,
    0x0bdc,0x0866,0x0000,0x0000,0x0040,0x0ffe,0x0892,0x07bc,0x0124,0x0fbc,0x04a4,0x057e,
    0x0524,0x0322,0x0cd8,0x0000,0x0000,0x0040,0x0ffe,0x08a2,0x079c,0x0040,0x0ffe,0x04a4,
    0x07fc,0x0208,0x03f8,0x0c06,0x0000,0x0000,0x0040,0x0ffe,0x08a2,0x079c,0x010a,0x07da,
    0x0448,0x0ffe,0x08ac,0x0baa,0x0c28,0x0000,0x0000,0x0040,0x0040,0x0ffe,0x0000,0x0210,
    0x0210,0x0210,0x0110,0x0110,0x0100,0x0ffe,0x0000,0x0000,0x0108,0x0fc8,0x00be,0x0090,
    0x0294,0x0254,0x0254,0x0148,0x0928,0x08be,0x0f80,0x0000,0x0000,0x0fd0,0x0812,0x0892,
    0x0492,0x0312,0x0cd0,0x0040,0x07fc,0x0110,0x0110,0x0ffe,0x0000,0x0000,0x0108,0x0108,
    0x0f3e,0x0110,0x0114,0x0114,0x0fd4,0x0854,0x0850,0x087e,0x0fc0,0x0000,0x0000,0x0040,
    0x07fc,0x0110,0x0ffe,0x0000,0x03f8,0x0208,0x03f8,0x00a0,0x0890,0x0f8e,0x0000,0x0000,
    0x0040,0x07fc,0x0110,0x0110,0x0ffe,0x0208,0x03f8,0x0208,0x03f8,0x0890,0x0f8e,0x0000,
    0x0000,0x0040,0x07fc,0x0110,0x0ffe,0x0208,0x03f8,0x0208,0x03f8,0x0040,0x0ffe,0x0040,
    0x0000,0x0000,0x0484,0x0444,0x0ffe,0x0288,0x0a8a,0x0c6a,0x078a,0x046a,0x0248,0x039e,
    0x0c60,0x0000,0x0000,0x0040,0x07fc,0x0110,0x0110,0x0ffe,0x0248,0x03f8,0x0248,0x03f8,
    0x0040,0x0ffe,0x0000,0x0000,0x0104,0x0fe4,0x011e,0x0fe8,0x092a,0x092a,0x0fea,0x018a,
    0x0548,0x093e,0x0100,0x0000,0x0000,0x07e4,0x0424,0x07fe,0x0428,0x07ea,0x002a,0x0ffa,
    0x084a,0x08a8,0x09fe,0x0600,0x0000,0x0000,0x0924,0x0924,0x0ffe,0x0008,0x0fea,0x010a,
    0x0fea,0x0aaa,0x0aa8,0x0abe,0x0c20,0x0000,0x0000,0x0208,0x0fbe,0x0514,0x0ffe,0x0000,
    0x0fbe,0x08a2,0x0fbe,0x0514,0x0492,0x0c72,0x0000,0x0000,0x0104,0x0104,0x0fbc,0x0494,
    0x0452,0x0452,0x0410,0x0410,0x0410,0x0410,0x0710,0x0000,0x0000,0x0084,0x0fbc,0x0252,
    0x0210,0x0000,0x0000,0x03f8,0x0000,0x0000,0x0000,0x0ffe,0x0000,0x0000,0x0084,0x0fbc,
    0x0252,0x0000,0x07fc,0x0040,0x0040,0x0ffe,0x0040,0x0040,0x0070,0x0000,0x0000,0x0084,
    0x0fbc,0x0252,0x0000,0x07fc,0x0040,0x0040,0x0ffe,0x0040,0x0040,0x0040,0x0000,0x0000,
    0x0084,0x0fbc,0x0252,0x0000,0x07fc,0x0110,0x0110,0x0ffe,0x0110,0x0108,0x0106,0x0000,
    0x0000,0x0084,0x0fbc,0x0252,0x0000,0x07fc,0x0444,0x0444,0x07fc,0x0004,0x0804,0x0ff8,
    0x0000,0x0000,0x0084,0x0fbc,0x0252,0x0000,0x03fe,0x0108,0x07f8,0x0424,0x0244,0x0382,
    0x0c72,0x0000,0x0000,0x0084,0x0fbc,0x0252,0x0210,0x0000,0x0ffc,0x0444,0x0444,0x0444,
    0x0842,0x0842,0x0000,0x0000,0x0084,0x0fbc,0x0252,0x0000,0x07fc,0x0440,0x0ffe,0x0440,
    0x07fc,0x0040,0x0030,0x0000,0x0000,0x0084,0x0fbc,0x0252,0x0210,0x0010,0x0ff8,0x0924,
    0x0922,0x0910,0x0888,0x0644,0x0000,0x0000,0x0084,0x0fbc,0x0152,0x0600,0x01fc,0x0040,
    0x0ffe,0x0040,0x00a0,0x0318,0x0c06,0x0000,0x0000,0x0084,0x0fbc,0x0252,0x07c0,0x003c,
    0x07e0,0x003c,0x0fe0,0x003e,0x0820,0x0fc0,0x0000,0x0000,0x0084,0x0fbc,0x024a,0x0048,
    0x07f8,0x0044,0x0042,0x03f8,0x0040,0x0040,0x0ffe,0x0000,0x0000,0x0084,0x0fbc,0x0252,
    0x0040,0x07fc,0x0444,0x0444,0x07fc,0x0444,0x0444,0x07fc,0x0000,0x0000,0x0084,0x0fbc,
    0x0252,0x0020,0x0210,0x07fe,0x0800,0x03f8,0x0208,0x0208,0x03f8,0x0000,0x0000,0x0084,
    0x0fbc,0x0252,0x0250,0x0040,0x07fc,0x0110,0x0110,0x0090,0x0080,0x0ffe,0x0000,0x0000,
    0x0084,0x0fbc,0x0252,0x07fc,0x0420,0x0718,0x0006,0x07fc,0x0404,0x0404,0x07fc,0x0000,
    0x0000,0x0084,0x0fbc,0x0252,0x0000,0x0ffe,0x0800,0x08fc,0x0800,0x08fc,0x0884,0x0cfc,
    0x0000,0x0000,0x0084,0x0fbc,0x0252,0x0000,0x0408,0x0fe4,0x0406,0x0444,0x0484,0x0404,
    0x0604,0x0000,0x0000,0x0084,0x0fbc,0x0252,0x0040,0x0ffe,0x0160,0x0250,0x0448,0x0bf6,
    0x0040,0x0040,0x0000,0x0000,0x0084,0x0fbc,0x0252,0x0000,0x03f8,0x0208,0x03f8,0x0208,
    0x03f8,0x0000,0x0ffe,0x0000,0x0000,0x0084,0x0fbc,0x0252,0x07fc,0x0440,0x07fc,0x0044,
    0x0ffc,0x0850,0x0848,0x0646,0x0000,0x0000,0x0084,0x0fbc,0x0252,0x0008,0x0ff8,0x0024,
    0x07e2,0x0020,0x0fe0,0x0020,0x0020,0x0000,0x0000,0x0084,0x0fbc,0x0252,0x0008,0x0f08,
    0x097e,0x0948,0x0948,0x0944,0x0942,0x0f38,0x0000,0x0000,0x0084,0x0fbc,0x0152,0x0408,
    0x07fc,0x0010,0x0ffe,0x0120,0x00c0,0x0930,0x0e0e,0x0000,0x0000,0x0084,0x0fbc,0x0252,
    0x0020,0x0220,0x0ffe,0x00a0,0x0290,0x0190,0x08c8,0x0f86,0x0000,0x0000,0x0084,0x0fbc,
    0x0252,0x0048,0x07f8,0x0044,0x0042,0x0ffe,0x0090,0x0888,0x0f86,0x0000,0x0000,0x0084,
    0x0fbc,0x0252,0x03f8,0x0240,0x0ffe,0x0240,0x03f8,0x0040,0x0ffe,0x0040,0x0000,0x0000,
    0x0084,0x0fbc,0x0152,0x0040,0x07fc,0x0040,0x0ffe,0x0200,0x0ffe,0x0208,0x0390,0x0000,
    0x0000,0x0084,0x0fbc,0x0252,0x013c,0x0fe4,0x093c,0x0924,0x093c,0x08a4,0x08a2,0x0632,
    0x0000,0x0000,0x0084,0x0fbc,0x0252,0x0000,0x01fc,0x0210,0x07f8,0x0846,0x01f0,0x0040,
    0x0ffe,0x0000,0x0000,0x0084,0x0fbc,0x0252,0x0004,0x0ffc,0x0804,0x08fa,0x088a,0x08f8,
    0x0888,0x06f8,0x0000,0x0000,0x0084,0x0fbc,0x0252,0x0108,0x0908,0x0fe4,0x0106,0x0504,
    0x0204,0x0584,0x0864,0x0000,0x0000,0x0084,0x0fbc,0x0252,0x0000,0x0ffe,0x0082,0x07f2,
    0x0082,0x0ffa,0x0002,0x0ffe,0x0000,0x0000,0x0084,0x0fbc,0x0252,0x0000,0x07de,0x0488,
    0x04c8,0x0588,0x0498,0x0446,0x0c30,0x0000,0x0000,0x0084,0x0fbc,0x0252,0x0000,0x0ffe,
    0x0802,0x09f2,0x0802,0x09f2,0x0912,0x0df2,0x0000,0x0000,0x0084,0x0fbc,0x0252,0x0000,
    0x01f0,0x0208,0x05f4,0x0802,0x03f8,0x0208,0x03f8,0x0000,0x0000,0x0084,0x0fbc,0x0252,
    0x0040,0x0ffe,0x0040,0x07fc,0x0444,0x0564,0x0258,0x0c46,0x0000,0x0000,0x0084,0x0fbc,
    0x0252,0x0000,0x0fe8,0x010a,0x0fea,0x092a,0x0928,0x0d24,0x0102,0x0000,0x0000,0x0084,
    0x0fbc,0x0252,0x03f0,0x0108,0x07fc,0x0440,0x0ffe,0x0440,0x07fc,0x0040,0x0000,0x0000,
    0x0084,0x0fbc,0x0252,0x0084,0x0fc4,0x082e,0x09c4,0x0804,0x0b84,0x086e,0x0600,0x0000,
    0x0000,0x0084,0x0fbc,0x0252,0x0000,0x03f8,0x0208,0x03f8,0x0020,0x07fc,0x0404,0x07fc,
    0x0000,0x0000,0x0084,0x0fbc,0x0252,0x0000,0x03f8,0x0208,0x03f8,0x0208,0x03f8,0x0890,
    0x0f8e,0x0000,0x0000,0x0084,0x0fbc,0x0252,0x0000,0x07fc,0x0248,0x0248,0x0554,0x08e2,
    0x0040,0x0ffe,0x0000,0x0000,0x0084,0x0fbc,0x0252,0x0088,0x0f84,0x0496,0x0454,0x0554,
    0x0514,0x0314,0x0cc4,0x0000,0x0000,0x0084,0x0fbc,0x0252,0x0c00,0x03de,0x0208,0x0e44,
    0x025e,0x0ff0,0x0018,0x0fe6,0x0000,0x0000,0x0084,0x0fbc,0x0252,0x0108,0x0fe8,0x090a,
    0x090a,0x0ffa,0x0108,0x0288,0x0c68,0x0000,0x0000,0x0084,0x0fbc,0x0252,0x0020,0x07fc,
    0x0020,0x0ffe,0x0210,0x0ff8,0x0224,0x0342,0x0000,0x0000,0x0084,0x0fbc,0x0252,0x00e0,
    0x0110,0x03f8,0x0c06,0x0220,0x0248,0x0110,0x0ffe,0x0000,0x0000,0x0084,0x0fbc,0x0252,
    0x0000,0x0ff2,0x0804,0x09f0,0x0912,0x09f2,0x0912,0x0df2,0x0000,0x0000,0x0084,0x0fbc,
    0x0252,0x0000,0x0ffe,0x0842,0x0bfa,0x0842,0x09f2,0x0912,0x0ffe,0x0000,0x0000,0x0084,
    0x0fbc,0x0252,0x0fe0,0x023c,0x01e0,0x0a1e,0x0fe0,0x023c,0x09c0,0x0e3e,0x0000,0x0000,
    0x0084,0x0fbc,0x0252,0x0000,0x0fe4,0x023e,0x0fa4,0x0aa4,0x0aae,0x0224,0x0fe6,0x0000,
    0x0000,0x0084,0x0fbc,0x0252,0x0ffc,0x0448,0x03fc,0x0240,0x0ffe,0x0240,0x03f8,0x0040,
    0x0000,0x0000,0x0084,0x0fbc,0x0252,0x0100,0x0fc8,0x0852,0x0844,0x0fc0,0x0848,0x0844,
    0x0fc2,0x0000,0x0000,0x0084,0x0fbc,0x0252,0x0110,0x07fc,0x0110,0x01f0,0x0110,0x0ffe,
    0x0208,0x0c06,0x0000,0x0000,0x0084,0x0fbc,0x0252,0x03f8,0x0208,0x03f8,0x0208,0x03f8,
    0x0110,0x0ffe,0x0108,0x0000,0x0000,0x0084,0x0fbc,0x0252,0x0040,0x0ffe,0x0892,0x0b8a,
    0x0044,0x03f8,0x0040,0x0ffe,0x0000,0x0000,0x0084,0x0fbc,0x0252,0x0000,0x0448,0x0ffe,
    0x0448,0x07d8,0x044e,0x0448,0x07cc,0x0000,0x0000,0x0084,0x0fbc,0x0252,0x0040,0x0ffe,
    0x0912,0x09f2,0x0010,0x03f0,0x0210,0x03f0,0x0000,0x0000,0x0084,0x0fbc,0x0252,0x07fc,
    0x04a4,0x07fc,0x0010,0x07f8,0x0226,0x01c0,0x003e,0x0000,0x0000,0x0084,0x0fbc,0x0252,
    0x07fc,0x0444,0x07fc,0x0444,0x07fc,0x0040,0x0ffe,0x0040,0x0000,0x0000,0x0084,0x0fbc,
    0x0252,0x03f0,0x0e0e,0x03f0,0x0844,0x0954,0x0954,0x0a4a,0x0a4a,0x0000,0x0000,0x0084,
    0x0fbc,0x024a,0x0110,0x0ffe,0x0020,0x0ffe,0x0010,0x07f8,0x0416,0x07f0,0x0000,0x0000,
    0x0084,0x0fbc,0x0252,0x0210,0x0ffe,0x04a2,0x04be,0x04a2,0x04be,0x0422,0x0632,0x0000,
    0x0000,0x0084,0x0fbc,0x0252,0x0000,0x0f88,0x08be,0x0f88,0x0898,0x0fac,0x088a,0x0f88,
    0x0000,0x0000,0x0084,0x0fbc,0x0252,0x0900,0x0ffc,0x0104,0x097c,0x0504,0x027c,0x054a,
    0x08fa,0x0000,0x0000,0x0084,0x0fbc,0x0252,0x0020,0x07fc,0x0120,0x0ffe,0x0210,0x03f8,
    0x0216,0x03f0,0x0000,0x0000,0x0084,0x0fbc,0x0252,0x0fbe,0x08a2,0x08be,0x08a2,0x08be,
    0x0892,0x0eaa,0x00a6,0x0000,0x0000,0x0084,0x0fbc,0x0252,0x0020,0x03f8,0x0208,0x03f8,
    0x0208,0x07fc,0x0040,0x0ffe,0x0000,0x0000,0x0084,0x0fbc,0x0252,0x0f7e,0x094a,0x097e,
    0x094a,0x0d7e,0x0108,0x097e,0x0f08,0x0000,0x0000,0x0084,0x0fbc,0x0252,0x03f0,0x0108,
    0x0ffe,0x0250,0x014c,0x02b0,0x0c8e,0x0060,0x0000,0x0000,0x0084,0x0fbc,0x0252,0x0ffc,
    0x0404,0x07fc,0x0004,0x0ffc,0x094a,0x0ffa,0x0948,0x0000,0x0000,0x0084,0x0fbc,0x0252,
    0x07be,0x0488,0x0d5e,0x0040,0x0ffe,0x0160,0x0258,0x0c46,0x0000,0x0000,0x0084,0x0fbc,
    0x0252,0x0000,0x0ffe,0x0042,0x0ffe,0x024a,0x0556,0x08a2,0x0ffe,0x0000,0x0000,0x0084,
    0x0fbc,0x0252,0x0788,0x0414,0x0fd6,0x0254,0x0fd4,0x0234,0x0514,0x08c4,0x0000,0x0000,
    0x0084,0x0fbc,0x024a,0x0150,0x0ffe,0x0248,0x0444,0x0ffe,0x0210,0x01f0,0x0e0e,0x0000,
    0x0000,0x0084,0x0fbc,0x0252,0x0040,0x0ffe,0x0110,0x01f0,0x0000,0x0ffe,0x0912,0x0df2,
    0x0000,0x0000,0x0084,0x0fbc,0x024a,0x0110,0x07fc,0x0110,0x0ffe,0x0444,0x0ffe,0x0404,
    0x0604,0x0000,0x0000,0x0084,0x0fbc,0x0252,0x0fc8,0x04b4,0x0314,0x0dd6,0x0114,0x0ff4,
    0x0544,0x0934,0x0000,0x0000,0x0084,0x0fbc,0x0252,0x03f8,0x0208,0x03f8,0x0208,0x0ffe,
    0x0228,0x0d16,0x02f8,0x0000,0x0000,0x0084,0x0fbc,0x0252,0x07f8,0x0088,0x07f8,0x0088,
    0x0ff8,0x0800,0x0954,0x0d52,0x0000,0x0000,0x0084,0x0fbc,0x0252,0x07fc,0x04a4,0x07fc,
    0x0040,0x0ffe,0x0160,0x0258,0x0c46,0x0000,0x0000,0x0084,0x0fbc,0x024a,0x07fc,0x04a4,
    0x0514,0x07fc,0x0084,0x07bc,0x0884,0x0f3e,0x0000,0x0000,0x0084,0x0fbc,0x0252,0x0008,
    0x0fbe,0x0222,0x0fbe,0x0a82,0x0abe,0x0aa2,0x023e,0x0000,0x0000,0x0084,0x0fbc,0x024a,
    0x0090,0x0f92,0x0252,0x0412,0x0010,0x07fc,0x04a4,0x0ffe,0x0000,0x0000,0x0084,0x0fbc,
    0x0252,0x0ffe,0x0514,0x04e4,0x0514,0x0ffe,0x0822,0x0912,0x0df2,0x0000,0x0000,0x0084,
    0x0fbc,0x0252,0x07fc,0x0444,0x07fc,0x0248,0x0ffe,0x0248,0x0ffe,0x0040,0x0000,0x0000,
    0x0084,0x0fbc,0x0252,0x0788,0x0452,0x0304,0x0ce0,0x020e,0x0fc8,0x0218,0x0fe6,0x0000,
    0x0000,0x0084,0x0fbc,0x0252,0x07fc,0x04a4,0x07fc,0x0240,0x0ffc,0x0484,0x030a,0x0cd2,
    0x0000,0x0000,0x0084,0x0fbc,0x0252,0x0fc4,0x00be,0x0f84,0x025c,0x0fd2,0x0212,0x0510,
    0x08cc,0x0000,0x0000,0x0084,0x0fbc,0x0252,0x00be,0x0f88,0x0abe,0x0a6a,0x023e,0x0218,
    0x052c,0x08ca,0x0000,0x0000,0x0084,0x0fbc,0x024a,0x0ffe,0x0248,0x07fc,0x0444,0x0ffe,
    0x0210,0x01f0,0x0e0e,0x0000,0x0000,0x0084,0x0fbc,0x0252,0x07fc,0x0208,0x0ffe,0x0208,
    0x0bf8,0x0490,0x030e,0x0c78,0x0000,0x0000,0x0084,0x0fbc,0x0252,0x07bc,0x04a4,0x07fc,
    0x0444,0x07fc,0x0444,0x0ffe,0x0040,0x0000,0x0000,0x0084,0x0fbc,0x0252,0x0ffe,0x04a4,
    0x07fc,0x0208,0x03f8,0x0208,0x0ffe,0x0040,0x0000,0x0000,0x0084,0x0fbc,0x0252,0x0fbe,
    0x08a2,0x0fbe,0x08e2,0x0f1e,0x09f2,0x0912,0x0df2,0x0000,0x0000,0x0084,0x0fbc,0x0252,
    0x03f8,0x0248,0x0ffe,0x0208,0x03f8,0x0208,0x03f8,0x0c06,0x0000,0x0000,0x0084,0x0fbc,
    0x024a,0x07fc,0x0110,0x0ffe,0x0248,0x03f8,0x0248,0x03f8,0x0c06,0x0000,0x0000,0x0084,
    0x0fbc,0x0252,0x0fbe,0x0492,0x0fbe,0x0514,0x0c92,0x07fc,0x0404,0x07fc,0x0000,0x0000,
    0x0084,0x0fbc,0x0252,0x03f0,0x0e0e,0x03f0,0x0844,0x0ffc,0x0844,0x0f5e,0x0952,0x0000,
    0x0000,0x0084,0x0fbc,0x0252,0x07f8,0x0204,0x0ffe,0x0224,0x0c9c,0x07f4,0x0412,0x07f2,
    0x0000,0x0000,0x0084,0x0fbc,0x0252,0x0fa4,0x0afe,0x02a4,0x0fbc,0x08a4,0x057e,0x0624,
    0x09c2,0x0000,0x0000,0x0084,0x0fbc,0x02ea,0x0110,0x03f8,0x0c06,0x07bc,0x04a4,0x07bc,
    0x0288,0x0c66,0x0000,0x0000,0x0084,0x0fbc,0x0252,0x0ffc,0x0944,0x0ffc,0x0944,0x0ff4,
    0x0142,0x0552,0x0948,0x0000,0x0000,0x0084,0x0fbc,0x0252,0x0ff0,0x0494,0x07f8,0x0492,
    0x0ff4,0x0400,0x0424,0x0642,0x0000,0x0000,0x0084,0x0fbc,0x0252,0x0f70,0x0a14,0x095e,
    0x0ff4,0x0924,0x0fee,0x0924,0x0fe6,0x0000,0x0000,0x0084,0x0fbc,0x0252,0x0080,0x0fbe,
    0x004a,0x0fbe,0x0022,0x07fe,0x04a4,0x0ffe,0x0000,0x0000,0x0084,0x0fbc,0x0252,0x0ffe,
    0x0800,0x03fc,0x0440,0x0ffe,0x0414,0x0454,0x069c,0x0000,0x0000,0x0084,0x0fbc,0x0252,
    0x0488,0x0fde,0x0488,0x0ffe,0x0848,0x0fdc,0x086a,0x0fc8,0x0000,0x0000,0x0084,0x0fbc,
    0x0252,0x0520,0x0ffe,0x0292,0x0ffe,0x0552,0x0b3e,0x0552,0x09ba,0x0000,0x0000,0x0084,
    0x0fbc,0x024a,0x0fbe,0x0908,0x0fbe,0x08aa,0x0fbe,0x0888,0x072c,0x08ca,0x0000,0x0000,
    0x0084,0x0fbc,0x0252,0x0f88,0x00be,0x0f92,0x087e,0x0fa2,0x00be,0x08a2,0x0f32,0x0000,
    0x0000,0x0084,0x0fbc,0x0252,0x0128,0x0954,0x0ffe,0x0228,0x0aee,0x0428,0x0a28,0x09fe,
    0x0000,0x0000,0x0084,0x0fbc,0x024a,0x01f0,0x0208,0x07fc,0x0aaa,0x07fc,0x04a4,0x07fc,
    0x04a4,0x0000,0x0000,0x0084,0x0fbc,0x0252,0x04fe,0x0faa,0x04be,0x0fc8,0x04be,0x0faa,
    0x04ba,0x0fa2,0x0000,0x0000,0x0084,0x0ffc,0x04a6,0x07fc,0x0494,0x0fca,0x0264,0x0fde,
    0x0248,0x025a,0x0fca,0x0000,0x0000,0x0084,0x0fbc,0x0252,0x0fbc,0x0242,0x0fbe,0x0880,
    0x0ffe,0x08aa,0x07fe,0x08aa,0x0000,0x0000,0x0040,0x0444,0x0248,0x0040,0x0ffe,0x0040,
    0x0160,0x0250,0x0448,0x0846,0x0040,0x0000,0x0000,0x0444,0x0248,0x0040,0x0ffe,0x0248,
    0x0444,0x0040,0x0ffe,0x00a0,0x0318,0x0c06,0x0000,0x0000,0x0fc8,0x081a,0x040a,0x0208,
    0x021e,0x0fc8,0x020c,0x020c,0x021a,0x020a,0x0388,0x0000,0x0000,0x0788,0x041a,0x044a,
    0x0848,0x083e,0x0fe8,0x048c,0x048c,0x045a,0x044a,0x0308,0x0000,0x0000,0x0fc8,0x095a,
    0x094a,0x0948,0x095e,0x0fc8,0x004c,0x005c,0x084a,0x084a,0x0f88,0x0000,0x0000,0x0108,
    0x010a,0x0fea,0x0008,0x045e,0x0448,0x044c,0x025c,0x024a,0x020a,0x0fe8,0x0000,0x0000,
    0x0108,0x009a,0x0fca,0x0848,0x085e,0x0848,0x0fcc,0x085c,0x084a,0x084a,0x0fc8,0x0000,
    0x0000,0x07c8,0x045a,0x044a,0x07c8,0x045e,0x0448,0x07cc,0x044c,0x045a,0x044a,0x0fe8,
    0x0000,0x0000,0x0108,0x012a,0x0f2a,0x0108,0x013e,0x0108,0x0fcc,0x085c,0x084a,0x084a,
    0x0fc8,0x0000,0x0000,0x0ffe,0x00a0,0x07fc,0x04a4,0x04a4,0x07fc,0x0248,0x0ffe,0x0160,
    0x0258,0x0c46,0x0000,0x0000,0x0040,0x0fce,0x0920,0x0128,0x0284,0x0c4a,0x0250,0x0ffe,
    0x0160,0x0258,0x0c46,0x0000,0x0000,0x0020,0x07fc,0x0554,0x07fc,0x0464,0x0554,0x0ffe,
    0x0008,0x07fc,0x0404,0x0380,0x0000,0x0000,0x0e4e,0x0958,0x08e8,0x0e4e,0x03f2,0x0242,
    0x0e4e,0x08e8,0x0958,0x0848,0x0646,0x0000,0x0000,0x0248,0x0150,0x0ffe,0x0248,0x0c46,
    0x0110,0x07fc,0x0110,0x0ffe,0x0208,0x0c06,0x0000,0x0000,0x0108,0x0fda,0x084a,0x0fc8,
    0x087e,0x0fc8,0x014c,0x095c,0x0a4a,0x044a,0x09c8,0x0000,0x0000,0x07c8,0x0512,0x0d44,
    0x0528,0x0484,0x064a,0x0150,0x0ffe,0x0160,0x0258,0x0c46,0x0000,0x0000,0x0fb8,0x0808,
    0x04b8,0x0326,0x0cd8,0x024e,0x0150,0x0ffe,0x0160,0x0258,0x0c46,0x0000,0x0000,0x0fe8,
    0x011a,0x0fea,0x0928,0x0ffe,0x0928,0x0fec,0x014c,0x018a,0x024a,0x0c38,0x0000,0x0000,
    0x0020,0x07fc,0x0554,0x07fc,0x0464,0x0554,0x0ffe,0x0008,0x07fc,0x0400,0x0380,0x0000,
    0x0000,0x0108,0x0fea,0x045a,0x0448,0x0aae,0x0918,0x010c,0x0fec,0x010a,0x010a,0x0108,
    0x0000,0x0000,0x0108,0x0fea,0x082a,0x07c8,0x001e,0x0008,0x0fec,0x011c,0x054a,0x092a,
    0x0188,0x0000,0x0000,0x0208,0x0fda,0x020a,0x0fc8,0x021e,0x0fe8,0x084c,0x0fcc,0x085a,
    0x0fca,0x0848,0x0000,0x0000,0x0fe8,0x092a,0x0fea,0x0928,0x093e,0x0fe8,0x011c,0x0fec,
    0x018a,0x054a,0x0928,0x0000,0x0000,0x07c8,0x021a,0x010a,0x0fe8,0x099e,0x0568,0x010c,
    0x0fec,0x018a,0x054a,0x0938,0x0000,0x0000,0x0f48,0x094a,0x09fa,0x0f48,0x095e,0x09e8,
    0x0f2c,0x092c,0x092a,0x09ea,0x0c88,0x0000,0x0000,0x0448,0x024a,0x0fea,0x0488,0x025e,
    0x0928,0x0fec,0x049c,0x024a,0x092a,0x0fe8,0x0000,0x0000,0x0488,0x0fea,0x049a,0x0fc8,
    0x005e,0x0fc8,0x0a4c,0x0fec,0x0a5a,0x0fca,0x0a48,0x0000,0x0000,0x0488,0x0fda,0x020a,
    0x0208,0x0fde,0x0208,0x020c,0x0fdc,0x000a,0x0aaa,0x0a98,0x0000,0x0000,0x0208,0x0fea,
    0x0a2a,0x0fe8,0x0a3e,0x0fa8,0x022c,0x0fac,0x089a,0x088a,0x0f88,0x0000,0x0000,0x0088,
    0x07da,0x044a,0x07c8,0x045e,0x07c8,0x091c,0x0fec,0x010a,0x028a,0x0c68,0x0000,0x0000,
    0x0528,0x054a,0x0f1a,0x04a8,0x0f8e,0x0068,0x0f4c,0x095c,0x0f4a,0x006a,0x0f98,0x0000,
    0x0000,0x0080,0x0ffc,0x0224,0x0ffc,0x0aa4,0x0aac,0x0224,0x0494,0x0ffa,0x02a2,0x0c98,
    0x0000,0x0000,0x0488,0x0fea,0x024a,0x0928,0x0ffe,0x0288,0x0c4c,0x033c,0x08ca,0x060a,
    0x01e8,0x0000,0x0000,0x0248,0x0150,0x0ffe,0x0248,0x07fc,0x0a4a,0x03f8,0x0110,0x0ffe,
    0x0110,0x060c,0x0000,0x0000,0x0248,0x0ffa,0x0a4a,0x0ff8,0x0a4e,0x0ff8,0x042c,0x07ec,
    0x042a,0x042a,0x07e8,0x0000,0x0000,0x0208,0x0fea,0x0a2a,0x0fe8,0x0a2e,0x0fa8,0x022c,
    0x0b5c,0x068a,0x0a6a,0x0308,0x0000,0x0000,0x07c8,0x045a,0x07ca,0x0448,0x0ffe,0x0928,
    0x0fec,0x092c,0x0fea,0x010a,0x0fe8,0x0000,0x0000,0x0fe8,0x010a,0x0fea,0x0928,0x0dbe,
    0x0008,0x0fec,0x010c,0x0fea,0x0aaa,0x0aa8,0x0000,0x0000,0x0fee,0x0aa8,0x0cd8,0x0aa6,
    0x0898,0x026a,0x0fc8,0x027e,0x0fd8,0x026c,0x0fca,0x0000,0x0000,0x0020,0x0110,0x0088,
    0x0050,0x0220,0x0410,0x0ffe,0x0040,0x0248,0x0444,0x0842,0x0000,0x0000,0x07fc,0x0020,
    0x0110,0x0088,0x0250,0x0420,0x0ffe,0x0040,0x0248,0x0444,0x0842,0x0000,0x0000,0x0408,
    0x0484,0x0492,0x049e,0x0488,0x04a4,0x0cbe,0x0788,0x046a,0x040a,0x0408,0x0000,0x0000,
    0x0fc8,0x0804,0x0812,0x081e,0x0fc8,0x0044,0x007e,0x0048,0x085a,0x084a,0x0fc8,0x0000,
    0x0000,0x0408,0x0404,0x0fc2,0x041e,0x0408,0x04a4,0x053e,0x0408,0x042a,0x042a,0x0608,
    0x0000,0x0000,0x0048,0x0fc4,0x0842,0x082e,0x0828,0x0884,0x091e,0x0808,0x082a,0x042a,
    0x0308,0x0000,0x0000,0x0fc8,0x0204,0x0222,0x021e,0x0208,0x0224,0x023e,0x0208,0x022a,
    0x022a,0x0fc8,0x0000,0x0000,0x0fc8,0x0204,0x0202,0x021e,0x0fe8,0x0204,0x023e,0x0208,
    0x022a,0x022a,0x0308,0x0000,0x0000,0x0048,0x0fc4,0x0052,0x001e,0x0fc8,0x0404,0x023e,
    0x0108,0x089a,0x084a,0x0f88,0x0000,0x0000,0x0fc8,0x0904,0x0912,0x095e,0x0988,0x0904,
    0x0a9e,0x0888,0x085a,0x044a,0x0308,0x0000,0x0000,0x0040,0x0ffe,0x0110,0x00e0,0x0358,
    0x0d26,0x0090,0x0ffe,0x0040,0x0248,0x0c46,0x0000,0x0000,0x0108,0x0104,0x0ff2,0x044e,
    0x0448,0x0444,0x029e,0x0288,0x010a,0x02ca,0x0c38,0x0000,0x0000,0x01c8,0x0104,0x0fe2,
    0x092e,0x0928,0x0924,0x0abe,0x0c68,0x082a,0x082a,0x0c28,0x0000,0x0000,0x07e8,0x0484,
    0x0492,0x049e,0x0488,0x0fe4,0x045e,0x0448,0x045a,0x044a,0x0fe8,0x0000,0x0000,0x07c8,
    0x0404,0x0292,0x011e,0x0fe8,0x0904,0x091e,0x0508,0x010a,0x011a,0x0188,0x0000,0x0000,
    0x0108,0x0fc4,0x0112,0x091e,0x0948,0x0944,0x0fde,0x0108,0x012a,0x092a,0x0f08,0x0000,
    0x0000,0x0128,0x0124,0x0922,0x05fe,0x0328,0x0124,0x013e,0x0128,0x092a,0x09ea,0x0e38,
    0x0000,0x0000,0x0108,0x0104,0x0542,0x094e,0x0128,0x0104,0x019e,0x0808,0x041a,0x030a,
    0x00e8,0x0000,0x0000,0x0c08,0x03c4,0x0252,0x025e,0x0248,0x0fc4,0x045e,0x0448,0x045a,
    0x0b4a,0x08e8,0x0000,0x0000,0x07e8,0x0444,0x0252,0x015e,0x07c8,0x0424,0x04ae,0x0518,
    0x020a,0x058a,0x0868,0x0000,0x0000,0x0788,0x0404,0x0442,0x084e,0x0828,0x0fe4,0x049e,
    0x0488,0x045a,0x044a,0x0308,0x0000,0x0000,0x07c8,0x0004,0x0002,0x001e,0x0fe8,0x0084,
    0x009e,0x0448,0x044a,0x0a2a,0x09e8,0x0000,0x0000,0x0040,0x0ffe,0x0040,0x03f8,0x0040,
    0x0ffe,0x0090,0x0448,0x0ffe,0x0248,0x0c46,0x0000,0x0000,0x0108,0x0fe4,0x0112,0x011e,
    0x0f08,0x0884,0x089e,0x0848,0x085a,0x040a,0x0308,0x0000,0x0000,0x0040,0x07fc,0x0040,
    0x0ffe,0x0892,0x0a62,0x0210,0x05fc,0x0040,0x0444,0x0842,0x0000,0x0000,0x0fd0,0x0812,
    0x0492,0x0312,0x0cd2,0x0120,0x0490,0x0ffe,0x0040,0x0248,0x0c46,0x0000,0x0000,0x0088,
    0x0fba,0x008a,0x08fa,0x0f8e,0x0090,0x0448,0x0ffe,0x0040,0x0444,0x0842,0x0000,0x0000,
    0x0108,0x017e,0x0918,0x092c,0x0e4a,0x0090,0x0848,0x0ffe,0x0040,0x0248,0x0c46,0x0000,
    0x0000,0x07fc,0x0444,0x07fc,0x0444,0x07fc,0x0090,0x0448,0x0ffe,0x0040,0x0248,0x0c46,
    0x0000,0x0000,0x0fc8,0x0944,0x0952,0x095e,0x0948,0x0fc4,0x095e,0x0948,0x095a,0x094a,
    0x0fc8,0x0000,0x0000,0x0108,0x0fe4,0x0922,0x092e,0x0fe8,0x0924,0x093e,0x0fe8,0x010a,
    0x010a,0x0108,0x0000,0x0000,0x0fc8,0x0904,0x0912,0x089e,0x0648,0x0004,0x0fde,0x0848,
    0x085a,0x084a,0x0fc8,0x0000,0x0000,0x0888,0x0884,0x0fd2,0x089e,0x0888,0x08a4,0x0fbe,
    0x0888,0x08aa,0x08aa,0x0f88,0x0000,0x0000,0x0108,0x0884,0x0852,0x0fde,0x0008,0x0004,
    0x0fde,0x0848,0x085a,0x084a,0x0fc8,0x0000,0x0000,0x0208,0x0a44,0x0a52,0x0a5e,0x0fc8,
    0x0204,0x021e,0x0a48,0x0a5a,0x0a4a,0x0fc8,0x0000,0x0000,0x0088,0x0784,0x0442,0x02ae,
    0x0108,0x02c4,0x0c1e,0x0188,0x021a,0x00ca,0x0708,0x0000,0x0000,0x0108,0x0fc4,0x0212,
    0x011e,0x0888,0x0444,0x029e,0x0108,0x089a,0x084a,0x0fc8,0x0000,0x0000,0x07c8,0x0444,
    0x0452,0x07de,0x0448,0x0444,0x07de,0x0448,0x045a,0x044a,0x0fe8,0x0000,0x0000,0x0108,
    0x0924,0x0542,0x011e,0x0fe8,0x0104,0x011e,0x0fe8,0x010a,0x011a,0x0108,0x0000,0x0000,
    0x0208,0x0fc4,0x0212,0x021e,0x0fc8,0x0004,0x003e,0x0f88,0x08aa,0x08aa,0x0f88,0x0000,
    0x0000,0x0fc8,0x0904,0x0892,0x065e,0x0008,0x0fc4,0x0a5e,0x0fc8,0x005a,0x084a,0x0f88,
    0x0000,0x0000,0x0088,0x0f88,0x0454,0x04b4,0x0396,0x0c74,0x0294,0x0954,0x0ff4,0x0544,
    0x0934,0x0000,0x0000,0x0108,0x0fe4,0x0002,0x044e,0x0828,0x0004,0x045e,0x0288,0x010a,
    0x028a,0x0c68,0x0000,0x0000,0x0088,0x0784,0x0442,0x02ae,0x0108,0x0284,0x0c5e,0x07e8,
    0x044a,0x044a,0x07c8,0x0000,0x0000,0x0048,0x0fc4,0x0822,0x082e,0x0bc8,0x0a44,0x0bde,
    0x0a48,0x0bda,0x080a,0x0608,0x0000,0x0000,0x0708,0x0884,0x0052,0x071e,0x0008,0x0024,
    0x0fbe,0x0888,0x08aa,0x08aa,0x0f88,0x0000,0x0000,0x0a08,0x0fe4,0x0202,0x025e,0x0a48,
    0x0be4,0x0a5e,0x0448,0x042a,0x0a2a,0x0988,0x0000,0x0000,0x0f08,0x097e,0x0924,0x0924,
    0x0f38,0x0166,0x0490,0x0ffe,0x0040,0x0248,0x0c46,0x0000,0x0000,0x0108,0x0fe4,0x0092,
    0x049e,0x0448,0x0bc4,0x0abe,0x0288,0x028a,0x0a4a,0x0e38,0x0000,0x0000,0x0108,0x0084,
    0x0842,0x0fde,0x0108,0x0884,0x0ffe,0x0108,0x054a,0x092a,0x0108,0x0000,0x0000,0x0f88,
    0x0864,0x0482,0x039e,0x0c68,0x0204,0x0fde,0x0248,0x024a,0x0fea,0x0208,0x0000,0x0000,
    0x0fc8,0x0844,0x0fd2,0x001e,0x0fc8,0x0844,0x0fde,0x0848,0x0fda,0x084a,0x0c48,0x0000,
    0x0000,0x0f48,0x09e4,0x0942,0x054e,0x03e8,0x0544,0x095e,0x09e8,0x094a,0x072a,0x0128,
    0x0000,0x0000,0x0be8,0x0884,0x0522,0x045e,0x0008,0x0084,0x0ffe,0x0448,0x026a,0x038a,
    0x0c78,0x0000,0x0000,0x0fe8,0x0924,0x0922,0x0fee,0x0928,0x0924,0x0bbe,0x0d68,0x092a,
    0x092a,0x0fe8,0x0000,0x0000,0x0fc8,0x0004,0x0a82,0x055e,0x0a88,0x0aa4,0x003e,0x0fc8,
    0x022a,0x022a,0x0fc8,0x0000,0x0000,0x0108,0x0fe4,0x0822,0x07ce,0x0008,0x0004,0x0fee,
    0x0108,0x054a,0x092a,0x0188,0x0000,0x0000,0x0fc8,0x0444,0x07e2,0x021e,0x0fe8,0x0904,
    0x056e,0x0308,0x054a,0x092a,0x0188,0x0000,0x0000,0x0fe8,0x0924,0x0ba2,0x092e,0x0ba8,
    0x0824,0x0bbe,0x0aa8,0x0aaa,0x0baa,0x0c28,0x0000,0x0000,0x0948,0x0544,0x0fe2,0x049e,
    0x0fe8,0x0444,0x0fee,0x0458,0x074a,0x084a,0x0fc8,0x0000,0x0000,0x0be8,0x0884,0x0522,
    0x044e,0x0fe8,0x0824,0x07de,0x0448,0x025a,0x038a,0x0c68,0x0000,0x0000,0x0488,0x0484,
    0x0fc2,0x025e,0x0fe8,0x0244,0x025e,0x0fc8,0x025a,0x024a,0x0fc8,0x0000,0x0000,0x00bc,
    0x0f84,0x04fc,0x04a4,0x033c,0x0cc2,0x0112,0x0488,0x0ffe,0x0248,0x0c46,0x0000,0x0000,
    0x0108,0x0fe4,0x0822,0x07de,0x0448,0x07c4,0x005e,0x0fc8,0x085a,0x084a,0x0fc8,0x0000,
    0x0000,0x0fe8,0x0a24,0x0a62,0x092e,0x0fe8,0x08a4,0x08be,0x0aa8,0x0bea,0x082a,0x0c28,
    0x0000,0x0000,0x0fe8,0x0824,0x0aa2,0x0aae,0x0fe8,0x0924,0x0ffe,0x08a8,0x08aa,0x0baa,
    0x0c28,0x0000,0x0000,0x0ee8,0x0884,0x0aa2,0x044e,0x0aa8,0x0004,0x0eee,0x0888,0x0aaa,
    0x044a,0x0aa8,0x0000,0x0000,0x0be8,0x0884,0x0522,0x045e,0x0008,0x0104,0x0ffe,0x0188,
    0x054a,0x093a,0x0108,0x0000,0x0000,0x0388,0x0444,0x0822,0x0fee,0x0008,0x0fe4,0x0abe,
    0x0aa8,0x0fea,0x0aaa,0x0aa8,0x0000,0x0000,0x0108,0x0fe4,0x0282,0x045e,0x0828,0x0fe4,
    0x081e,0x09c8,0x095a,0x09ca,0x0c08,0x0000,0x0000,0x0108,0x0fe4,0x0822,0x000e,0x0fe8,
    0x0104,0x011e,0x0f48,0x014a,0x01ca,0x0e38,0x0000,0x0000,0x0108,0x0f04,0x0102,0x0fde,
    0x0848,0x0fc4,0x085e,0x0fc8,0x011a,0x0fea,0x0108,0x0000,0x0000,0x0108,0x0fe4,0x0102,
    0x0fee,0x0288,0x0c64,0x079e,0x0468,0x048a,0x038a,0x0c68,0x0000,0x0000,0x0108,0x0fc4,
    0x0852,0x0fde,0x0848,0x0fc4,0x011e,0x0fe8,0x092a,0x0d2a,0x0108,0x0000,0x0000,0x0a88,
    0x0a84,0x0542,0x055e,0x0a88,0x0a84,0x0fde,0x0a48,0x0fda,0x0a4a,0x0fc8,0x0000,0x0000,
    0x0fbe,0x080a,0x053e,0x0322,0x0cfe,0x0122,0x0490,0x0ffe,0x0040,0x0248,0x0c46,0x0000,
    0x0000,0x0288,0x0ef4,0x0282,0x028e,0x0ee8,0x0284,0x028e,0x02f8,0x0e8a,0x024a,0x0238,
    0x0000,0x0000,0x0108,0x0fc4,0x0912,0x051e,0x0fc8,0x0124,0x0fbe,0x08c8,0x0faa,0x08aa,
    0x0f88,0x0000,0x0000,0x0a08,0x0fe4,0x0222,0x03fe,0x0a28,0x0ae4,0x0aae,0x04e8,0x042a,
    0x0b1a,0x08c8,0x0000,0x0000,0x0488,0x0fe4,0x0482,0x079e,0x0108,0x0fe4,0x093e,0x0fe8,
    0x010a,0x0fea,0x0108,0x0000,0x0000,0x0108,0x0fc4,0x0852,0x0fde,0x0848,0x0fc4,0x021e,
    0x0ac8,0x068a,0x0a4a,0x0b28,0x0000,0x0000,0x0fc8,0x0844,0x0fc2,0x001e,0x0fe8,0x0844,
    0x0fde,0x0848,0x0fca,0x086a,0x0808,0x0000,0x0000,0x07e8,0x0524,0x05e2,0x052e,0x0d28,
    0x00e4,0x073e,0x05e8,0x052a,0x032a,0x0ce8,0x0000,0x0000,0x0108,0x0fe4,0x0482,0x048e,
    0x0fe8,0x0924,0x0fde,0x0948,0x095a,0x094a,0x0d48,0x0000,0x0000,0x0fc8,0x0444,0x07e2,
    0x021e,0x0fe8,0x0144,0x0b9e,0x0668,0x0b8a,0x0a6a,0x0188,0x0000,0x0000,0x0fe8,0x0024,
    0x0fe2,0x082e,0x0fe8,0x0024,0x0ffe,0x0aa8,0x0fea,0x0aaa,0x0aa8,0x0000,0x0000,0x0fe8,
    0x0944,0x0542,0x0fee,0x0108,0x0fe4,0x009e,0x07c8,0x04aa,0x030a,0x0ce8,0x0000,0x0000,
    0x0fe8,0x0104,0x0082,0x0fee,0x0aa8,0x0ba4,0x0abe,0x0ba8,0x0aaa,0x0aaa,0x0fe8,0x0000,
    0x0000,0x0208,0x0fe4,0x0902,0x0fee,0x0848,0x0fc4,0x021e,0x0fc8,0x025a,0x0fea,0x0208,
    0x0000,0x0000,0x02e8,0x02a4,0x06a2,0x0aee,0x02a8,0x02a4,0x03fe,0x08a8,0x08aa,0x04ea,
    0x0308,0x0000,0x0000,0x0108,0x0fe4,0x0102,0x0fee,0x0928,0x0d64,0x093e,0x0fe8,0x018a,
    0x054a,0x0938,0x0000,0x0000,0x07e8,0x0424,0x07e2,0x042e,0x07e8,0x0004,0x0ffe,0x0128,
    0x072a,0x01ea,0x0e18,0x0000,0x0000,0x03f8,0x0e44,0x0a42,0x093e,0x09e8,0x0a44,0x0a5e,
    0x04e8,0x044a,0x0a4a,0x09f8,0x0000,0x0000,0x0954,0x0552,0x02a8,0x0444,0x0ffe,0x0892,
    0x0448,0x0ffe,0x0040,0x0248,0x0c46,0x0000,0x0000,0x0fe8,0x0884,0x0442,0x0aae,0x0fe8,
    0x0004,0x0fde,0x0848,0x0fda,0x084a,0x0fc8,0x0000,0x0000,0x0448,0x0244,0x0ff2,0x025e,
    0x0248,0x0424,0x0fee,0x0aa8,0x0aaa,0x0aaa,0x0ff8,0x0000,0x0000,0x0228,0x0f44,0x0902,
    0x0f2e,0x0148,0x0f04,0x097e,0x0948,0x0f4a,0x006a,0x0f98,0x0000,0x0000,0x0088,0x0f84,
    0x0952,0x0fde,0x0908,0x0484,0x0f9e,0x0948,0x0fda,0x088a,0x0668,0x0000,0x0000,0x0288,
    0x0fe4,0x0292,0x0fde,0x0a88,0x0fe4,0x0a9e,0x0fc8,0x029a,0x06ca,0x0aa8,0x0000,0x0000,
    0x0908,0x0ff4,0x0102,0x0fee,0x0928,0x0fe4,0x092e,0x0ff8,0x040a,0x044a,0x0688,0x0000,
    0x0000,0x0108,0x0fe4,0x0112,0x07de,0x0448,0x07c4,0x045e,0x0fe8,0x000a,0x044a,0x0828,
    0x0000,0x0000,0x0fe8,0x0024,0x0fe2,0x0aae,0x04a8,0x09e4,0x042e,0x0fe8,0x041a,0x044a,
    0x0688,0x0000,0x0000,0x094e,0x054a,0x0fea,0x048e,0x0fea,0x054a,0x0aae,0x051a,0x0fea,
    0x054a,0x093a,0x0000,0x0000,0x0ffc,0x0124,0x08bc,0x0524,0x023c,0x0924,0x0ffe,0x0210,
    0x0a94,0x0a52,0x0210,0x0000,0x0000,0x0f28,0x08c4,0x0512,0x073e,0x0ac8,0x0fb4,0x022e,
    0x0fa8,0x022a,0x006a,0x0f98,0x0000,0x0000,0x0108,0x0ff4,0x0812,0x0fde,0x0248,0x0fa4,
    0x08be,0x0fa8,0x08aa,0x08aa,0x0fa8,0x0000,0x0000,0x0548,0x0524,0x0a92,0x081e,0x0248,
    0x0224,0x0ebe,0x02a8,0x02aa,0x03aa,0x0c68,0x0000,0x0000,0x0108,0x0fe4,0x0482,0x024e,
    0x0fe8,0x0aa4,0x0fde,0x0128,0x0fea,0x010a,0x0108,0x0000,0x0000,0x07c8,0x0444,0x07c2,
    0x045e,0x0fe8,0x0aa4,0x0ffe,0x0448,0x049a,0x038a,0x0c68,0x0000,0x0000,0x0108,0x0fe4,
    0x0922,0x0fee,0x0928,0x0fe4,0x093e,0x0fe8,0x044a,0x03ca,0x0c38,0x0000,0x0000,0x0fe8,
    0x0284,0x0fe2,0x0aae,0x0fe8,0x0004,0x0fee,0x0008,0x0ffa,0x054a,0x09a8,0x0000,0x0000,
    0x0080,0x0ffc,0x0224,0x0ffc,0x0aa4,0x0aac,0x0124,0x0494,0x0ffc,0x04a2,0x089a,0x0000,
    0x0000,0x0088,0x0fe4,0x0aa2,0x0aee,0x0928,0x0aa4,0x0ffe,0x0088,0x052a,0x085a,0x0388,
    0x0000,0x0000,0x0108,0x0fe4,0x0102,0x0fee,0x0108,0x0fe4,0x045e,0x07c8,0x044a,0x07ca,
    0x0c38,0x0000,0x0000,0x0084,0x0ffc,0x0456,0x057c,0x0354,0x0cfe,0x0090,0x0448,0x0ffe,
    0x0248,0x0c46,0x0000,0x0000,0x0928,0x0fe4,0x0002,0x0eee,0x0aa8,0x0ee4,0x0abe,0x0aa8,
    0x0eea,0x0aaa,0x0aa8,0x0000,0x0000,0x0548,0x02a4,0x0542,0x0fee,0x0928,0x0fe4,0x093e,
    0x0fe8,0x018a,0x054a,0x0928,0x0000,0x0000,0x0ff8,0x0aa4,0x0cc2,0x0aae,0x0888,0x0384,
    0x045e,0x0b28,0x00ca,0x060a,0x01c8,0x0000,0x0000,0x0448,0x0fe4,0x0922,0x0bae,0x0928,
    0x0fe4,0x045e,0x07c8,0x045a,0x044a,0x07c8,0x0000,0x0000,0x0a48,0x0bf4,0x02a2,0x0eae,
    0x03f8,0x0a04,0x0aee,0x04a8,0x04ea,0x0aaa,0x09e8,0x0000,0x0000,0x0248,0x0fe4,0x0102,
    0x0fee,0x0108,0x0fe4,0x048e,0x0ff8,0x044a,0x044a,0x07c8,0x0000,0x0000,0x0108,0x0ff4,
    0x04a2,0x0fce,0x0848,0x0fe4,0x085e,0x0fc8,0x010a,0x052a,0x0998,0x0000,0x0000,0x0108,
    0x0fe4,0x0102,0x0fee,0x0448,0x0ee4,0x045e,0x0fe8,0x028a,0x0a4a,0x0e38,0x0000,0x0000,
    0x0108,0x07c4,0x0512,0x0fde,0x0508,0x07c4,0x093e,0x0d68,0x0bba,0x0d6a,0x0928,0x0000,
    0x0000,0x0fe8,0x0aa4,0x0ee2,0x028e,0x0ee8,0x0aa4,0x0efe,0x0aa8,0x0eea,0x028a,0x0f88,
    0x0000,0x0000,0x07c8,0x0824,0x0fd2,0x000e,0x0fe8,0x0aa4,0x0ffe,0x0848,0x0fda,0x084a,
    0x0fc8,0x0000,0x0000,0x0790,0x0c7e,0x07d4,0x057c,0x0354,0x0cfe,0x0090,0x0448,0x0ffe,
    0x0248,0x0c46,0x0000,0x0000,0x0110,0x0ffe,0x0110,0x0ffe,0x094a,0x0fd6,0x096a,0x0fde,
    0x094a,0x0d7e,0x0bca,0x0000,0x0000,0x0248,0x0ee4,0x0aa2,0x09ee,0x08a8,0x0ae4,0x0a2e,
    0x04e8,0x049a,0x0a8a,0x0968,0x0000,0x0000,0x0fe8,0x0aa4,0x0aa2,0x0fee,0x0108,0x0fe4,
    0x044e,0x0ff8,0x010a,0x0fea,0x0108,0x0000,0x0000,0x04a8,0x0a64,0x04a2,0x092e,0x0fe8,
    0x0024,0x04be,0x0a68,0x04aa,0x092a,0x0fe8,0x0000,0x0000,0x0088,0x0ff4,0x0812,0x0fee,
    0x0498,0x07e4,0x043e,0x07e8,0x042a,0x07ea,0x0c18,0x0000,0x0000,0x0084,0x0fbc,0x024a,
    0x03f8,0x0208,0x0ffe,0x02a8,0x0d56,0x07fc,0x0248,0x0c46,0x0000,0x0000,0x0108,0x0ff4,
    0x0102,0x0fee,0x0aa8,0x0fe4,0x045e,0x07c8,0x044a,0x07ca,0x0c38,0x0000,0x0000,0x03f8,
    0x0248,0x03f8,0x0248,0x0ffe,0x0aaa,0x0fbe,0x0410,0x07fc,0x0248,0x0c66,0x0000,0x0000,
    0x0108,0x0fe4,0x0aa2,0x0fae,0x0aa8,0x0fe4,0x052e,0x0aa8,0x0fda,0x020a,0x0fe8,0x0000,
    0x0000,0x0ee8,0x0aa4,0x0ee2,0x0aae,0x0ee8,0x0244,0x093e,0x0fe8,0x048a,0x038a,0x0c68,
    0x0000,0x0000,0x07c8,0x0224,0x0ff2,0x022e,0x0ee8,0x0444,0x0ffe,0x0928,0x0fea,0x028a,
    0x0e68,0x0000,0x0000,0x0aa8,0x0b54,0x0222,0x0ffe,0x02a8,0x0ba4,0x0abe,0x05a8,0x04aa,
    0x0aaa,0x09f8,0x0000,0x0000,0x0040,0x0ffe,0x0448,0x0ffe,0x0444,0x07fc,0x0524,0x0aa4,
    0x0ffe,0x0294,0x0a52,0x0000,0x0000,0x01f8,0x0f54,0x01f2,0x0f5e,0x0af8,0x0f24,0x05fe,
    0x0428,0x07ea,0x0a4a,0x0e38,0x0000,0x0000,0x0808,0x0884,0x08a2,0x089e,0x0888,0x0884,
    0x0882,0x0ebe,0x0980,0x0830,0x080e,0x0000,0x0000,0x0fc8,0x0204,0x0222,0x021e,0x0208,
    0x0204,0x0202,0x023e,0x0200,0x0230,0x0fce,0x0000,0x0000,0x0c08,0x0384,0x0222,0x021e,
    0x0208,0x0fc4,0x0202,0x023e,0x0200,0x0230,0x020e,0x0000,0x0000,0x0048,0x0fc4,0x0842,
    0x082e,0x0828,0x0884,0x0902,0x083e,0x0800,0x0430,0x030e,0x0000,0x0000,0x07e8,0x0444,
    0x0252,0x015e,0x0748,0x0424,0x04a2,0x051e,0x0200,0x0598,0x0866,0x0000,0x0000,0x0fc8,
    0x0804,0x0812,0x081e,0x0fc8,0x0044,0x0042,0x005e,0x0840,0x0858,0x0fc6,0x0000,0x0000,
    0x0fc8,0x0904,0x0912,0x095e,0x0948,0x0924,0x0882,0x089e,0x0840,0x0458,0x0306,0x0000,
    0x0000,0x0108,0x0fc4,0x0112,0x011e,0x0fc8,0x0104,0x0102,0x0fde,0x0900,0x0918,0x0d06,
    0x0000,0x0000,0x0108,0x0fc4,0x0112,0x091e,0x0948,0x0944,0x0fc2,0x011e,0x0100,0x0918,
    0x0f06,0x0000,0x0000,0x0128,0x0124,0x0922,0x05ee,0x0328,0x0124,0x0122,0x013e,0x0920,
    0x09b8,0x0e66,0x0000,0x0000,0x0108,0x0104,0x0542,0x094e,0x0128,0x0104,0x0102,0x081e,
    0x0400,0x0318,0x00e6,0x0000,0x0000,0x0fe8,0x0824,0x0a22,0x0a6e,0x0aa8,0x0924,0x0922,
    0x0abe,0x0c60,0x0838,0x0c26,0x0000,0x0000,0x0108,0x0fe4,0x0922,0x092e,0x0928,0x0aa4,
    0x0c62,0x083e,0x0820,0x0838,0x0c26,0x0000,0x0000,0x0248,0x0244,0x0252,0x025e,0x0248,
    0x0244,0x02a2,0x053e,0x0520,0x0898,0x0896,0x0000,0x0000,0x0388,0x0444,0x0822,0x001e,
    0x0048,0x0644,0x01c2,0x005e,0x0840,0x0858,0x0f86,0x0000,0x0000,0x0288,0x0284,0x0442,
    0x044e,0x0828,0x07c4,0x0482,0x049e,0x0440,0x0458,0x0306,0x0000,0x0000,0x0c08,0x03c4,
    0x0252,0x025e,0x0248,0x0fc4,0x0442,0x045e,0x0440,0x0b58,0x08e6,0x0000,0x0000,0x0108,
    0x0104,0x0fe2,0x045e,0x0448,0x0444,0x0282,0x029e,0x0100,0x0298,0x0c66,0x0000,0x0000,
    0x0108,0x0fe4,0x0112,0x011e,0x0f08,0x0884,0x0882,0x085e,0x0840,0x0418,0x0306,0x0000,
    0x0000,0x07e8,0x0484,0x0492,0x049e,0x0488,0x0fe4,0x0442,0x045e,0x0440,0x0458,0x0fe6,
    0x0000,0x0000,0x0488,0x0884,0x0fe2,0x009e,0x0fe8,0x0084,0x0902,0x051e,0x0200,0x0598,
    0x0866,0x0000,0x0000,0x0088,0x0fe4,0x0042,0x01fe,0x0128,0x0fe4,0x0102,0x015e,0x0520,
    0x0918,0x0186,0x0000,0x0000,0x07c8,0x0444,0x0452,0x07de,0x0448,0x0444,0x07c2,0x045e,
    0x0440,0x0458,0x0fe6,0x0000,0x0000,0x0108,0x0fe4,0x0922,0x092e,0x0fe8,0x0924,0x0922,
    0x0ffe,0x0100,0x0118,0x0106,0x0000,0x0000,0x0fc8,0x0944,0x0952,0x095e,0x0948,0x0fc4,
    0x0942,0x095e,0x0940,0x0958,0x0fc6,0x0000,0x0000,0x0fc8,0x0844,0x0852,0x085e,0x0848,
    0x0fc4,0x0002,0x049e,0x0480,0x0858,0x0846,0x0000,0x0000,0x0088,0x0784,0x0442,0x02ae,
    0x0108,0x0284,0x0c62,0x019e,0x0200,0x00d8,0x0706,0x0000,0x0000,0x0108,0x0924,0x0542,
    0x011e,0x0fe8,0x0104,0x0102,0x0fee,0x0100,0x0118,0x0106,0x0000,0x0000,0x0fc8,0x0904,
    0x0912,0x089e,0x0648,0x0004,0x0fc2,0x085e,0x0840,0x0858,0x0fc6,0x0000,0x0000,0x0fc8,
    0x0804,0x0492,0x031e,0x0cc8,0x0204,0x0fc2,0x021e,0x0200,0x0fd8,0x0206,0x0000,0x0000,
    0x0fc8,0x0804,0x0412,0x031e,0x0cc8,0x0004,0x0fc2,0x021e,0x0200,0x0218,0x0fc6,0x0000,
    0x0000,0x0f48,0x09e4,0x0942,0x054e,0x03e8,0x0544,0x0942,0x09ee,0x0940,0x0738,0x0126,
    0x0000,0x0000,0x0a08,0x0fe4,0x0202,0x021e,0x0a48,0x0be4,0x0a42,0x045e,0x0420,0x0a28,
    0x0986,0x0000,0x0000,0x0208,0x0fc4,0x0212,0x021e,0x0fc8,0x0004,0x0002,0x0fde,0x0840,
    0x0858,0x0fc6,0x0000,0x0000,0x0048,0x0e44,0x01e2,0x048e,0x0308,0x0ce4,0x0002,0x0fee,
    0x0280,0x0a48,0x0e26,0x0000,0x0000,0x0388,0x0444,0x0822,0x07de,0x0008,0x0004,0x0fe2,
    0x049e,0x0440,0x0a28,0x09e6,0x0000,0x0000,0x0788,0x0844,0x0022,0x079e,0x0008,0x0004,
    0x0fc2,0x085e,0x0840,0x0858,0x0fc6,0x0000,0x0000,0x0048,0x0fc4,0x0822,0x082e,0x0bc8,
    0x0a44,0x0bc2,0x0a5e,0x0bc0,0x0818,0x0606,0x0000,0x0000,0x0088,0x0784,0x0442,0x02ae,
    0x0108,0x0284,0x0c62,0x07de,0x0440,0x0458,0x07c6,0x0000,0x0000,0x0788,0x0444,0x0212,
    0x0fde,0x0a48,0x0a44,0x0fc2,0x005e,0x0040,0x0858,0x0fc6,0x0000,0x0000,0x0108,0x0fe4,
    0x0002,0x044e,0x0828,0x0004,0x0442,0x029e,0x0100,0x0298,0x0c66,0x0000,0x0000,0x0108,
    0x0fe4,0x0092,0x049e,0x0448,0x0be4,0x0a82,0x029e,0x0280,0x0a58,0x0e26,0x0000,0x0000,
    0x0fc8,0x0844,0x0fd2,0x001e,0x0fc8,0x0844,0x0fc2,0x085e,0x0fc0,0x0858,0x0c46,0x0000,
    0x0000,0x0fc8,0x0104,0x0fe2,0x019e,0x0548,0x0924,0x03c2,0x0e9e,0x0880,0x0858,0x0646,
    0x0000,0x0000,0x0be8,0x0884,0x0522,0x045e,0x0008,0x0084,0x0fe2,0x045e,0x0260,0x0398,
    0x0c66,0x0000,0x0000,0x0088,0x0784,0x0442,0x02ae,0x0188,0x0e64,0x0102,0x0fee,0x0100,
    0x0558,0x09a6,0x0000,0x0000,0x0228,0x0aa4,0x0722,0x022e,0x0fe8,0x0224,0x0322,0x06be,
    0x0a60,0x0238,0x0fe6,0x0000,0x0000,0x0108,0x0fe4,0x0102,0x0fee,0x0108,0x0fe4,0x0442,
    0x055e,0x0540,0x0298,0x0c66,0x0000,0x0000,0x0108,0x0fc4,0x0912,0x051e,0x0fc8,0x0104,
    0x0f82,0x08de,0x0f80,0x0898,0x0f86,0x0000,0x0000,0x0108,0x0fe4,0x0102,0x0fee,0x0a88,
    0x0324,0x0242,0x0fee,0x0100,0x0498,0x0866,0x0000,0x0000,0x0288,0x0ee4,0x0282,0x028e,
    0x0ee8,0x0284,0x0282,0x028e,0x0ee0,0x0288,0x0286,0x0000,0x0000,0x0108,0x0f04,0x0112,
    0x0fde,0x0848,0x0fc4,0x0842,0x0fde,0x0200,0x0fd8,0x0206,0x0000,0x0000,0x07c8,0x0444,
    0x07d2,0x011e,0x0fe8,0x0924,0x0fe2,0x093e,0x0fe0,0x0118,0x0f06,0x0000,0x0000,0x0488,
    0x0484,0x0fd2,0x025e,0x0fe8,0x0244,0x0242,0x0fde,0x0240,0x0258,0x0fc6,0x0000,0x0000,
    0x0108,0x0fc4,0x0852,0x0fde,0x0848,0x0fc4,0x0102,0x0fee,0x0920,0x0d28,0x0106,0x0000,
    0x0000,0x0ee8,0x0aa4,0x0aa2,0x0eee,0x0aa8,0x0aa4,0x0ee2,0x0abe,0x0aa0,0x0ab8,0x0aa6,
    0x0000,0x0000,0x0fe8,0x0924,0x0ba2,0x092e,0x0ba8,0x0824,0x0ba2,0x0abe,0x0aa0,0x0bb8,
    0x0c26,0x0000,0x0000,0x0108,0x0fe4,0x0822,0x07ce,0x0008,0x0004,0x0fe2,0x010e,0x0540,
    0x0928,0x0186,0x0000,0x0000,0x0108,0x0fe4,0x0822,0x000e,0x0fe8,0x0104,0x0102,0x0f5e,
    0x0140,0x01c8,0x0e36,0x0000,0x0000,0x07c8,0x0404,0x07c2,0x041e,0x0fe8,0x0904,0x0562,
    0x030e,0x0540,0x0928,0x0186,0x0000,0x0000,0x0ee8,0x0884,0x0aa2,0x044e,0x0aa8,0x0004,
    0x0ee2,0x088e,0x0aa0,0x0448,0x0aa6,0x0000,0x0000,0x0a08,0x0fe4,0x0222,0x03ee,0x0a28,
    0x0ae4,0x0aa2,0x04ee,0x0420,0x0b18,0x08c6,0x0000,0x0000,0x0fe8,0x0104,0x0082,0x0fee,
    0x0aa8,0x0ba4,0x0aa2,0x0bbe,0x0aa0,0x0ab8,0x0fe6,0x0000,0x0000,0x0148,0x0f54,0x02d2,
    0x045e,0x0048,0x07e4,0x0422,0x052e,0x0520,0x0ac8,0x0e36,0x0000,0x0000,0x0fc8,0x0844,
    0x0fc2,0x001e,0x0fe8,0x0844,0x0fc2,0x085e,0x0fc0,0x0868,0x0806,0x0000,0x0000,0x07e8,
    0x0524,0x05e2,0x052e,0x0d28,0x00e4,0x0722,0x05fe,0x0520,0x0338,0x0ce6,0x0000,0x0000,
    0x0fe8,0x0944,0x0542,0x0fee,0x0108,0x0fe4,0x0082,0x07ce,0x04a0,0x0308,0x0ce6,0x0000,
    0x0000,0x0108,0x0fe4,0x0482,0x048e,0x0fe8,0x0924,0x0fc2,0x095e,0x0940,0x0958,0x0d46,
    0x0000,0x0000,0x0928,0x0544,0x0fe2,0x054e,0x0928,0x0084,0x0fe2,0x044e,0x0260,0x0388,
    0x0c66,0x0000,0x0000,0x0108,0x0fe4,0x0822,0x0fee,0x0028,0x0fe4,0x0aa2,0x0ffe,0x0aa0,
    0x0ab8,0x0aa6,0x0000,0x0000,0x0fc8,0x0444,0x07e2,0x021e,0x0fe8,0x0144,0x0b82,0x066e,
    0x0b80,0x0a68,0x0186,0x0000,0x0000,0x0908,0x0ff4,0x0102,0x0fee,0x0928,0x0fe4,0x0922,
    0x0ffe,0x0400,0x0458,0x0686,0x0000,0x0000,0x0f28,0x08c4,0x0502,0x073e,0x0ae8,0x0fa4,
    0x0222,0x0fae,0x0220,0x0068,0x0f96,0x0000,0x0000,0x0108,0x0fe4,0x0aa2,0x0fae,0x0aa8,
    0x0aa4,0x0fa2,0x022e,0x0fa0,0x0228,0x0fd6,0x0000,0x0000,0x0108,0x0fe4,0x0a22,0x01ce,
    0x0048,0x0fc4,0x0442,0x045e,0x0fe0,0x0288,0x0c66,0x0000,0x0000,0x0ee8,0x0aa4,0x0aa2,
    0x0aae,0x0aa8,0x0544,0x08a2,0x0fee,0x0480,0x0388,0x0c66,0x0000,0x0000,0x0108,0x0ff4,
    0x0812,0x0fce,0x0248,0x0fa4,0x08b2,0x0fae,0x08a0,0x08a8,0x0fa6,0x0000,0x0000,0x0108,
    0x0ff4,0x04a2,0x0fce,0x0848,0x0fe4,0x0842,0x0fde,0x0100,0x0558,0x09a6,0x0000,0x0000,
    0x0248,0x0fe4,0x0102,0x0fee,0x0108,0x0fe4,0x0542,0x0ffe,0x0440,0x0448,0x07c6,0x0000,
    0x0000,0x0ff4,0x0924,0x0fe2,0x092e,0x0fe8,0x0004,0x0ff2,0x092e,0x0fe0,0x0928,0x0ff6,
    0x0000,0x0000,0x0248,0x0ee4,0x0aa2,0x09ee,0x08a8,0x0ae4,0x0a22,0x04ee,0x0490,0x0a80,
    0x096e,0x0000,0x0000,0x0008,0x07f8,0x0044,0x0044,0x0040,0x0ffe,0x0040,0x0040,0x0444,
    0x0444,0x07fc,0x0000,0x0000,0x0fc2,0x023e,0x020a,0x0208,0x023e,0x0208,0x0208,0x022a,
    0x022a,0x022a,0x0ffe,0x0000,0x0000,0x0102,0x0ffe,0x090a,0x0908,0x093e,0x0fc8,0x0108,
    0x012a,0x02aa,0x046a,0x083e,0x0000,0x0000,0x0202,0x023e,0x0fca,0x0208,0x033e,0x0688,
    0x0a48,0x022a,0x0faa,0x022a,0x023e,0x0000,0x0000,0x0790,0x04fe,0x0c10,0x03fe,0x0c54,
    0x03fc,0x0042,0x0ffe,0x0040,0x0444,0x07fc,0x0000,0x0000,0x0702,0x013e,0x0fca,0x0948,
    0x07fe,0x0148,0x0fc8,0x0aaa,0x0fea,0x022a,0x03be,0x0000,0x0000,0x0fe2,0x029e,0x0fea,
    0x0aa8,0x0abe,0x0fe8,0x0448,0x07ca,0x044a,0x0fea,0x011e,0x0000,0x0000,0x07bc,0x04a4,
    0x07bc,0x04a4,0x07bc,0x0514,0x0bfa,0x0048,0x0ffe,0x0444,0x07fc,0x0000,0x0000,0x01f0,
    0x0150,0x0ffe,0x0aaa,0x0fbe,0x0aaa,0x0ffe,0x0048,0x0ffe,0x0444,0x07fc,0x0000,0x0000,
    0x0242,0x0ffe,0x0aaa,0x0ee8,0x029e,0x0fc8,0x0268,0x0fca,0x024a,0x024a,0x0fde,0x0000,
    0x0000,0x0ffe,0x0912,0x0912,0x0952,0x0996,0x0b1a,0x0d32,0x0952,0x088a,0x088a,0x0c02,
    0x0000,0x0000,0x0ffe,0x0802,0x0912,0x0892,0x0ffe,0x0842,0x0bfa,0x0812,0x0812,0x09f2,
    0x0c02,0x0000,0x0000,0x0ffe,0x08a2,0x0090,0x078c,0x0000,0x03f8,0x0040,0x0040,0x0ffe,
    0x0040,0x0040,0x0000,0x0000,0x0ffe,0x0912,0x0912,0x0ffe,0x0020,0x07f0,0x0428,0x0246,
    0x0180,0x0070,0x000e,0x0000,0x0000,0x07fc,0x04a4,0x04a4,0x07fc,0x0000,0x0ffe,0x0080,
    0x0140,0x0270,0x0c4e,0x0040,0x0000,0x0000,0x0ffe,0x0912,0x0ffe,0x0000,0x0918,0x0920,
    0x090e,0x0908,0x0908,0x0868,0x0c1c,0x0000,0x0000,0x07fc,0x04a4,0x04a4,0x07fc,0x0040,
    0x0ffe,0x0040,0x03f8,0x0208,0x0208,0x03f8,0x0000,0x0000,0x07fc,0x04a4,0x04a4,0x07fc,
    0x0040,0x07fc,0x0040,0x0ffe,0x0210,0x0588,0x047c,0x0000,0x0000,0x07fc,0x04a4,0x07fc,
    0x0040,0x07fc,0x0040,0x0ffe,0x0040,0x07fc,0x0040,0x0ffe,0x0000,0x0000,0x0ffe,0x0912,
    0x0ffe,0x0020,0x0ffe,0x0248,0x07fc,0x0a4a,0x03f8,0x0848,0x0fc0,0x0000,0x0000,0x07fc,
    0x04a4,0x07fc,0x0020,0x0fe0,0x0020,0x07fc,0x0404,0x0ffe,0x0040,0x0040,0x0000,0x0000,
    0x07fc,0x04a4,0x07fc,0x00a0,0x0fbe,0x00a0,0x07bc,0x00a0,0x0fbe,0x0090,0x008c,0x0000,
    0x0000,0x07fc,0x04a4,0x07fc,0x0040,0x0ffe,0x0208,0x03f8,0x0208,0x03f8,0x0208,0x0ffe,
    0x0000,0x0000,0x0ffe,0x0912,0x0ffe,0x0008,0x097e,0x0900,0x093e,0x0900,0x093e,0x0822,
    0x0c3e,0x0000,0x0000,0x0ffc,0x0924,0x0ffc,0x0820,0x07fc,0x0220,0x0ffe,0x0410,0x07f8,
    0x0416,0x07f0,0x0000,0x0000,0x0ffe,0x0912,0x0ffe,0x0044,0x07fc,0x0044,0x07fc,0x0044,
    0x0ffc,0x0804,0x0d52,0x0000,0x0000,0x0ffe,0x0912,0x0ffe,0x00a4,0x0fbe,0x00a2,0x0fbe,
    0x00a2,0x0fbe,0x00a2,0x0f32,0x0000,0x0000,0x0ffc,0x0924,0x0ffc,0x0488,0x0fc8,0x026a,
    0x0fda,0x024a,0x0fca,0x0248,0x0fc8,0x0000,0x0000,0x0ffe,0x0912,0x0ffe,0x0088,0x0494,
    0x0fca,0x04a4,0x0fbe,0x0488,0x04aa,0x0faa,0x0000,0x0000,0x0ffe,0x0912,0x0ffe,0x0084,
    0x0fa2,0x00be,0x0fa2,0x00be,0x0f22,0x0494,0x0922,0x0000,0x0000,0x0ffe,0x0912,0x0ffe,
    0x0294,0x0fbe,0x02aa,0x02aa,0x0fbe,0x0808,0x0abe,0x0ea8,0x0000,0x0000,0x0208,0x0110,
    0x0ffe,0x0040,0x0040,0x07fc,0x0040,0x0040,0x0ffe,0x0040,0x0040,0x0000,0x0000,0x0110,
    0x0ffe,0x0040,0x03f8,0x0040,0x0040,0x0ffe,0x0090,0x0090,0x0888,0x0f06,0x0000,0x0000,
    0x0110,0x0ffe,0x0040,0x03f8,0x0040,0x0ffe,0x0040,0x0ffe,0x00a0,0x0318,0x0c06,0x0000,
    0x0000,0x0110,0x0ffe,0x0040,0x03f8,0x0040,0x0040,0x0ffe,0x0000,0x0000,0x0494,0x0922,
    0x0000,0x0000,0x0712,0x088a,0x007e,0x0fc8,0x001e,0x0008,0x0fc8,0x093e,0x0908,0x0d04,
    0x0104,0x0000,0x0000,0x0c12,0x03ca,0x027e,0x0248,0x0fde,0x0448,0x0448,0x047e,0x09c8,
    0x0804,0x0be4,0x0000,0x0000,0x0110,0x0ffe,0x0040,0x03f8,0x0040,0x0ffe,0x0250,0x0ff8,
    0x0226,0x0220,0x0ffc,0x0000,0x0000,0x0110,0x0ffe,0x0040,0x07fc,0x0040,0x0ffe,0x0940,
    0x052e,0x0100,0x0288,0x0c66,0x0000,0x0000,0x04be,0x02a8,0x0ffe,0x0228,0x0228,0x0fbe,
    0x0208,0x023c,0x0fe6,0x0224,0x023c,0x0000,0x0000,0x0492,0x044a,0x0fde,0x0508,0x051e,
    0x0cc8,0x0708,0x04de,0x0488,0x0304,0x0cc4,0x0000,0x0000,0x0110,0x0ffe,0x0040,0x07fc,
    0x0040,0x0ffe,0x0944,0x052a,0x0104,0x0288,0x0c66,0x0000,0x0000,0x0110,0x0ffe,0x0040,
    0x07fc,0x0040,0x0ffe,0x0848,0x0ffe,0x0488,0x033e,0x0cc8,0x0000,0x0000,0x07d2,0x044a,
    0x07fe,0x0448,0x07de,0x0048,0x0fe8,0x093e,0x0aa8,0x09e4,0x0604,0x0000,0x0000,0x0a52,
    0x0fca,0x001e,0x0fe8,0x003e,0x0228,0x0aa8,0x0abe,0x0224,0x0514,0x08d4,0x0000,0x0000,
    0x0110,0x0ffe,0x0040,0x07fc,0x0910,0x0ffe,0x0254,0x0a92,0x047e,0x0a48,0x09b4,0x0000,
    0x0000,0x0112,0x0fea,0x0abe,0x0ba4,0x082e,0x0fe4,0x0444,0x07de,0x0444,0x0442,0x0ff2,
    0x0000,0x0000,0x0040,0x0ffe,0x0004,0x07f8,0x0208,0x0ffe,0x0aaa,0x0bfe,0x0e4a,0x09fe,
    0x094a,0x0000,0x0000,0x0110,0x0ffe,0x0040,0x0ffe,0x0494,0x0922,0x07fc,0x0040,0x0ffe,
    0x0110,0x0e0e,0x0000,0x0000,0x0ffc,0x0804,0x0ffc,0x0244,0x0ff4,0x0084,0x0a54,0x0f7a,
    0x0222,0x0f7c,0x0220,0x0000,0x0000,0x0fbe,0x0820,0x0820,0x08a2,0x0924,0x0c30,0x0a28,
    0x0924,0x08a2,0x0820,0x0c30,0x0000,0x0000,0x0fbe,0x0924,0x0a28,0x0924,0x08a2,0x0c00,
    0x0110,0x0ffe,0x0110,0x0108,0x0108,0x0000,0x0000,0x01e0,0x0208,0x0c26,0x0210,0x03fc,
    0x0000,0x0fbe,0x0924,0x0a28,0x0924,0x0cb2,0x0000,0x0000,0x0ee4,0x0884,0x0aae,0x0cc4,
    0x088e,0x0cc8,0x0aaa,0x088a,0x0cc4,0x001a,0x0fe2,0x0000,0x0000,0x0ee4,0x0884,0x089e,
    0x0aa8,0x0cca,0x088a,0x0cca,0x0aaa,0x0988,0x089e,0x0cc0,0x0000,0x0000,0x0fbe,0x0924,
    0x0a28,0x0924,0x08a2,0x0c30,0x0040,0x07fc,0x0110,0x0110,0x0ffe,0x0000,0x0000,0x0fcc,
    0x0912,0x0900,0x0b5e,0x0d80,0x091e,0x0914,0x0d94,0x0b4c,0x0904,0x0d84,0x0000,0x0000,
    0x0fbe,0x0924,0x0a28,0x0924,0x0cb2,0x0040,0x07f8,0x0408,0x07f8,0x0408,0x07f8,0x0000,
    0x0000,0x0ef2,0x088a,0x099e,0x0aa4,0x0cce,0x0884,0x0cc4,0x0aae,0x0994,0x0882,0x0cc2,
    0x0000,0x0000,0x00e0,0x0318,0x0df6,0x0000,0x03f8,0x0208,0x0ffe,0x0924,0x0a28,0x0924,
    0x0cb2,0x0000,0x0000,0x0fc4,0x093e,0x0b44,0x0d94,0x0908,0x0db6,0x0b40,0x093e,0x0d94,
    0x0012,0x0ff2,0x0000,0x0000,0x0fbe,0x0924,0x0a28,0x0924,0x08a2,0x0108,0x0ffc,0x0086,
    0x07fc,0x0084,0x0ffc,0x0000,0x0000,0x0fbe,0x0924,0x0a28,0x0924,0x08a2,0x07fc,0x0208,
    0x0554,0x0040,0x0ffe,0x0040,0x0000,0x0000,0x00a0,0x0fbe,0x00a0,0x07bc,0x00a0,0x0f9e,
    0x0090,0x0fbe,0x0aaa,0x0924,0x0cb2,0x0000,0x0000,0x0110,0x0ffe,0x04a4,0x04bc,0x04a4,
    0x0424,0x0fbe,0x0924,0x0a28,0x0924,0x0cb2,0x0000,0x0000,0x0ffe,0x0902,0x093e,0x0b62,
    0x0dbe,0x0902,0x0dbe,0x0b6a,0x093e,0x092a,0x0daa,0x0000,0x0000,0x0ffe,0x0924,0x093c,
    0x0b40,0x0dbe,0x092a,0x0db6,0x0b62,0x093e,0x092a,0x0daa,0x0000,0x0000,0x0708,0x08be,
    0x0048,0x0ffe,0x0922,0x0b7e,0x0922,0x0dbe,0x0b48,0x093e,0x0d88,0x0000,0x0000,0x0fc4,
    0x093e,0x0922,0x0b7e,0x0da2,0x093e,0x0d14,0x0baa,0x0948,0x093e,0x0d88,0x0000,0x0000,
    0x07be,0x049a,0x0fd6,0x08ba,0x0712,0x08aa,0x0ffe,0x0924,0x0a28,0x0924,0x0cb2,0x0000,
    0x0000,0x0fc8,0x093e,0x0b48,0x0dbe,0x0914,0x0db6,0x0b54,0x093e,0x0d94,0x0012,0x0ff2,
    0x0000,0x0000,0x0ffe,0x092a,0x0908,0x0b7e,0x0d8c,0x092a,0x093e,0x0daa,0x0b7e,0x092a,
    0x0dbe,0x0000,0x0000,0x0fbe,0x0924,0x0a28,0x0924,0x0ffa,0x0248,0x07fc,0x0110,0x0ffe,
    0x0208,0x0c06,0x0000,0x0000,0x0dc8,0x0b4a,0x0d9a,0x0b4a,0x0908,0x04be,0x0fd4,0x0254,
    0x0fd4,0x0272,0x0fc2,0x0000,0x0000,0x0440,0x0ffc,0x0240,0x0140,0x0ffe,0x0020,0x0738,
    0x00e6,0x0020,0x0820,0x0fe0,0x0000,0x0000,0x0040,0x07fc,0x0240,0x0140,0x0ffe,0x0020,
    0x07f8,0x0016,0x07f0,0x0400,0x0380,0x0000,0x0000,0x0220,0x07fc,0x00a0,0x0ffe,0x0228,
    0x0926,0x0fe0,0x003c,0x0fe0,0x003e,0x0fe0,0x0000,0x0000,0x0040,0x0ffc,0x0440,0x0240,
    0x0ffe,0x0020,0x07f0,0x0418,0x07f6,0x0410,0x07f0,0x0000,0x0000,0x0220,0x07fc,0x00a0,
    0x0ffe,0x0228,0x0926,0x0ff8,0x0408,0x07f8,0x0408,0x07f8,0x0000,0x0000,0x0220,0x07fc,
    0x00a0,0x0ffe,0x0228,0x0924,0x0ffe,0x0110,0x03f8,0x0040,0x0ffe,0x0000,0x0000,0x0ffe,
    0x0040,0x0020,0x0ffe,0x0892,0x0892,0x0892,0x0892,0x0892,0x0892,0x0c02,0x0000,0x0000,
    0x0ffe,0x0040,0x07fc,0x04a4,0x06a4,0x0020,0x0ffe,0x0210,0x0118,0x00e0,0x071c,0x0000,
    0x0000,0x043e,0x0408,0x0fc4,0x043e,0x042a,0x04aa,0x052a,0x042a,0x042a,0x042a,0x0622,
    0x0000,0x0000,0x0444,0x0444,0x07fc,0x0000,0x0ffe,0x0020,0x07fc,0x04a4,0x04a4,0x04a4,
    0x0604,0x0000,0x0000,0x07c0,0x007c,0x0040,0x03f8,0x0040,0x0040,0x0ffe,0x0160,0x0258,
    0x0c46,0x0040,0x0000,0x0000,0x0488,0x04be,0x0fc8,0x04be,0x0488,0x0488,0x0ffe,0x0488,
    0x049c,0x044a,0x0448,0x0000,0x0000,0x0708,0x00e8,0x0c9e,0x0388,0x00fe,0x0c88,0x039e,
    0x00e8,0x009c,0x088a,0x0f88,0x0000,0x0000,0x07b8,0x000e,0x0008,0x003e,0x0fc8,0x0108,
    0x013e,0x0488,0x049c,0x0a4a,0x09c8,0x0000,0x0000,0x0ff8,0x094e,0x0948,0x095e,0x0948,
    0x0fc8,0x007e,0x0048,0x005c,0x084a,0x0fc8,0x0000,0x0000,0x0fb8,0x088e,0x0888,0x0fbe,
    0x0088,0x0088,0x0fbe,0x0888,0x089c,0x08aa,0x0f88,0x0000,0x0000,0x0fe8,0x093e,0x0fe8,
    0x093e,0x0fe8,0x0108,0x0ffe,0x08a8,0x0abc,0x0bea,0x0c28,0x0000,0x0000,0x0ff8,0x002e,
    0x0fe8,0x0abe,0x04a8,0x09c8,0x041e,0x0fe8,0x041c,0x044a,0x0688,0x0000,0x0000,0x0108,
    0x0ffe,0x0488,0x049e,0x0fe8,0x0928,0x0fde,0x0088,0x0f9c,0x084a,0x0648,0x0000,0x0000,
    0x0ffe,0x0208,0x03f8,0x0208,0x0208,0x03f8,0x0208,0x0e08,0x03f8,0x020e,0x0200,0x0000,
    0x0000,0x0ffe,0x08a4,0x04bc,0x02a4,0x02a4,0x04bc,0x08a4,0x08a4,0x08bc,0x06a6,0x00a0,
    0x0000,0x0000,0x0040,0x0ffe,0x0208,0x07fc,0x0a0a,0x03f8,0x0208,0x03f8,0x0e08,0x03fe,
    0x0200,0x0000,0x0000,0x0110,0x0110,0x02a8,0x0c46,0x0000,0x0ffe,0x0208,0x03f8,0x0e08,
    0x03f8,0x0206,0x0000,0x0000,0x023e,0x0212,0x021e,0x0252,0x0e52,0x025e,0x0252,0x0252,
    0x025e,0x0252,0x0ff0,0x0000,0x0000,0x013e,0x0fd2,0x095e,0x0952,0x0912,0x031e,0x0292,
    0x0292,0x0a9e,0x0a52,0x0e30,0x0000,0x0000,0x013e,0x0112,0x095e,0x0952,0x0552,0x055e,
    0x0112,0x0292,0x029e,0x0452,0x0830,0x0000,0x0000,0x0ffe,0x0208,0x03f8,0x0e08,0x03fe,
    0x0200,0x0fbe,0x0820,0x04a4,0x0318,0x0ca6,0x0000,0x0000,0x073e,0x0892,0x005e,0x0fd2,
    0x0012,0x001e,0x0fd2,0x0912,0x091e,0x0d12,0x0110,0x0000,0x0000,0x0f9e,0x0a6a,0x0a2e,
    0x0aaa,0x0aaa,0x0aae,0x0aaa,0x0aea,0x0e8e,0x024a,0x0228,0x0000,0x0000,0x0420,0x0ffe,
    0x0290,0x01c8,0x0884,0x0ffe,0x0208,0x03f8,0x0e08,0x03f8,0x0206,0x0000,0x0000,0x0ffe,
    0x0852,0x085e,0x0852,0x0852,0x0fde,0x0012,0x04b2,0x049e,0x0852,0x0850,0x0000,0x0000,
    0x0c3e,0x03d2,0x021e,0x0212,0x0fd2,0x021e,0x0212,0x0fd2,0x085e,0x0852,0x0fd0,0x0000,
    0x0000,0x04be,0x0292,0x0fde,0x0112,0x0112,0x0ffe,0x0112,0x0132,0x029e,0x0452,0x0830,
    0x0000,0x0000,0x0ffe,0x08a4,0x08bc,0x08a4,0x0fbc,0x0026,0x07f8,0x0040,0x03f8,0x0040,
    0x0ffe,0x0000,0x0000,0x013e,0x0fd2,0x095e,0x0fd2,0x0952,0x0ffe,0x0092,0x0fd2,0x085e,
    0x0812,0x0610,0x0000,0x0000,0x0ffe,0x0824,0x08bc,0x04a4,0x033c,0x04a6,0x0860,0x0248,
    0x0248,0x0554,0x0842,0x0000,0x0000,0x0fbe,0x08a2,0x0fbe,0x08a2,0x0ffe,0x0912,0x09f2,
    0x0912,0x09f2,0x091a,0x0d02,0x0000,0x0000,0x04be,0x0292,0x0fde,0x0852,0x0852,0x085e,
    0x0fd2,0x0112,0x045e,0x08b2,0x0710,0x0000,0x0000,0x045e,0x0aaa,0x044e,0x0aaa,0x0eea,
    0x028e,0x0aaa,0x0aaa,0x0eee,0x028a,0x0268,0x0000,0x0000,0x009e,0x0fea,0x0aae,0x0aea,
    0x092a,0x0aae,0x0fea,0x008a,0x052e,0x085a,0x0388,0x0000,0x0000,0x0088,0x0fbe,0x0448,
    0x057e,0x0208,0x07fc,0x0a0a,0x03f8,0x0e08,0x03f8,0x0206,0x0000,0x0000,0x0790,0x04fe,
    0x0c10,0x03fe,0x0c54,0x03fe,0x020a,0x03f8,0x0e08,0x03f8,0x0206,0x0000,0x0000,0x0224,
    0x0552,0x0988,0x0726,0x01e4,0x0f3e,0x0208,0x03f8,0x0e08,0x03f8,0x0206,0x0000,0x0000,
    0x0ffe,0x0208,0x03f8,0x0208,0x0ffe,0x04a4,0x07bc,0x04a4,0x07bc,0x04e6,0x0420,0x0000,
    0x0000,0x0a5e,0x0bea,0x02ae,0x0eaa,0x03fa,0x0a0e,0x0aea,0x04aa,0x04ee,0x0aaa,0x09e8,
    0x0000,0x0000,0x011e,0x0ff2,0x011e,0x0ff2,0x0a5e,0x0ff2,0x0014,0x0ffe,0x0154,0x045c,
    0x0b96,0x0000,0x0000,0x0108,0x0f7e,0x0124,0x0ffe,0x0824,0x0fbc,0x00a4,0x0ffe,0x0208,
    0x0ff8,0x0206,0x0000,0x0000,0x0040,0x07fc,0x0440,0x0ffe,0x0440,0x07f8,0x0040,0x07fc,
    0x0040,0x0ffe,0x0040,0x0000,0x0000,0x0040,0x07fc,0x0440,0x0ffe,0x0440,0x07fc,0x0842,
    0x0952,0x0952,0x0a4a,0x0a4a,0x0000,0x0000,0x0232,0x0fce,0x0a22,0x0fbe,0x0a04,0x0fbc,
    0x0212,0x0ffe,0x0210,0x0fa8,0x0246,0x0000,0x0000,0x0040,0x07fc,0x0440,0x0ffe,0x0440,
    0x07f8,0x0952,0x0f5e,0x0842,0x0f5e,0x0952,0x0000,0x0000,0x023c,0x0fc4,0x0a1c,0x0fc4,
    0x0a1c,0x0f84,0x023e,0x0fd4,0x0214,0x0fec,0x0226,0x0000,0x0000,0x00bc,0x0f84,0x04fc,
    0x0324,0x0ca4,0x03fc,0x0242,0x0ffa,0x0240,0x0ffe,0x0040,0x0000,0x0000,0x0040,0x0ffe,
    0x0842,0x08a2,0x0912,0x0a4a,0x0842,0x08a2,0x0912,0x0802,0x0e02,0x0000,0x0000,0x011e,
    0x0112,0x0fd2,0x091e,0x0912,0x0912,0x089e,0x0892,0x0852,0x0452,0x031a,0x0000,0x0000,
    0x079e,0x0492,0x0492,0x049e,0x0492,0x0492,0x049e,0x0492,0x0492,0x0452,0x0c5a,0x0000,
    0x0000,0x0040,0x0ffe,0x0002,0x0002,0x07fc,0x0208,0x03f8,0x0208,0x03f8,0x0208,0x0308,
    0x0000,0x0000,0x0040,0x0444,0x0248,0x0040,0x07fc,0x0404,0x07fc,0x0404,0x07fc,0x0404,
    0x0604,0x0000,0x0000,0x041e,0x0412,0x0fd2,0x041e,0x0412,0x0452,0x049e,0x0412,0x0412,
    0x0412,0x071a,0x0000,0x0000,0x011e,0x0112,0x0112,0x011e,0x0fd2,0x0112,0x011e,0x0112,
    0x0112,0x0112,0x0ffa,0x0000,0x0000,0x0fde,0x0212,0x0212,0x021e,0x0212,0x0212,0x021e,
    0x0212,0x0212,0x0212,0x0fda,0x0000,0x0000,0x0fde,0x0212,0x0212,0x021e,0x0212,0x0fd2,
    0x021e,0x0212,0x0212,0x0212,0x021a,0x0000,0x0000,0x07de,0x0212,0x0112,0x009e,0x0fd2,
    0x0a92,0x0a5e,0x0932,0x0912,0x0892,0x065a,0x0000,0x0000,0x079e,0x0492,0x0492,0x049e,
    0x0c52,0x0012,0x0fde,0x0892,0x0492,0x0312,0x0cda,0x0000,0x0000,0x010e,0x0ffa,0x010a,
    0x010e,0x07ea,0x040a,0x044e,0x044a,0x028a,0x038a,0x0c7a,0x0000,0x0000,0x011e,0x0112,
    0x0ff2,0x011e,0x0112,0x0ff2,0x011e,0x0112,0x0292,0x0452,0x083a,0x0000,0x0000,0x0fde,
    0x0952,0x0952,0x095e,0x0952,0x0fd2,0x005e,0x0052,0x0852,0x0852,0x0fda,0x0000,0x0000,
    0x0ffc,0x0004,0x07fc,0x0404,0x07fc,0x0414,0x07f4,0x0414,0x07f2,0x0412,0x0610,0x0000,
    0x0000,0x011e,0x0ff2,0x0112,0x011e,0x0f12,0x0892,0x089e,0x0852,0x0852,0x0412,0x031a,
    0x0000,0x0000,0x011e,0x0fd2,0x0112,0x091e,0x0952,0x0952,0x0fde,0x0112,0x0112,0x0912,
    0x0f1a,0x0000,0x0000,0x01ce,0x010a,0x0fea,0x092e,0x092a,0x092a,0x0aae,0x0c6a,0x082a,
    0x082a,0x0c2a,0x0000,0x0000,0x011e,0x0fd2,0x0012,0x001e,0x0792,0x0492,0x049e,0x0492,
    0x0492,0x0452,0x0c52,0x0000,0x0000,0x07c8,0x0048,0x0ffe,0x0000,0x03f8,0x0208,0x03f8,
    0x0208,0x03f8,0x0208,0x0308,0x0000,0x0000,0x011e,0x0ff2,0x0092,0x009e,0x0292,0x0252,
    0x025e,0x0132,0x0912,0x0892,0x0f9a,0x0000,0x0000,0x0040,0x0ffe,0x0120,0x0210,0x07fe,
    0x0a08,0x03f8,0x0208,0x03f8,0x0208,0x0308,0x0000,0x0000,0x0638,0x01c0,0x0e30,0x002e,
    0x0ff0,0x0410,0x07f8,0x0416,0x07f0,0x0410,0x0610,0x0000,0x0000,0x010e,0x0fea,0x010a,
    0x010e,0x0fea,0x092a,0x092e,0x092a,0x092a,0x0d2a,0x010a,0x0000,0x0000,0x011e,0x0112,
    0x0ff2,0x011e,0x0112,0x0292,0x029e,0x0452,0x0452,0x08b2,0x091a,0x0000,0x0000,0x0f90,
    0x0812,0x0892,0x0492,0x03fa,0x0e08,0x03f8,0x0208,0x03f8,0x0208,0x0308,0x0000,0x0000,
    0x021e,0x0212,0x0fd2,0x0a5e,0x0a52,0x0a52,0x0fde,0x0212,0x0212,0x0212,0x021a,0x0000,
    0x0000,0x045e,0x0452,0x0252,0x015e,0x0052,0x0ff2,0x025e,0x0252,0x0452,0x0452,0x09da,
    0x0000,0x0000,0x008e,0x008a,0x03ea,0x028e,0x02aa,0x06aa,0x0a9e,0x0a4a,0x024a,0x022a,
    0x019a,0x0000,0x0000,0x0ffe,0x0842,0x0ffe,0x0842,0x0ffe,0x0404,0x07fc,0x0404,0x07fc,
    0x0404,0x0604,0x0000,0x0000,0x0040,0x0ffe,0x0842,0x0ffe,0x0842,0x0ffe,0x0404,0x07fc,
    0x0404,0x07fc,0x0404,0x0000,0x0000,0x0f9e,0x0892,0x0892,0x0f9e,0x0892,0x0892,0x089e,
    0x0f92,0x0012,0x0012,0x0fda,0x0000,0x0000,0x0c90,0x039e,0x0090,0x0890,0x0ffe,0x0408,
    0x07f8,0x0408,0x07f8,0x0408,0x0608,0x0000,0x0000,0x011e,0x0892,0x0852,0x0fde,0x0012,
    0x0012,0x0fde,0x0852,0x0852,0x0852,0x0fda,0x0000,0x0000,0x010e,0x092a,0x054a,0x010e,
    0x0fea,0x010a,0x010e,0x0fea,0x010a,0x010a,0x010a,0x0000,0x0000,0x005e,0x0fd2,0x0152,
    0x013e,0x0f12,0x0112,0x011e,0x0f12,0x0112,0x0112,0x011a,0x0000,0x0000,0x0ffe,0x0212,
    0x0212,0x011e,0x0192,0x0552,0x093e,0x0112,0x0112,0x0012,0x0ffa,0x0000,0x0000,0x0fee,
    0x092a,0x092a,0x0fee,0x092a,0x092a,0x0fee,0x010a,0x010a,0x010a,0x010a,0x0000,0x0000,
    0x025e,0x0252,0x0fd2,0x025e,0x0212,0x0212,0x0fde,0x0212,0x0212,0x0212,0x0fda,0x0000,
    0x0000,0x0fde,0x0252,0x0252,0x025e,0x0fd2,0x0452,0x045e,0x0452,0x09d2,0x0812,0x0bda,
    0x0000,0x0000,0x005e,0x0fd2,0x0832,0x0bde,0x0a52,0x0a52,0x0bde,0x0452,0x0052,0x0852,
    0x0fda,0x0000,0x0000,0x0f88,0x0888,0x08be,0x0f88,0x0888,0x0888,0x0fbe,0x08a2,0x08a2,
    0x0862,0x0e3e,0x0000,0x0000,0x0424,0x0514,0x05f4,0x0444,0x0524,0x05f4,0x0514,0x05f4,
    0x0914,0x09f2,0x0912,0x0000,0x0000,0x0ffe,0x0840,0x03c8,0x0078,0x0fce,0x0408,0x07f8,
    0x0408,0x07f8,0x0408,0x0608,0x0000,0x0000,0x048e,0x088a,0x0fea,0x028e,0x0a8a,0x0a8a,
    0x064e,0x024a,0x0b2a,0x0aaa,0x0e1a,0x0000,0x0000,0x0fee,0x092a,0x092a,0x0fee,0x092a,
    0x092a,0x092e,0x0aaa,0x0c6a,0x082a,0x0fea,0x0000,0x0000,0x010e,0x0fea,0x044a,0x082e,
    0x0fea,0x000a,0x0fee,0x004a,0x0fea,0x082a,0x060a,0x0000,0x0000,0x010e,0x0fea,0x010a,
    0x0fee,0x090a,0x0fea,0x012e,0x0fea,0x090a,0x028a,0x0c6a,0x0000,0x0000,0x010e,0x092a,
    0x054a,0x010e,0x010a,0x0ffa,0x028e,0x028a,0x028a,0x0a4a,0x0e3a,0x0000,0x0000,0x009e,
    0x0792,0x0452,0x02be,0x0112,0x0292,0x0c5e,0x07f2,0x0452,0x0452,0x07da,0x0000,0x0000,
    0x0fee,0x082a,0x082a,0x0bae,0x082a,0x082a,0x0bae,0x0aaa,0x0baa,0x082a,0x0c2a,0x0000,
    0x0000,0x011e,0x0ff2,0x0012,0x045e,0x0832,0x0012,0x045e,0x0292,0x0112,0x0292,0x0c7a,
    0x0000,0x0000,0x002e,0x0fea,0x091a,0x08ae,0x0a4a,0x0aaa,0x0b1e,0x0a0a,0x0bfa,0x080a,
    0x060a,0x0000,0x0000,0x011e,0x0fd2,0x0852,0x095e,0x0112,0x0ff2,0x049e,0x0492,0x0292,
    0x0312,0x0cda,0x0000,0x0000,0x045e,0x0252,0x0ff2,0x049e,0x0492,0x0492,0x0ffe,0x0492,
    0x0492,0x0452,0x045a,0x0000,0x0000,0x0c84,0x03a2,0x00be,0x0880,0x0fbe,0x0022,0x0cbe,
    0x03a2,0x00be,0x08a2,0x0fb2,0x0000,0x0000,0x0e5e,0x01d2,0x0052,0x085e,0x0fd2,0x0012,
    0x0fde,0x0852,0x0fd2,0x0852,0x0fda,0x0000,0x0000,0x0040,0x03f8,0x0220,0x0fbe,0x0928,
    0x0ca4,0x07fa,0x0408,0x07f8,0x0408,0x0608,0x0000,0x0000,0x079e,0x0452,0x0232,0x0fde,
    0x0052,0x0f52,0x095e,0x0d52,0x0132,0x0912,0x0f1a,0x0000,0x0000,0x0e0e,0x01ea,0x0c2a,
    0x03ae,0x02aa,0x0aaa,0x0aae,0x04aa,0x04aa,0x089a,0x098a,0x0000,0x0000,0x01ce,0x000a,
    0x01ea,0x090e,0x057a,0x034a,0x014e,0x032a,0x052a,0x091a,0x018a,0x0000,0x0000,0x0040,
    0x0f5e,0x00a0,0x0f1e,0x01f0,0x0208,0x0ffe,0x0208,0x03f8,0x0208,0x0308,0x0000,0x0000,
    0x010e,0x0fea,0x002a,0x022e,0x022a,0x0faa,0x022e,0x022a,0x022a,0x021a,0x0fca,0x0000,
    0x0000,0x010e,0x0fea,0x040a,0x024e,0x018a,0x0e6a,0x000e,0x044a,0x044a,0x042a,0x042a,
    0x0000,0x0000,0x010e,0x0fea,0x000a,0x0a2e,0x0aaa,0x092a,0x092e,0x0aaa,0x0c6a,0x082a,
    0x0fea,0x0000,0x0000,0x010e,0x0fea,0x092a,0x010e,0x0a8a,0x0a4a,0x0a6e,0x044a,0x044a,
    0x0b4a,0x08ea,0x0000,0x0000,0x010e,0x0fea,0x010a,0x0fee,0x082a,0x07ca,0x020e,0x010a,
    0x0fea,0x010a,0x018a,0x0000,0x0000,0x0e4e,0x0a4a,0x0bfa,0x0a4e,0x0a4a,0x0bfa,0x0a4e,
    0x0a2a,0x0eaa,0x02ea,0x020a,0x0000,0x0000,0x0fde,0x0012,0x0a92,0x055e,0x0a92,0x0a92,
    0x001e,0x0fd2,0x0212,0x0212,0x0fda,0x0000,0x0000,0x0ffc,0x0004,0x0ffc,0x0494,0x0312,
    0x0c7a,0x0408,0x07f8,0x0408,0x07f8,0x0408,0x0000,0x0000,0x0048,0x0fc8,0x0424,0x04a4,
    0x0386,0x0c74,0x07d4,0x0454,0x07d4,0x0454,0x0644,0x0000,0x0000,0x079e,0x0412,0x0852,
    0x0ffe,0x0452,0x0452,0x07de,0x0292,0x0292,0x0a52,0x0e3a,0x0000,0x0000,0x090e,0x0fea,
    0x010a,0x0fee,0x092a,0x0fea,0x092e,0x0fea,0x092a,0x092a,0x0d2a,0x0000,0x0000,0x049e,
    0x0292,0x0fd2,0x085e,0x0852,0x0fd2,0x029e,0x0292,0x0292,0x0a52,0x0e3a,0x0000,0x0000,
    0x038e,0x044a,0x082a,0x07de,0x000a,0x088a,0x092e,0x094a,0x044a,0x040a,0x0fea,0x0000,
    0x0000,0x0fde,0x0052,0x07d2,0x005e,0x07d2,0x0052,0x0ffe,0x0152,0x0a52,0x0452,0x09da,
    0x0000,0x0000,0x008e,0x0fea,0x092a,0x0fee,0x092a,0x092a,0x0fee,0x028a,0x024a,0x0ffa,
    0x020a,0x0000,0x0000,0x028e,0x0fea,0x0aaa,0x0aae,0x0fea,0x0aaa,0x0aae,0x0ffa,0x000a,
    0x044a,0x082a,0x0000,0x0000,0x049e,0x0ff2,0x0492,0x049e,0x0ff2,0x0012,0x0fde,0x0852,
    0x0fd2,0x0852,0x0fda,0x0000,0x0000,0x010e,0x0ffa,0x014a,0x072e,0x04ba,0x06aa,0x056e,
    0x052a,0x022a,0x032a,0x0cea,0x0000,0x0000,0x010e,0x0ffa,0x044a,0x092e,0x0ffa,0x092a,
    0x0fee,0x092a,0x0fea,0x010a,0x0f0a,0x0000,0x0000,0x0fbe,0x080a,0x053e,0x0222,0x07fe,
    0x0a0a,0x03f8,0x0208,0x03f8,0x0208,0x0308,0x0000,0x0000,0x0080,0x0ffc,0x0424,0x0ff4,
    0x049c,0x0514,0x0ffc,0x0aaa,0x0d5a,0x0a28,0x0c08,0x0000,0x0000,0x008e,0x0ffa,0x044a,
    0x044e,0x0faa,0x043a,0x04ae,0x052a,0x042a,0x042a,0x062a,0x0000,0x0000,0x028e,0x0efa,
    0x028a,0x028e,0x0eea,0x028a,0x028e,0x02fa,0x0e8a,0x024a,0x023a,0x0000,0x0000,0x011e,
    0x0ff2,0x0a92,0x029e,0x0a92,0x0e72,0x001e,0x07d2,0x0112,0x0112,0x0ffa,0x0000,0x0000,
    0x010e,0x0ffa,0x082a,0x0eee,0x0aaa,0x0aaa,0x0aae,0x0eda,0x028a,0x0a4a,0x0e3a,0x0000,
    0x0000,0x010e,0x0fea,0x082a,0x000e,0x0fea,0x010a,0x014e,0x0f4a,0x014a,0x01ca,0x0e3a,
    0x0000,0x0000,0x0fde,0x0852,0x0fd2,0x085e,0x0fd2,0x0252,0x0fde,0x0232,0x0fd2,0x0212,
    0x0fda,0x0000,0x0000,0x092e,0x049a,0x024a,0x049e,0x092a,0x0fea,0x0aae,0x092a,0x0aaa,
    0x082a,0x0fea,0x0000,0x0000,0x010e,0x0fea,0x010a,0x0fee,0x0aaa,0x0aaa,0x0fee,0x092a,
    0x0fea,0x092a,0x0d2a,0x0000,0x0000,0x0fee,0x010a,0x0fea,0x092e,0x0fea,0x092a,0x0fee,
    0x010a,0x0fea,0x010a,0x0fea,0x0000,0x0000,0x0fee,0x092a,0x0fea,0x092e,0x092a,0x0fea,
    0x008e,0x050a,0x084a,0x005a,0x078a,0x0000,0x0000,0x0fee,0x028a,0x0fea,0x0aae,0x0aaa,
    0x0fea,0x008e,0x0fea,0x044a,0x03ca,0x0c3a,0x0000,0x0000,0x020e,0x0ffa,0x0a4a,0x0fce,
    0x0a2a,0x0f6a,0x024e,0x0fda,0x022a,0x006a,0x0f9a,0x0000,0x0000,0x0eae,0x0b1a,0x0a4a,
    0x0aae,0x0b1a,0x0a0a,0x0aee,0x0aaa,0x0eaa,0x02aa,0x02ea,0x0000,0x0000,0x014e,0x0f2a,
    0x092a,0x0d6e,0x092a,0x092a,0x0fee,0x010a,0x028a,0x044a,0x083a,0x0000,0x0000,0x07de,
    0x0452,0x07d2,0x045e,0x0fd2,0x0052,0x0ffe,0x0a92,0x0a52,0x0932,0x069a,0x0000,0x0000,
    0x008e,0x0fea,0x043a,0x07ee,0x042a,0x07ea,0x004e,0x0fea,0x045a,0x038a,0x0c7a,0x0000,
    0x0000,0x011e,0x0fd2,0x0852,0x0fde,0x0852,0x0fd2,0x021e,0x0ad2,0x0692,0x0a52,0x0b3a,
    0x0000,0x0000,0x0a0e,0x0ffa,0x020a,0x03ee,0x020a,0x07fa,0x050e,0x054a,0x094a,0x08aa,
    0x091a,0x0000,0x0000,0x054e,0x0fea,0x028a,0x0fee,0x044a,0x0fea,0x044e,0x0fca,0x080a,
    0x09ea,0x060a,0x0000,0x0000,0x0f9e,0x08aa,0x0f8a,0x089e,0x0faa,0x028a,0x0abe,0x04aa,
    0x09aa,0x005a,0x0f8a,0x0000,0x0000,0x011e,0x0ff2,0x0492,0x049e,0x0ff2,0x0912,0x0fde,
    0x0092,0x0f92,0x0852,0x065a,0x0000,0x0000,0x0088,0x0fbe,0x02c4,0x0abc,0x04a2,0x0ffe,
    0x0404,0x07fc,0x0404,0x07fc,0x0404,0x0000,0x0000,0x0fee,0x000a,0x07ca,0x044e,0x07ca,
    0x000a,0x0fee,0x0aaa,0x0c6a,0x0baa,0x092a,0x0000,0x0000,0x090e,0x0ffa,0x010a,0x0fee,
    0x092a,0x0fea,0x092e,0x040a,0x0ffa,0x044a,0x068a,0x0000,0x0000,0x0040,0x0ffe,0x0110,
    0x0ffe,0x0912,0x0bfa,0x0208,0x03f8,0x0208,0x03f8,0x0208,0x0000,0x0000,0x0fee,0x0a2a,
    0x0fea,0x0a2e,0x0aea,0x0eaa,0x0aee,0x0a2a,0x0dea,0x092a,0x0fea,0x0000,0x0000,0x0fee,
    0x028a,0x0fea,0x0aae,0x0fea,0x000a,0x0fee,0x000a,0x0fea,0x054a,0x09aa,0x0000,0x0000,
    0x07c0,0x0040,0x0ffc,0x0844,0x0ff4,0x0914,0x0ff4,0x0424,0x07e2,0x0422,0x0620,0x0000,
    0x0000,0x055e,0x0ff2,0x0812,0x0fde,0x0452,0x0452,0x07de,0x0112,0x07d2,0x0112,0x0ffa,
    0x0000,0x0000,0x049e,0x0ff2,0x0492,0x0fde,0x0852,0x0fd2,0x085e,0x0ff2,0x0112,0x0492,
    0x085a,0x0000,0x0000,0x010e,0x0ffa,0x054a,0x092e,0x029a,0x044a,0x092e,0x054a,0x030a,
    0x052a,0x099a,0x0000,0x0000,0x0ffe,0x0aaa,0x0cca,0x0aae,0x089a,0x038a,0x046e,0x0b0a,
    0x00ca,0x060a,0x01ea,0x0000,0x0000,0x084e,0x05fa,0x024a,0x01fe,0x080a,0x05ea,0x032e,
    0x01ea,0x08aa,0x04aa,0x03fa,0x0000,0x0000,0x0a0e,0x0ffa,0x020a,0x03ee,0x020a,0x07fa,
    0x052e,0x05ea,0x092a,0x09ea,0x0b1a,0x0000,0x0000,0x024e,0x0fea,0x010a,0x0fee,0x010a,
    0x0fea,0x024e,0x0ffa,0x044a,0x044a,0x07ca,0x0000,0x0000,0x0080,0x0ffc,0x04a4,0x0fd4,
    0x027c,0x0fd4,0x0254,0x0ff4,0x0812,0x0ff2,0x0810,0x0000,0x0000,0x07ce,0x022a,0x0ffa,
    0x052e,0x0cea,0x022a,0x0fee,0x002a,0x0fea,0x085a,0x0fca,0x0000,0x0000,0x07ce,0x082a,
    0x0fda,0x000e,0x0fea,0x0aaa,0x0fee,0x084a,0x0fca,0x084a,0x0fca,0x0000,0x0000,0x028e,
    0x0fea,0x0aaa,0x0fee,0x0aaa,0x0fea,0x002e,0x0fea,0x055a,0x024a,0x0cca,0x0000,0x0000,
    0x07be,0x04a2,0x0c7e,0x03aa,0x0c7e,0x07aa,0x0404,0x07fc,0x0404,0x07fc,0x0404,0x0000,
    0x0000,0x013c,0x0fe4,0x04bc,0x0fe6,0x0124,0x0ffc,0x0404,0x07fc,0x0404,0x07fc,0x0404,
    0x0000,0x0000,0x008e,0x0ffa,0x054a,0x052e,0x0fba,0x04ca,0x0fae,0x04ba,0x0fca,0x04aa,
    0x0f9a,0x0000,0x0000,0x010e,0x0fea,0x024a,0x0fee,0x082a,0x0fea,0x082e,0x0fea,0x014a,
    0x045a,0x0bca,0x0000,0x0000,0x07ce,0x082a,0x0fda,0x000e,0x0eea,0x0aaa,0x0aae,0x0eea,
    0x044a,0x0aaa,0x091a,0x0000,0x0000,0x07ce,0x044a,0x0fea,0x0aae,0x0aaa,0x0eea,0x010e,
    0x0ffa,0x018a,0x054a,0x093a,0x0000,0x0000,0x008e,0x0ffa,0x054a,0x05de,0x0b6a,0x042a,
    0x07ee,0x042a,0x07ea,0x042a,0x041a,0x0000,0x0000,0x010e,0x0ffa,0x080a,0x0fee,0x049a,
    0x07ea,0x043e,0x07ea,0x042a,0x07ea,0x0c1a,0x0000,0x0000,0x0fee,0x010a,0x0fea,0x092e,
    0x0daa,0x000a,0x0fee,0x008a,0x0fea,0x0aaa,0x0aaa,0x0000,0x0000,0x092e,0x049a,0x092a,
    0x0fee,0x092a,0x0aaa,0x0fee,0x052a,0x076a,0x092a,0x0b7a,0x0000,0x0000,0x078e,0x008a,
    0x0fea,0x092e,0x07aa,0x012a,0x0fee,0x055a,0x0fea,0x0aaa,0x0ffa,0x0000,0x0000,0x024e,
    0x0ffa,0x0a4a,0x0fee,0x02ba,0x0bea,0x0a2e,0x07ea,0x04ba,0x0bea,0x092a,0x0000,0x0000,
    0x04e4,0x0a0a,0x04e4,0x0f1e,0x04e4,0x04a4,0x0ffe,0x0912,0x0a4a,0x08a2,0x0d12,0x0000,
    0x0000,0x04ae,0x0fea,0x048a,0x0fee,0x054a,0x0fea,0x044e,0x07ca,0x044a,0x07ca,0x0c3a,
    0x0000,0x0000,0x0ffc,0x0084,0x0084,0x07fc,0x0404,0x0404,0x07fc,0x0084,0x0084,0x0084,
    0x0ffc,0x0000,0x0000,0x027e,0x0212,0x0212,0x023e,0x0222,0x0522,0x053e,0x0492,0x0892,
    0x087e,0x0840,0x0000,0x0000,0x0a00,0x0ffa,0x020a,0x03ee,0x0aa8,0x0bee,0x052a,0x05ea,
    0x04a8,0x0be4,0x0904,0x0000,0x0000,0x0040,0x0fde,0x002a,0x07aa,0x049e,0x0792,0x001e,
    0x0eea,0x0aaa,0x0abe,0x0ee0,0x0000,0x0000,0x0020,0x07fc,0x0404,0x0404,0x07fc,0x0404,
    0x0404,0x07fc,0x0404,0x0404,0x07fc,0x0000,0x0000,0x0020,0x07fc,0x0404,0x07fc,0x0404,
    0x07fc,0x0404,0x0ffe,0x0160,0x0258,0x0c46,0x0000,0x0000,0x0020,0x07fc,0x0404,0x07fc,
    0x0404,0x07fc,0x0840,0x0ffe,0x00a0,0x0318,0x0c06,0x0000,0x0000,0x0ffe,0x0020,0x0110,
    0x0208,0x07fc,0x0840,0x0040,0x03f8,0x0040,0x0040,0x0ffe,0x0000,0x0000,0x00be,0x0f88,
    0x0484,0x0442,0x047e,0x0508,0x0508,0x023e,0x0208,0x0588,0x087e,0x0000,0x0000,0x0040,
    0x0ffe,0x0040,0x07fc,0x0208,0x0ffe,0x0922,0x0210,0x07fc,0x0040,0x0ffe,0x0000,0x0000,
    0x011e,0x0fe8,0x0084,0x0ff2,0x025e,0x0fe4,0x0514,0x0ffe,0x0184,0x0564,0x091e,0x0000,
    0x0000,0x0060,0x0018,0x0f06,0x0802,0x0802,0x0802,0x0f1e,0x0802,0x0802,0x0802,0x0ffe,
    0x0000,0x0000,0x0058,0x0f46,0x0842,0x0f5e,0x0842,0x0842,0x0ffe,0x0040,0x00a0,0x0318,
    0x0c06,0x0000,0x0000,0x05fc,0x0420,0x0244,0x0208,0x0060,0x071c,0x0404,0x07bc,0x0404,
    0x0404,0x07fc,0x0000,0x0000,0x078c,0x0404,0x079c,0x0404,0x0404,0x07fc,0x0110,0x0ffe,
    0x0110,0x0108,0x0106,0x0000,0x0000,0x0040,0x0ffe,0x0020,0x07fc,0x0110,0x0fbe,0x0208,
    0x07bc,0x0a0a,0x0208,0x03f8,0x0000,0x0000,0x0f3c,0x0804,0x0f3c,0x0804,0x0ffc,0x0448,
    0x07f8,0x0448,0x0ffc,0x0820,0x071c,0x0000,0x0000,0x062c,0x05f4,0x065c,0x05f4,0x0444,
    0x07fc,0x0444,0x0ffe,0x0000,0x0208,0x0c06,0x0000,0x0000,0x0070,0x072c,0x0424,0x06ec,
    0x0484,0x06ac,0x04a4,0x0ffe,0x0000,0x0208,0x0c06,0x0000,0x0000,0x01f8,0x0714,0x05f4,
    0x071c,0x05d4,0x075c,0x0554,0x0ffe,0x0000,0x0208,0x0c06,0x0000,0x0000,0x06ec,0x0424,
    0x06ec,0x0484,0x0ffe,0x0448,0x0bf6,0x0040,0x0ffe,0x0040,0x0040,0x0000,0x0000,0x0110,
    0x0ffe,0x0088,0x07fc,0x008a,0x0088,0x0fbc,0x0404,0x07bc,0x0404,0x07fc,0x0000,0x0000,
    0x0780,0x007c,0x0040,0x0040,0x0ffe,0x0040,0x0040,0x03f8,0x0208,0x0208,0x03f8,0x0000,
    0x0000,0x00e0,0x0318,0x0c06,0x03f8,0x0040,0x0ffe,0x0040,0x03f8,0x0208,0x0208,0x03f8,
    0x0000,0x0000,0x0c30,0x03ce,0x0248,0x0248,0x027e,0x0fc8,0x0448,0x045e,0x0452,0x0b52,
    0x08fe,0x0000,0x0000,0x0f98,0x0824,0x0502,0x023e,0x0fc8,0x0a3e,0x0a08,0x063e,0x0222,
    0x0222,0x033e,0x0000,0x0000,0x0ff0,0x010e,0x0108,0x0fe8,0x029e,0x0448,0x08a8,0x009e,
    0x0ab2,0x0a92,0x00de,0x0000,0x0000,0x0404,0x043c,0x0fe4,0x04a4,0x04aa,0x04aa,0x04a8,
    0x0ff0,0x0410,0x0408,0x0406,0x0000,0x0000,0x07fc,0x0448,0x0248,0x0ffe,0x0802,0x023c,
    0x07a4,0x02bc,0x02a2,0x0fd0,0x020c,0x0000,0x0000,0x0004,0x0ffc,0x02aa,0x0ffe,0x02a8,
    0x0ffe,0x0208,0x0fbc,0x02aa,0x0fd0,0x020e,0x0000,0x0000,0x0020,0x07f8,0x0408,0x0448,
    0x0488,0x0408,0x0ffe,0x0408,0x0448,0x0484,0x0604,0x0000,0x0000,0x0204,0x021e,0x0212,
    0x0a56,0x0a52,0x0a7e,0x0a52,0x0a56,0x0a52,0x0a52,0x0fda,0x0000,0x0000,0x0fc4,0x005e,
    0x0052,0x07d6,0x0452,0x047e,0x0552,0x0556,0x0252,0x0512,0x08da,0x0000,0x0000,0x0104,
    0x0fde,0x0012,0x0016,0x0792,0x04be,0x0492,0x0496,0x0492,0x0452,0x0c5a,0x0000,0x0000,
    0x0104,0x0ffe,0x0112,0x0116,0x0f12,0x08be,0x0892,0x0856,0x0852,0x0412,0x031a,0x0000,
    0x0000,0x0784,0x049e,0x0492,0x0496,0x0c52,0x001e,0x0fd2,0x0896,0x0492,0x0312,0x0cda,
    0x0000,0x0000,0x0fc4,0x085e,0x0a52,0x0a56,0x0a52,0x0a5e,0x0a52,0x0a56,0x0112,0x0a92,
    0x0e7a,0x0000,0x0000,0x0384,0x045e,0x0832,0x0016,0x07d2,0x045e,0x0452,0x0656,0x0052,
    0x0852,0x0f9a,0x0000,0x0000,0x0104,0x011e,0x0fd2,0x0956,0x0952,0x097e,0x0fd2,0x0956,
    0x0952,0x0952,0x0fda,0x0000,0x0000,0x0108,0x0ffc,0x0824,0x08ac,0x00a4,0x0cbe,0x03a4,
    0x00ac,0x00a4,0x08a2,0x0fb2,0x0000,0x0000,0x0104,0x009e,0x0fd2,0x0856,0x0852,0x087e,
    0x0fd2,0x0856,0x0852,0x0852,0x0fda,0x0000,0x0000,0x0104,0x0fde,0x0212,0x0116,0x0892,
    0x045e,0x0292,0x0116,0x0892,0x0852,0x0fda,0x0000,0x0000,0x0fe4,0x081e,0x0812,0x09d6,
    0x0952,0x097e,0x0952,0x09d6,0x0812,0x0812,0x0e1a,0x0000,0x0000,0x0488,0x04bc,0x04a4,
    0x04ac,0x0c64,0x003e,0x0fa4,0x08ac,0x08a4,0x08a2,0x0fb2,0x0000,0x0000,0x0fc4,0x0a5e,
    0x0a52,0x0fd6,0x0a52,0x0a7e,0x0a52,0x0fd6,0x0212,0x0212,0x021a,0x0000,0x0000,0x0ee4,
    0x049e,0x0492,0x0456,0x0f52,0x04fe,0x0492,0x04b6,0x0f52,0x00d2,0x0f3a,0x0000,0x0000,
    0x07c4,0x041e,0x0212,0x0116,0x0ff2,0x011e,0x0112,0x0ff6,0x0a92,0x0a92,0x0ffa,0x0000,
    0x0000,0x0304,0x0ede,0x0a52,0x0ed6,0x0a52,0x0efe,0x0212,0x0fd6,0x0492,0x0312,0x0cfa,
    0x0000,0x0000,0x0784,0x085e,0x0ff2,0x0856,0x0fd2,0x085e,0x0fd2,0x0056,0x0fb2,0x0892,
    0x0f9a,0x0000,0x0000,0x0244,0x0ffe,0x0a92,0x0ff6,0x0a92,0x0ffe,0x0452,0x07d6,0x0452,
    0x0452,0x07da,0x0000,0x0000,0x0104,0x0ffe,0x0492,0x0496,0x0ff2,0x095e,0x0fd2,0x0956,
    0x0fd2,0x0112,0x0ffa,0x0000,0x0000,0x0244,0x0ffe,0x0112,0x0fd6,0x0112,0x0ffe,0x0052,
    0x0ff6,0x0a52,0x04f2,0x0b5a,0x0000,0x0000,0x03e4,0x02ae,0x0fea,0x012e,0x01ea,0x0ebe,
    0x008a,0x0fee,0x0aaa,0x0aaa,0x0ffa,0x0000,0x0000,0x0244,0x0ffe,0x0252,0x0ff6,0x0812,
    0x07de,0x0152,0x0b36,0x0692,0x0a72,0x019a,0x0000,0x0000,0x0784,0x009e,0x0ff2,0x0896,
    0x07d2,0x009e,0x0fd2,0x0556,0x0ff2,0x0a92,0x0ffa,0x0000,0x0000,0x07f8,0x0408,0x07f8,
    0x0408,0x0408,0x07f8,0x0088,0x0888,0x0508,0x0268,0x0c1e,0x0000,0x0000,0x0040,0x03f8,
    0x0208,0x03f8,0x0208,0x0208,0x03f8,0x0888,0x0508,0x0268,0x0c1e,0x0000,0x0000,0x0fc0,
    0x085e,0x0fd0,0x0850,0x0852,0x0fd4,0x0148,0x0948,0x0a54,0x0444,0x09c2,0x0000,0x0000,
    0x0f94,0x08fe,0x0f94,0x08be,0x08aa,0x0fbe,0x0288,0x0afe,0x0a88,0x0494,0x09a2,0x0000,
    0x0000,0x01f0,0x0108,0x0084,0x07fe,0x0444,0x0444,0x07fc,0x0004,0x0804,0x0804,0x0ff8,
    0x0000,0x0000,0x0788,0x045e,0x0208,0x0fc8,0x0a5e,0x0a48,0x0fc8,0x007e,0x0048,0x0848,
    0x0fc8,0x0000,0x0000,0x0110,0x0ffe,0x0110,0x0000,0x07fc,0x0200,0x0180,0x0060,0x0818,
    0x0804,0x07f8,0x0000,0x0000,0x0110,0x0ffe,0x0110,0x0000,0x0208,0x0110,0x00a0,0x0040,
    0x00a0,0x0318,0x0c06,0x0000,0x0000,0x0110,0x0ffe,0x0110,0x0000,0x07fc,0x0420,0x0420,
    0x0420,0x0320,0x0020,0x0020,0x0000,0x0000,0x0110,0x0ffe,0x0110,0x0000,0x01f8,0x0108,
    0x0108,0x0128,0x0944,0x0904,0x0f02,0x0000,0x0000,0x0110,0x0ffe,0x0110,0x0600,0x01fc,
    0x0040,0x0040,0x0ffe,0x0040,0x0040,0x0040,0x0000,0x0000,0x0110,0x0ffe,0x0110,0x0000,
    0x07fc,0x0040,0x0040,0x0ffe,0x0040,0x0040,0x0070,0x0000,0x0000,0x0110,0x0ffe,0x0110,
    0x0010,0x0ff8,0x0804,0x0802,0x0810,0x0820,0x0400,0x0380,0x0000,0x0000,0x0110,0x0ffe,
    0x0110,0x07fc,0x0400,0x07f8,0x0008,0x0ffc,0x0804,0x0800,0x0780,0x0000,0x0000,0x0110,
    0x0ffe,0x0110,0x0040,0x0040,0x0ffe,0x0008,0x0008,0x0008,0x0008,0x07f0,0x0000,0x0000,
    0x0110,0x0ffe,0x0110,0x0040,0x07fc,0x0040,0x0ffe,0x0040,0x00a0,0x0318,0x0c06,0x0000,
    0x0000,0x0110,0x0ffe,0x0110,0x07fc,0x0040,0x0040,0x0ffe,0x00a0,0x0090,0x0888,0x0f86,
    0x0000,0x0000,0x0110,0x0ffe,0x0110,0x0040,0x0040,0x07fc,0x0200,0x0104,0x00c4,0x003a,
    0x0fc2,0x0000,0x0000,0x0110,0x0ffe,0x0110,0x01f0,0x0910,0x0e0e,0x03f8,0x0210,0x0110,
    0x01e0,0x0e1e,0x0000,0x0000,0x0110,0x0ffe,0x0110,0x0004,0x0ffc,0x0842,0x0442,0x0040,
    0x00a0,0x0318,0x0c06,0x0000,0x0000,0x0110,0x0ffe,0x0110,0x0000,0x0ffe,0x0080,0x0140,
    0x0270,0x0c4e,0x0040,0x0040,0x0000,0x0000,0x0110,0x0ffe,0x0110,0x0000,0x00e0,0x0318,
    0x0d16,0x0110,0x0110,0x0108,0x0108,0x0000,0x0000,0x0110,0x0ffe,0x0110,0x07f8,0x0008,
    0x07f8,0x0408,0x07f8,0x0008,0x0004,0x0004,0x0000,0x0000,0x0110,0x0ffe,0x0110,0x00e0,
    0x0318,0x0df6,0x0000,0x03fc,0x0200,0x0100,0x00c0,0x0000,0x0000,0x0110,0x0ffe,0x0110,
    0x0000,0x03f8,0x0000,0x0ffe,0x0090,0x0090,0x0888,0x0f86,0x0000,0x0000,0x0110,0x0ffe,
    0x0110,0x0000,0x01d0,0x0208,0x0404,0x0bfa,0x0220,0x0210,0x018c,0x0000,0x0000,0x0110,
    0x0ffe,0x0110,0x07fc,0x0444,0x0444,0x07fc,0x0004,0x0004,0x0804,0x0ff8,0x0000,0x0000,
    0x0110,0x0ffe,0x0110,0x0060,0x0040,0x07fc,0x0444,0x04a4,0x0514,0x0404,0x0604,0x0000,
    0x0000,0x0110,0x0ffe,0x0110,0x0000,0x0040,0x0080,0x0410,0x0814,0x0012,0x0210,0x03e0,
    0x0000,0x0000,0x0110,0x0ffe,0x0110,0x0040,0x0ffe,0x0040,0x03f8,0x0210,0x0110,0x00e0,
    0x0f1e,0x0000,0x0000,0x0110,0x0ffe,0x0110,0x0000,0x0090,0x0c88,0x038c,0x008a,0x0088,
    0x0888,0x0f88,0x0000,0x0000,0x0110,0x0ffe,0x0150,0x0040,0x0ffe,0x0010,0x07f0,0x0410,
    0x0408,0x0208,0x0180,0x0000,0x0000,0x0110,0x0ffe,0x0110,0x0040,0x0040,0x0048,0x07c8,
    0x0048,0x0048,0x0048,0x0ffe,0x0000,0x0000,0x0110,0x0ffe,0x0110,0x0000,0x07fc,0x0000,
    0x0ffe,0x0210,0x0208,0x0584,0x047c,0x0000,0x0000,0x0110,0x0ffe,0x0110,0x0780,0x007c,
    0x0004,0x0ffc,0x0104,0x0102,0x0102,0x0100,0x0000,0x0000,0x0004,0x0ffc,0x0822,0x092a,
    0x09f8,0x0814,0x0ffc,0x0822,0x092a,0x09f8,0x0610,0x0000,0x0000,0x0110,0x0ffe,0x0110,
    0x07fc,0x0110,0x0110,0x0ffe,0x0140,0x0130,0x010e,0x01c0,0x0000,0x0000,0x0110,0x0ffe,
    0x0110,0x0040,0x0ffe,0x0040,0x07fc,0x0444,0x0444,0x0644,0x0040,0x0000,0x0000,0x0110,
    0x0ffe,0x0110,0x0040,0x07fc,0x0040,0x07fc,0x0040,0x0ffe,0x0840,0x0c40,0x0000,0x0000,
    0x0110,0x0ffe,0x0110,0x01f0,0x0208,0x05fc,0x090a,0x0108,0x0188,0x0408,0x07f0,0x0000,
    0x0000,0x0110,0x0ffe,0x0110,0x0040,0x03fc,0x0240,0x0628,0x0a26,0x0a10,0x0208,0x0186,
    0x0000,0x0000,0x0110,0x0ffe,0x0110,0x0004,0x07bc,0x04a4,0x04ac,0x06b2,0x00a0,0x0898,
    0x0f06,0x0000,0x0000,0x0110,0x0ffe,0x0110,0x0040,0x07fc,0x0444,0x07fc,0x0444,0x0ffe,
    0x0404,0x0604,0x0000,0x0000,0x0110,0x0ffe,0x0110,0x00e0,0x0318,0x0df6,0x0000,0x07fc,
    0x0420,0x0420,0x0320,0x0000,0x0000,0x0110,0x0ffe,0x0020,0x0110,0x0208,0x07fc,0x0800,
    0x03f8,0x0208,0x0208,0x03f8,0x0000,0x0000,0x0110,0x0ffe,0x0110,0x0110,0x07fc,0x0444,
    0x0444,0x07fc,0x0444,0x0444,0x07fc,0x0000,0x0000,0x0110,0x0ffe,0x0110,0x0000,0x0ffe,
    0x0400,0x047c,0x0444,0x0444,0x047c,0x0700,0x0000,0x0000,0x0110,0x0ffe,0x0110,0x07fc,
    0x0404,0x07fc,0x0404,0x07fc,0x0404,0x0404,0x07fc,0x0000,0x0000,0x0110,0x0ffe,0x0110,
    0x0010,0x0ff8,0x088c,0x088a,0x06f8,0x0008,0x0808,0x0ff8,0x0000,0x0000,0x0110,0x0ffe,
    0x0110,0x0010,0x0ff8,0x0804,0x087a,0x0848,0x0848,0x0478,0x0300,0x0000,0x0000,0x0110,
    0x0ffe,0x0110,0x0000,0x0448,0x0488,0x0208,0x0208,0x0538,0x0886,0x0860,0x0000,0x0000,
    0x0110,0x0ffe,0x0110,0x0ffc,0x0004,0x07fc,0x0404,0x07fc,0x0004,0x0004,0x0ffc,0x0000,
    0x0000,0x0110,0x0ffe,0x0110,0x0020,0x0ffe,0x0020,0x0010,0x07f8,0x0416,0x0410,0x07f0,
    0x0000,0x0000,0x0110,0x0ffe,0x0110,0x0040,0x0ffe,0x0040,0x0040,0x07fc,0x0404,0x0404,
    0x07fc,0x0000,0x0000,0x0110,0x0ffe,0x0110,0x0040,0x0ffe,0x0802,0x0000,0x07fc,0x0040,
    0x0040,0x0070,0x0000,0x0000,0x0110,0x0ffe,0x0110,0x0040,0x07c0,0x0040,0x0040,0x07fc,
    0x0404,0x0404,0x07fc,0x0000,0x0000,0x0110,0x0ffe,0x0110,0x0040,0x0ffe,0x0160,0x0250,
    0x0448,0x0bf6,0x0040,0x0040,0x0000,0x0000,0x0110,0x0ffe,0x0110,0x0040,0x03f8,0x0248,
    0x0248,0x0ffe,0x00a0,0x0318,0x0c06,0x0000,0x0000,0x0110,0x0ffe,0x0210,0x0128,0x00c6,
    0x0320,0x0c58,0x0086,0x0000,0x0380,0x0070,0x0000,0x0000,0x0110,0x0ffe,0x0110,0x0000,
    0x03f8,0x0208,0x03f8,0x0208,0x03f8,0x0208,0x0ffe,0x0000,0x0000,0x0110,0x0ffe,0x0110,
    0x0208,0x0ffe,0x0208,0x0208,0x03f8,0x0208,0x0208,0x03f8,0x0000,0x0000,0x0110,0x0ffe,
    0x0110,0x0000,0x07fc,0x0444,0x0248,0x0040,0x0ffe,0x0040,0x0040,0x0000,0x0000,0x0110,
    0x0ffe,0x0110,0x03f8,0x0228,0x0248,0x0ffe,0x0224,0x0244,0x0ffc,0x0100,0x0000,0x0000,
    0x0110,0x0ffe,0x0110,0x0410,0x0408,0x0ff4,0x0406,0x0424,0x0444,0x0404,0x0604,0x0000,
    0x0000,0x0110,0x0ffe,0x0110,0x0040,0x0444,0x0444,0x07fc,0x0040,0x0842,0x0842,0x0ffe,
    0x0000,0x0000,0x0110,0x0ffe,0x0150,0x0440,0x0ffc,0x0084,0x0484,0x0304,0x0104,0x02c2,
    0x0c32,0x0000,0x0000,0x0110,0x0ffe,0x0110,0x0004,0x07e8,0x0422,0x0424,0x0720,0x0028,
    0x0824,0x0fe2,0x0000,0x0000,0x0110,0x0ffe,0x0110,0x0008,0x0f08,0x097e,0x0948,0x0948,
    0x0944,0x0922,0x0f18,0x0000,0x0000,0x0110,0x0ffe,0x0110,0x03f8,0x0120,0x0ffe,0x08c0,
    0x04a0,0x0098,0x0086,0x00e0,0x0000,0x0000,0x0110,0x0ffe,0x0110,0x0060,0x0f1c,0x0944,
    0x0944,0x0944,0x097e,0x0d20,0x0118,0x0000,0x0000,0x0110,0x0ffe,0x0110,0x0040,0x0ffe,
    0x0040,0x07fc,0x0160,0x0258,0x0c46,0x0040,0x0000,0x0000,0x0110,0x0ffe,0x0110,0x07fc,
    0x0210,0x01f0,0x0e4e,0x0040,0x03f8,0x0040,0x0ffe,0x0000,0x0000,0x0110,0x0ffe,0x0110,
    0x07e0,0x0410,0x022c,0x0140,0x0ff0,0x0818,0x0816,0x0ff0,0x0000,0x0000,0x0110,0x0ffe,
    0x0110,0x07fc,0x0404,0x07fc,0x0404,0x07fc,0x0244,0x0184,0x0e1e,0x0000,0x0000,0x0110,
    0x0ffe,0x0110,0x0ffe,0x0090,0x07fc,0x04a4,0x0494,0x070c,0x0404,0x07fc,0x0000,0x0000,
    0x0110,0x0ffe,0x0110,0x0040,0x07fc,0x0444,0x0444,0x07fc,0x0440,0x0bc0,0x083e,0x0000,
    0x0000,0x0110,0x0ffe,0x0110,0x0040,0x0fc4,0x0928,0x0510,0x0100,0x0288,0x0444,0x0832,
    0x0000,0x0000,0x0110,0x0ffe,0x0110,0x0104,0x0fe8,0x0022,0x0024,0x0020,0x0028,0x0024,
    0x0fc2,0x0000,0x0000,0x0110,0x0ffe,0x0110,0x0020,0x0ffe,0x0010,0x0108,0x0fee,0x0108,
    0x0108,0x0fe8,0x0000,0x0000,0x0110,0x0ffe,0x0110,0x0040,0x0ffe,0x0110,0x0318,0x0ca6,
    0x0040,0x01b0,0x0e0e,0x0000,0x0000,0x0110,0x0ffe,0x0110,0x0910,0x0908,0x0ff4,0x0106,
    0x0104,0x0284,0x0444,0x0834,0x0000,0x0000,0x0110,0x0ffe,0x0110,0x0048,0x07f8,0x0044,
    0x0042,0x0ffe,0x0160,0x0258,0x0c46,0x0000,0x0000,0x0110,0x0ffe,0x0110,0x0208,0x0104,
    0x08a2,0x0514,0x0208,0x0924,0x08a2,0x0fbe,0x0000,0x0000,0x0110,0x0ffe,0x0110,0x0ffe,
    0x0802,0x09f2,0x0912,0x0912,0x09f2,0x0802,0x0ffe,0x0000,0x0000,0x0110,0x0ffe,0x0110,
    0x0ffe,0x0842,0x0bfa,0x0842,0x08a2,0x0b1a,0x0802,0x0ffe,0x0000,0x0000,0x0110,0x0ffe,
    0x0110,0x0000,0x00e0,0x0318,0x0c46,0x03f8,0x0040,0x0248,0x0444,0x0000,0x0000,0x0110,
    0x0ffe,0x0110,0x07fc,0x0208,0x03f8,0x0208,0x03f8,0x0e08,0x03fe,0x0200,0x0000,0x0000,
    0x0110,0x0ffe,0x0108,0x0008,0x0f7e,0x0948,0x0948,0x0944,0x092c,0x0930,0x0f4e,0x0000,
    0x0000,0x0110,0x0ffe,0x0110,0x0040,0x0ffe,0x0010,0x0208,0x07fc,0x0090,0x0888,0x0f86,
    0x0000,0x0000,0x0110,0x0ffe,0x0110,0x07fc,0x0404,0x05f4,0x0404,0x05f4,0x0514,0x05f4,
    0x0604,0x0000,0x0000,0x0110,0x0ffe,0x0110,0x0010,0x0ff8,0x0804,0x087a,0x0848,0x0878,
    0x0448,0x0378,0x0000,0x0000,0x0110,0x0ffe,0x0110,0x00f8,0x0110,0x0208,0x05f4,0x0842,
    0x03f8,0x0040,0x07fc,0x0000,0x0000,0x0848,0x0afe,0x0a48,0x0a00,0x0afe,0x0a48,0x0a48,
    0x0afe,0x0848,0x0844,0x0c44,0x0000,0x0000,0x0110,0x0ffe,0x0110,0x03f8,0x0208,0x03f8,
    0x0208,0x03f8,0x0040,0x0ffe,0x0040,0x0000,0x0000,0x0110,0x0ffe,0x0110,0x0000,0x097e,
    0x0928,0x0928,0x097e,0x0928,0x0824,0x0c24,0x0000,0x0000,0x0110,0x0ffe,0x0110,0x0008,
    0x0fe8,0x0104,0x0106,0x0ff4,0x0104,0x0104,0x0fe4,0x0000,0x0000,0x0110,0x0ffe,0x0110,
    0x0ffe,0x0010,0x07c8,0x020c,0x010a,0x0fe8,0x0108,0x0188,0x0000,0x0000,0x0110,0x0ffe,
    0x0110,0x0040,0x07fc,0x0010,0x03f0,0x0000,0x0248,0x0248,0x0e46,0x0000,0x0000,0x0110,
    0x0ffe,0x0040,0x03f8,0x0220,0x0190,0x0208,0x0fbe,0x0a28,0x0924,0x0cb2,0x0000,0x0000,
    0x0110,0x0ffe,0x0110,0x0220,0x07fc,0x00a0,0x0ffe,0x0028,0x03e6,0x0820,0x0fe0,0x0000,
    0x0000,0x0110,0x0ffe,0x0110,0x0040,0x0ffe,0x0248,0x0150,0x0ffe,0x00a0,0x0318,0x0c06,
    0x0000,0x0000,0x0110,0x0ffe,0x0110,0x07fc,0x0040,0x0ffe,0x0110,0x0318,0x0d16,0x0108,
    0x0108,0x0000,0x0000,0x0110,0x0ffe,0x0150,0x0ffe,0x0110,0x00e0,0x0318,0x0d16,0x0110,
    0x0108,0x0108,0x0000,0x0000,0x0110,0x0ffe,0x0110,0x07e4,0x0208,0x0102,0x0fe4,0x0a80,
    0x0a48,0x0924,0x0682,0x0000,0x0000,0x0110,0x0ffe,0x0110,0x0000,0x0ffe,0x0842,0x0bfa,
    0x0160,0x0258,0x0c46,0x0040,0x0000,0x0000,0x0110,0x0ffe,0x0110,0x0ffe,0x0812,0x07fc,
    0x0048,0x03f8,0x0040,0x0ffe,0x0040,0x0000,0x0000,0x0110,0x0ffe,0x0110,0x0000,0x0ffe,
    0x0842,0x0448,0x0244,0x00a0,0x0318,0x0c06,0x0000,0x0000,0x0110,0x0ffe,0x0110,0x0fde,
    0x0852,0x0fca,0x084a,0x0fd2,0x0852,0x084e,0x0c22,0x0000,0x0000,0x0110,0x0ffe,0x0148,
    0x0044,0x0fde,0x0848,0x0804,0x08be,0x0900,0x0830,0x060e,0x0000,0x0000,0x0110,0x0ffe,
    0x0110,0x0000,0x07fc,0x0208,0x0208,0x03f8,0x0110,0x0110,0x0ffe,0x0000,0x0000,0x0110,
    0x0ffe,0x0110,0x0008,0x0ffc,0x0406,0x04e4,0x04a4,0x04a4,0x04e4,0x0604,0x0000,0x0000,
    0x0110,0x0ffe,0x0150,0x0ffe,0x0040,0x0ffe,0x0882,0x0040,0x0ffe,0x0040,0x0060,0x0000,
    0x0000,0x0110,0x0ffe,0x0010,0x0114,0x0108,0x094c,0x0552,0x0118,0x0314,0x0492,0x086c,
    0x0000,0x0000,0x0110,0x0ffe,0x0110,0x00e0,0x0318,0x0df6,0x0040,0x07fc,0x0040,0x0444,
    0x0862,0x0000,0x0000,0x0110,0x0ffe,0x0110,0x07fc,0x0448,0x0290,0x0ffe,0x0210,0x0118,
    0x01e0,0x061c,0x0000,0x0000,0x0110,0x0ffe,0x0110,0x0110,0x0ff8,0x0444,0x0446,0x0444,
    0x0244,0x0204,0x0ff4,0x0000,0x0000,0x0110,0x0ffe,0x0440,0x0ffe,0x0040,0x07fc,0x0444,
    0x07fc,0x0444,0x07fc,0x0444,0x0000,0x0000,0x0110,0x0ffe,0x0110,0x0860,0x091c,0x0910,
    0x097e,0x0918,0x0934,0x0852,0x0c10,0x0000,0x0000,0x0110,0x0ffe,0x0210,0x0212,0x021e,
    0x0fd0,0x021e,0x0214,0x0214,0x0212,0x0fd2,0x0000,0x0000,0x0110,0x0ffe,0x0110,0x0104,
    0x0548,0x0922,0x0104,0x0180,0x0808,0x0604,0x01e2,0x0000,0x0000,0x0110,0x0ffe,0x0110,
    0x0000,0x03f8,0x0208,0x03f8,0x0020,0x07fc,0x0404,0x07fc,0x0000,0x0000,0x0110,0x0ffe,
    0x0108,0x0ffc,0x022a,0x0248,0x0ffe,0x0224,0x0244,0x0ffc,0x0100,0x0000,0x0000,0x0110,
    0x0ffe,0x0110,0x0ffe,0x0444,0x0222,0x0444,0x0888,0x07fc,0x0040,0x0ffe,0x0000,0x0000,
    0x0110,0x0ffe,0x0150,0x07fc,0x0110,0x0110,0x0ffe,0x0040,0x07fc,0x0040,0x0040,0x0000,
    0x0000,0x0110,0x0ffe,0x0110,0x0ffe,0x0802,0x03f8,0x0000,0x07fc,0x00a0,0x0898,0x0f86,
    0x0000,0x0000,0x0110,0x0ffe,0x0110,0x07fc,0x0040,0x0ffe,0x0448,0x09f4,0x0722,0x0410,
    0x030c,0x0000,0x0000,0x0110,0x0ffe,0x0110,0x0040,0x0ffe,0x0248,0x0248,0x0554,0x00a0,
    0x0318,0x0c06,0x0000,0x0000,0x0110,0x0ffe,0x0110,0x03f8,0x0208,0x03f8,0x0208,0x0208,
    0x03f8,0x0890,0x0f8e,0x0000,0x0000,0x0110,0x0ffe,0x0110,0x03f8,0x0208,0x03f8,0x0208,
    0x0bf8,0x0488,0x0308,0x0c3e,0x0000,0x0000,0x0110,0x0ffe,0x0110,0x07fc,0x0448,0x0290,
    0x03fc,0x0100,0x0ffe,0x0040,0x0070,0x0000,0x0000,0x0110,0x0ffe,0x0210,0x0a3e,0x0f88,
    0x027e,0x0a08,0x0468,0x041e,0x0b08,0x08cc,0x0000,0x0000,0x0110,0x0ffe,0x0110,0x03f8,
    0x0208,0x03f8,0x0208,0x0ffe,0x00a0,0x0318,0x0c06,0x0000,0x0000,0x0110,0x0ffe,0x0110,
    0x0040,0x07fc,0x0248,0x0150,0x0ffe,0x0160,0x0258,0x0c46,0x0000,0x0000,0x0110,0x0ffe,
    0x0110,0x0fe4,0x0048,0x0120,0x0fee,0x0108,0x0fe8,0x0114,0x0fe2,0x0000,0x0000,0x0110,
    0x0ffe,0x0110,0x050a,0x0904,0x0fea,0x0108,0x010c,0x028a,0x0448,0x0836,0x0000,0x0000,
    0x0110,0x0ffe,0x0110,0x0000,0x0ffe,0x0802,0x0bfa,0x0040,0x03f8,0x0440,0x0ffe,0x0000,
    0x0000,0x0110,0x0ffe,0x0110,0x0ffe,0x0822,0x0bfa,0x0248,0x0ff8,0x0800,0x08fe,0x0600,
    0x0000,0x0000,0x0110,0x0ffe,0x0110,0x0020,0x0ffe,0x0208,0x0524,0x0922,0x07fc,0x0110,
    0x010c,0x0000,0x0000,0x0110,0x0ffe,0x0110,0x087e,0x0910,0x097e,0x0952,0x0912,0x0938,
    0x0854,0x0c12,0x0000,0x0000,0x0110,0x0ffe,0x0040,0x03f8,0x0040,0x0ffe,0x0208,0x03f8,
    0x0208,0x03f8,0x0208,0x0000,0x0000,0x0110,0x0ffe,0x0150,0x0040,0x0ffe,0x0912,0x09f2,
    0x0010,0x03f0,0x0210,0x03f0,0x0000,0x0000,0x0110,0x0ffe,0x0110,0x0204,0x0fde,0x0214,
    0x0214,0x0fd2,0x084e,0x0858,0x0fc4,0x0000,0x0000,0x0110,0x0ffe,0x0110,0x0ff8,0x0924,
    0x08aa,0x0820,0x0bfc,0x08b0,0x0928,0x0624,0x0000,0x0000,0x0110,0x0ffe,0x0110,0x0ffe,
    0x0842,0x0bfa,0x0842,0x0962,0x0a5a,0x0842,0x0ffe,0x0000,0x0000,0x0110,0x0ffe,0x0110,
    0x0fe4,0x0408,0x04e2,0x04a4,0x04a0,0x04e8,0x0404,0x0702,0x0000,0x0000,0x0110,0x0ffe,
    0x0110,0x0fde,0x0852,0x005e,0x0fd2,0x095e,0x0552,0x0252,0x0dda,0x0000,0x0000,0x0110,
    0x0ffe,0x0208,0x03f8,0x0208,0x0208,0x07fc,0x0404,0x07fc,0x0404,0x07fc,0x0000,0x0000,
    0x0110,0x0ffe,0x0110,0x0708,0x0448,0x045e,0x0928,0x0928,0x008c,0x084a,0x0fc8,0x0000,
    0x0000,0x0110,0x0ffe,0x0110,0x07fc,0x0424,0x0248,0x0100,0x0ffe,0x0160,0x0258,0x0c46,
    0x0000,0x0000,0x0110,0x0ffe,0x0110,0x03f8,0x0104,0x07fe,0x0444,0x07fc,0x02a0,0x0898,
    0x0f06,0x0000,0x0000,0x0110,0x0ffe,0x0110,0x0fe4,0x0928,0x0122,0x07e4,0x0420,0x0490,
    0x0314,0x0cc2,0x0000,0x0000,0x0110,0x0ffe,0x0040,0x07fc,0x0110,0x0110,0x0ffe,0x0000,
    0x03f8,0x0208,0x03f8,0x0000,0x0000,0x0110,0x0ffe,0x0110,0x07fc,0x0248,0x0ffe,0x0248,
    0x07fc,0x0040,0x0ffe,0x0040,0x0000,0x0000,0x0110,0x0ffe,0x0110,0x0fee,0x04a8,0x04a8,
    0x04a4,0x04ae,0x0aa4,0x0bd4,0x0816,0x0000,0x0000,0x0110,0x0ffe,0x0150,0x07fc,0x0040,
    0x0ffe,0x0110,0x0ff8,0x0116,0x00e0,0x071c,0x0000,0x0000,0x0110,0x0ffe,0x0110,0x00a0,
    0x0fbe,0x00a0,0x07bc,0x00a0,0x0fbe,0x0090,0x008c,0x0000,0x0000,0x0110,0x0ffe,0x0110,
    0x0308,0x04be,0x0804,0x01bc,0x0624,0x0022,0x01a2,0x0618,0x0000,0x0000,0x0110,0x0ffe,
    0x0110,0x0008,0x0fb8,0x0808,0x097e,0x0508,0x052a,0x032a,0x0ccc,0x0000,0x0000,0x0110,
    0x0ffe,0x0110,0x0040,0x0ffe,0x0208,0x0554,0x0842,0x0ffe,0x0040,0x0040,0x0000,0x0000,
    0x0110,0x0ffe,0x0108,0x0ffc,0x080a,0x09f8,0x0824,0x0bfe,0x0820,0x0924,0x07fc,0x0000,
    0x0000,0x0110,0x0ffe,0x0110,0x0040,0x0ffe,0x0248,0x0554,0x08e2,0x0150,0x0248,0x0c46,
    0x0000,0x0000,0x0110,0x0ffe,0x0240,0x0ffc,0x0240,0x03f8,0x0020,0x0ffe,0x0210,0x01f0,
    0x060c,0x0000,0x0000,0x0110,0x0ffe,0x0110,0x0fbe,0x08a2,0x0fbe,0x08a2,0x0fa2,0x08be,
    0x0840,0x0e30,0x0000,0x0000,0x0110,0x0ffe,0x0010,0x0fe4,0x0108,0x0922,0x0544,0x0100,
    0x0ff0,0x0104,0x0102,0x0000,0x0000,0x0110,0x0ffe,0x0040,0x0ffe,0x0150,0x064c,0x0020,
    0x0ffe,0x0210,0x01f0,0x060c,0x0000,0x0000,0x0110,0x0ffe,0x0110,0x0040,0x07fc,0x0210,
    0x0dee,0x0000,0x07fc,0x0248,0x0c66,0x0000,0x0000,0x0110,0x0ffe,0x0110,0x07fc,0x04a4,
    0x07fc,0x0020,0x07f8,0x0226,0x01c0,0x003e,0x0000,0x0000,0x0110,0x0ffe,0x0110,0x07fc,
    0x0404,0x01f0,0x0040,0x07c8,0x0048,0x0078,0x0f86,0x0000,0x0000,0x0110,0x0ffe,0x0110,
    0x0000,0x0ffe,0x0842,0x03f8,0x0248,0x03f8,0x0840,0x0ffe,0x0000,0x0000,0x0110,0x0ffe,
    0x0110,0x0000,0x0ffe,0x0912,0x09f2,0x0000,0x03f8,0x0208,0x03f8,0x0000,0x0000,0x0110,
    0x0ffe,0x0240,0x0ffe,0x0240,0x03f8,0x0842,0x0952,0x0952,0x0a4a,0x0a4a,0x0000,0x0000,
    0x0110,0x0ffe,0x0110,0x0fde,0x0492,0x048a,0x0fca,0x0052,0x0052,0x002e,0x0022,0x0000,
    0x0000,0x0110,0x0ffe,0x0110,0x0230,0x020e,0x0a88,0x06be,0x0208,0x021c,0x052a,0x08c8,
    0x0000,0x0000,0x0110,0x0ffe,0x0110,0x03f8,0x0248,0x03f8,0x0248,0x0ffe,0x0a42,0x0bfa,
    0x0c02,0x0000,0x0000,0x0110,0x0ffe,0x0110,0x0040,0x0ffe,0x0802,0x0bfa,0x0110,0x01f0,
    0x0110,0x0ffe,0x0000,0x0000,0x0110,0x0ffe,0x0110,0x0f4e,0x0842,0x0f5e,0x0842,0x0ffe,
    0x00a0,0x0318,0x0c06,0x0000,0x0000,0x0110,0x0ffe,0x04a4,0x04a4,0x07fc,0x0000,0x0ffe,
    0x0010,0x07f8,0x0408,0x0300,0x0000,0x0000,0x0110,0x0ffe,0x0110,0x07c4,0x0428,0x0242,
    0x03c4,0x0c20,0x07f0,0x0424,0x07e2,0x0000,0x0000,0x0110,0x0ffe,0x0110,0x0fe8,0x0824,
    0x0fe6,0x0104,0x0ff4,0x0184,0x0544,0x0934,0x0000,0x0000,0x0110,0x0ffe,0x0248,0x07fc,
    0x0248,0x03c8,0x0008,0x0ffe,0x0160,0x0258,0x0c46,0x0000,0x0000,0x0110,0x0ffe,0x0110,
    0x0fe4,0x0902,0x0fe8,0x0904,0x0fe6,0x0104,0x0fe4,0x0104,0x0000,0x0000,0x0110,0x0ffe,
    0x0110,0x0ffe,0x08a2,0x0398,0x0840,0x0ffe,0x00a0,0x0318,0x0c06,0x0000,0x0000,0x0110,
    0x0ffe,0x0150,0x0840,0x07fc,0x0240,0x0ffe,0x0410,0x07f8,0x0416,0x07f0,0x0000,0x0000,
    0x0110,0x0ffe,0x0110,0x0ffe,0x0208,0x03f8,0x0208,0x0ffe,0x0124,0x0214,0x0ff8,0x0000,
    0x0000,0x0110,0x0ffe,0x0208,0x03f8,0x0208,0x03f8,0x0010,0x0ff8,0x084e,0x08a8,0x06f8,
    0x0000,0x0000,0x0110,0x0ffe,0x0114,0x0ffc,0x08a2,0x0bfe,0x0924,0x09fc,0x0924,0x09fc,
    0x0724,0x0000,0x0000,0x0110,0x0ffe,0x0040,0x07fc,0x0248,0x03f8,0x0248,0x0248,0x07fc,
    0x0040,0x0ffe,0x0000,0x0000,0x0110,0x0ffe,0x0040,0x03f8,0x0220,0x0ffe,0x0110,0x07f8,
    0x0048,0x0ffe,0x0040,0x0000,0x0000,0x0110,0x0ffe,0x0114,0x0fc4,0x0a5e,0x0a52,0x0a52,
    0x0fde,0x0052,0x0852,0x0fde,0x0000,0x0000,0x0110,0x0ffe,0x0108,0x0f88,0x08be,0x0f88,
    0x0888,0x0fbe,0x08a2,0x08a2,0x0c7e,0x0000,0x0000,0x0110,0x0ffe,0x0110,0x0ffe,0x02a4,
    0x0898,0x0f86,0x0110,0x0ffe,0x0110,0x010c,0x0000,0x0000,0x0110,0x0ffe,0x0110,0x0fbe,
    0x0822,0x0fbe,0x0002,0x0fbe,0x0882,0x073e,0x08c2,0x0000,0x0000,0x0110,0x0ffe,0x0110,
    0x07f8,0x0524,0x0552,0x0488,0x0240,0x0490,0x0814,0x03e2,0x0000,0x0000,0x0110,0x0ffe,
    0x0110,0x0ffc,0x0204,0x0afc,0x0a24,0x05fc,0x0494,0x0a62,0x099a,0x0000,0x0000,0x0110,
    0x0ffe,0x0110,0x097e,0x04a4,0x0318,0x0df6,0x0040,0x07fc,0x0110,0x0e0e,0x0000,0x0000,
    0x0110,0x0ffe,0x0110,0x07fc,0x0208,0x0ffe,0x0802,0x03f8,0x0040,0x0040,0x0070,0x0000,
    0x0000,0x0110,0x0ffe,0x0110,0x0ffe,0x0842,0x07fc,0x0248,0x03f8,0x0248,0x0ffe,0x0040,
    0x0000,0x0000,0x0110,0x0ffe,0x0208,0x03f8,0x0000,0x0ffe,0x0208,0x03f8,0x0208,0x0ff8,
    0x0206,0x0000,0x0000,0x0110,0x0ffe,0x0040,0x07fc,0x0110,0x0ffe,0x0842,0x0bfa,0x0248,
    0x0248,0x0348,0x0000,0x0000,0x0110,0x0ffe,0x0110,0x0ffe,0x0802,0x0fde,0x0400,0x04be,
    0x0514,0x0812,0x0ff2,0x0000,0x0000,0x0110,0x0ffe,0x0110,0x0fe8,0x088a,0x052c,0x0448,
    0x0fe8,0x040c,0x044a,0x0688,0x0000,0x0000,0x0110,0x0ffe,0x0110,0x07fc,0x0444,0x07fc,
    0x0444,0x07fc,0x02a0,0x0898,0x0f86,0x0000,0x0000,0x0110,0x0ffe,0x0110,0x0fde,0x0112,
    0x0ff2,0x041e,0x0ff2,0x0452,0x049e,0x0600,0x0000,0x0000,0x0110,0x0ffe,0x0110,0x0ffe,
    0x0802,0x07fc,0x0890,0x04cc,0x03b0,0x0c8e,0x0060,0x0000,0x0000,0x0110,0x0ffe,0x0110,
    0x0000,0x0fbe,0x0000,0x0ffe,0x0210,0x0694,0x0a52,0x0318,0x0000,0x0000,0x0110,0x0ffe,
    0x0110,0x0244,0x0fc8,0x0022,0x04b4,0x04a0,0x04a0,0x0224,0x0fa2,0x0000,0x0000,0x0110,
    0x0ffe,0x0108,0x0108,0x0fbe,0x0850,0x0b94,0x0a94,0x0b94,0x0810,0x063e,0x0000,0x0000,
    0x0110,0x0ffe,0x0040,0x07fc,0x0110,0x0110,0x0ffe,0x0822,0x07e0,0x0410,0x030c,0x0000,
    0x0000,0x0110,0x0ffe,0x0110,0x0fe8,0x0108,0x0ff4,0x0426,0x07e4,0x0424,0x07e4,0x0424,
    0x0000,0x0000,0x0848,0x0afe,0x0a48,0x0a00,0x0aee,0x0aaa,0x0aee,0x0aaa,0x08ee,0x08aa,
    0x0caa,0x0000,0x0000,0x0110,0x0ffe,0x0910,0x0fe4,0x0108,0x0fe2,0x0924,0x0fe0,0x0928,
    0x0fe4,0x0922,0x0000,0x0000,0x0110,0x0ffe,0x0110,0x0f94,0x08be,0x0f88,0x08aa,0x0faa,
    0x08be,0x0888,0x0c86,0x0000,0x0000,0x0110,0x0ffe,0x0110,0x01f0,0x0e8e,0x0248,0x0444,
    0x0bfa,0x0000,0x0494,0x0922,0x0000,0x0000,0x0110,0x0ffe,0x0110,0x0090,0x0ffe,0x0290,
    0x0ffe,0x0290,0x03f8,0x0494,0x0892,0x0000,0x0000,0x0110,0x0ffe,0x0110,0x0fbe,0x0820,
    0x0fbe,0x0082,0x0fbe,0x0aaa,0x0924,0x069a,0x0000,0x0000,0x0110,0x0ffe,0x0110,0x03f8,
    0x060c,0x0bfa,0x0208,0x03f8,0x0214,0x0214,0x03f0,0x0000,0x0000,0x0110,0x0ffe,0x0110,
    0x07fc,0x0444,0x05f4,0x04a4,0x0514,0x07fc,0x0494,0x09e2,0x0000,0x0000,0x0110,0x0ffe,
    0x0110,0x0040,0x0ffe,0x0110,0x01f0,0x0000,0x0ffe,0x0912,0x0df2,0x0000,0x0000,0x0110,
    0x0ffe,0x0110,0x0fee,0x0088,0x0444,0x0284,0x090e,0x0fe4,0x0544,0x0926,0x0000,0x0000,
    0x0110,0x0ffe,0x0020,0x03f8,0x0110,0x0ffe,0x0248,0x07fc,0x0962,0x0250,0x044c,0x0000,
    0x0000,0x0110,0x0ffe,0x0040,0x07fc,0x0090,0x0448,0x0ffe,0x0444,0x07fc,0x0444,0x07fc,
    0x0000,0x0000,0x0110,0x0ffe,0x0224,0x0ffc,0x0224,0x03e4,0x0084,0x07f4,0x0492,0x0492,
    0x0690,0x0000,0x0000,0x0110,0x0ffe,0x0208,0x03c8,0x0248,0x0ffe,0x0a0a,0x0bfa,0x0208,
    0x03f8,0x0208,0x0000,0x0000,0x0110,0x0ffe,0x0040,0x0ffe,0x0a0a,0x04e4,0x0912,0x03f8,
    0x060c,0x0a0a,0x03f8,0x0000,0x0000,0x0110,0x0ffe,0x0110,0x0248,0x0d26,0x03f8,0x0000,
    0x0fbe,0x0aaa,0x0924,0x0cb2,0x0000,0x0000,0x0110,0x0ffe,0x0110,0x0040,0x0ffe,0x0210,
    0x07fc,0x0800,0x07fc,0x04a4,0x0ffe,0x0000,0x0000,0x0110,0x0ffe,0x0120,0x07fc,0x0128,
    0x08a6,0x0ff8,0x0208,0x03f8,0x0208,0x03f8,0x0000,0x0000,0x0110,0x0ffe,0x0004,0x0ffc,
    0x0494,0x0312,0x0c7a,0x0200,0x0ffe,0x0210,0x0320,0x0000,0x0000,0x0110,0x0ffe,0x0110,
    0x07fc,0x0208,0x0ffe,0x0208,0x0bf8,0x0490,0x030e,0x0c78,0x0000,0x0000,0x0110,0x0ffe,
    0x0110,0x07e8,0x0244,0x0246,0x0ff4,0x0004,0x07e4,0x0424,0x07e4,0x0000,0x0000,0x0110,
    0x0ffe,0x0554,0x04a4,0x0554,0x07fc,0x0084,0x0fbc,0x0084,0x08e4,0x0f9e,0x0000,0x0000,
    0x0110,0x0ffe,0x0090,0x0f92,0x0252,0x0412,0x0010,0x07fc,0x04a4,0x04a4,0x0ffe,0x0000,
    0x0000,0x0110,0x0ffe,0x0124,0x0812,0x097e,0x094a,0x097e,0x094a,0x097e,0x0800,0x0c7e,
    0x0000,0x0000,0x0110,0x0ffe,0x0424,0x0248,0x03c2,0x0d34,0x07c0,0x010e,0x0fe8,0x0114,
    0x0fe2,0x0000,0x0000,0x0110,0x0ffe,0x0114,0x0fe8,0x0922,0x0fe4,0x0920,0x0fee,0x0108,
    0x0014,0x0fe2,0x0000,0x0000,0x0110,0x0ffe,0x0110,0x0fbe,0x0aaa,0x0924,0x0cb2,0x0348,
    0x0c36,0x0180,0x0078,0x0000,0x0000,0x0110,0x0ffe,0x0110,0x0040,0x0ffe,0x088a,0x07e8,
    0x0424,0x07e6,0x0424,0x07e4,0x0000,0x0000,0x0110,0x0ffe,0x0110,0x0f7e,0x0924,0x0524,
    0x057e,0x0900,0x097e,0x0742,0x017e,0x0000,0x0000,0x0110,0x0ffe,0x0110,0x07fc,0x04a4,
    0x07fc,0x0240,0x0ffc,0x0484,0x030a,0x0cd2,0x0000,0x0000,0x0110,0x0ffe,0x0208,0x03f8,
    0x0208,0x0ffe,0x0912,0x0ffe,0x0208,0x01f0,0x0e0e,0x0000,0x0000,0x0110,0x0ffe,0x0114,
    0x0ffc,0x088a,0x088a,0x09fc,0x0924,0x09fc,0x0924,0x07fc,0x0000,0x0000,0x0110,0x0ffe,
    0x0080,0x0ffc,0x0224,0x0ffc,0x0224,0x03e2,0x0002,0x04a8,0x0924,0x0000,0x0000,0x0110,
    0x0ffe,0x0110,0x043e,0x0fe2,0x043e,0x0482,0x053e,0x0408,0x042a,0x064a,0x0000,0x0000,
    0x0110,0x0ffe,0x0054,0x0fc4,0x00be,0x0fa4,0x025c,0x0fd2,0x0212,0x0510,0x08cc,0x0000,
    0x0000,0x0110,0x0ffe,0x04a2,0x0514,0x0208,0x0df6,0x0000,0x0ffe,0x0040,0x0444,0x0862,
    0x0000,0x0000,0x0110,0x0ffe,0x0110,0x0f12,0x0ade,0x0510,0x03de,0x0414,0x0fd4,0x0452,
    0x0692,0x0000,0x0000,0x0110,0x0ffe,0x0110,0x07fc,0x04a4,0x04f4,0x0524,0x07fc,0x0040,
    0x0414,0x09e2,0x0000,0x0000,0x0110,0x0ffe,0x0040,0x07c8,0x0048,0x0ffe,0x0008,0x0ff8,
    0x0800,0x0954,0x0d52,0x0000,0x0000,0x0110,0x0ffe,0x0100,0x0fde,0x0490,0x0448,0x0bc8,
    0x081a,0x054a,0x054a,0x0d3e,0x0000,0x0000,0x0110,0x0ffe,0x0110,0x079e,0x0852,0x078a,
    0x020a,0x0fd2,0x0092,0x084e,0x0fc2,0x0000,0x0000,0x0110,0x0ffe,0x0040,0x0ffe,0x0248,
    0x0150,0x0ffe,0x0514,0x05f4,0x0404,0x07fc,0x0000,0x0000,0x0110,0x0ffe,0x0120,0x0ffe,
    0x0902,0x071c,0x0180,0x06be,0x0314,0x0492,0x0fe2,0x0000,0x0000,0x0110,0x0ffe,0x0424,
    0x07e8,0x0420,0x07e6,0x0044,0x0fe4,0x0934,0x0aa4,0x0dec,0x0000,0x0000,0x0110,0x0ffe,
    0x0110,0x00aa,0x0faa,0x0488,0x047e,0x052a,0x053e,0x032a,0x0cea,0x0000,0x0000,0x0110,
    0x0ffe,0x0200,0x0ffe,0x0200,0x0fbc,0x0888,0x0ffe,0x0200,0x0208,0x0390,0x0000,0x0000,
    0x0110,0x0ffe,0x0110,0x07fc,0x0248,0x0ffe,0x0250,0x07f8,0x0a4e,0x0248,0x03f8,0x0000,
    0x0000,0x0110,0x0ffe,0x0110,0x0ffe,0x04a4,0x07fc,0x0208,0x03f8,0x0208,0x0ffe,0x0040,
    0x0000,0x0000,0x0110,0x0ffe,0x0110,0x07f8,0x008c,0x07fa,0x0088,0x07f8,0x0000,0x0494,
    0x0922,0x0000,0x0000,0x0110,0x0ffe,0x0040,0x0490,0x0814,0x03e2,0x0000,0x0528,0x094a,
    0x010a,0x0e70,0x0000,0x0000,0x0110,0x0ffe,0x0040,0x0ffe,0x0110,0x05f8,0x0806,0x07fc,
    0x0514,0x05f4,0x0604,0x0000,0x0000,0x0110,0x0ffe,0x0090,0x0fbe,0x08a2,0x057e,0x0708,
    0x08b8,0x0fca,0x088a,0x0fbe,0x0000,0x0000,0x0110,0x0ffe,0x0444,0x07fc,0x0444,0x07fc,
    0x0840,0x0ffe,0x0490,0x0814,0x03e2,0x0000,0x0000,0x0110,0x0ffe,0x0208,0x02e8,0x0208,
    0x0ffe,0x0024,0x0ffc,0x04a4,0x033c,0x0ce6,0x0000,0x0000,0x0110,0x0ffe,0x0110,0x02fe,
    0x0f88,0x0256,0x0fa8,0x0236,0x0fe8,0x00a6,0x0f18,0x0000,0x0000,0x0110,0x0ffe,0x0110,
    0x0ffc,0x00a4,0x0ffc,0x0a94,0x0a54,0x027c,0x050a,0x08ca,0x0000,0x0000,0x0110,0x0ffe,
    0x0110,0x07e2,0x0424,0x07e0,0x0422,0x0ff4,0x0940,0x0924,0x0692,0x0000,0x0000,0x0110,
    0x0ffe,0x0114,0x0ffc,0x02aa,0x0ffe,0x02a8,0x0ffe,0x0000,0x0494,0x0922,0x0000,0x0000,
    0x0110,0x0ffe,0x0240,0x0ffe,0x0240,0x0bfa,0x0952,0x0f5e,0x0842,0x0f5e,0x0952,0x0000,
    0x0000,0x0110,0x0ffe,0x0108,0x07c4,0x044e,0x07c8,0x0444,0x0fee,0x0aa0,0x0aa8,0x0ff6,
    0x0000,0x0000,0x0110,0x0ffe,0x0040,0x0ffe,0x094a,0x0250,0x07fc,0x0444,0x07fc,0x0444,
    0x07fc,0x0000,0x0000,0x0110,0x0ffe,0x0110,0x0ff4,0x0498,0x07f2,0x0494,0x0ff0,0x0400,
    0x0424,0x0642,0x0000,0x0000,0x0110,0x0ffe,0x0140,0x0f54,0x05f2,0x0408,0x05f4,0x04a6,
    0x02a4,0x0314,0x0cd4,0x0000,0x0000,0x0110,0x0ffe,0x0208,0x07fc,0x0d56,0x0444,0x07fc,
    0x0208,0x03f8,0x0208,0x03f8,0x0000,0x0000,0x0110,0x0ffe,0x0124,0x087e,0x094a,0x097e,
    0x094a,0x097e,0x0900,0x082a,0x0c4a,0x0000,0x0000,0x0110,0x0ffe,0x0110,0x0ee4,0x0aa2,
    0x0aee,0x06a4,0x0ae2,0x0a2e,0x0ea8,0x02e6,0x0000,0x0000,0x0110,0x0ffe,0x0110,0x07fc,
    0x0208,0x0ffe,0x0208,0x03f8,0x0490,0x0814,0x03e2,0x0000,0x0000,0x0110,0x0ffe,0x0248,
    0x03f8,0x0248,0x0ffe,0x0444,0x07fc,0x0444,0x0444,0x0ffe,0x0000,0x0000,0x0110,0x0ffe,
    0x0040,0x0ffe,0x0248,0x0554,0x0ffe,0x0514,0x05f4,0x0404,0x07fc,0x0000,0x0000,0x0110,
    0x0ffe,0x0104,0x0fde,0x0492,0x049e,0x0fe2,0x021e,0x0fd2,0x0212,0x021e,0x0000,0x0000,
    0x0110,0x0ffe,0x0110,0x0ffc,0x04a4,0x04bc,0x0fc2,0x023e,0x0fe4,0x0224,0x023c,0x0000,
    0x0000,0x0110,0x0ffe,0x0110,0x029e,0x0ee4,0x029c,0x0294,0x0efa,0x0290,0x0288,0x0fe6,
    0x0000,0x0000,0x0110,0x0ffe,0x0110,0x07fc,0x04a4,0x0ffc,0x0014,0x0ff4,0x0802,0x0952,
    0x0d48,0x0000,0x0000,0x0110,0x0ffe,0x04a4,0x07fc,0x0000,0x0ffe,0x08a4,0x07aa,0x00a8,
    0x0890,0x0f8e,0x0000,0x0000,0x0110,0x0ffe,0x0110,0x0ffe,0x048a,0x0fe6,0x02aa,0x0faa,
    0x02a6,0x0212,0x0fd2,0x0000,0x0000,0x0110,0x0ffe,0x0110,0x0c7e,0x03a4,0x00fe,0x0f88,
    0x04be,0x0498,0x04ac,0x044a,0x0000,0x0000,0x0110,0x0ffe,0x0110,0x00aa,0x0faa,0x049c,
    0x04aa,0x057e,0x0524,0x031c,0x0ce2,0x0000,0x0000,0x0110,0x0ffe,0x04a4,0x07fc,0x0820,
    0x07fc,0x0220,0x0ffe,0x0418,0x0416,0x07f0,0x0000,0x0000,0x0110,0x0ffe,0x0040,0x0ffe,
    0x0554,0x0444,0x07fc,0x0040,0x0ffe,0x0494,0x0922,0x0000,0x0000,0x0110,0x0ffe,0x0110,
    0x0fe4,0x0288,0x0fe2,0x0aa4,0x0ff0,0x0104,0x0522,0x0992,0x0000,0x0000,0x0110,0x0ffe,
    0x0040,0x07fc,0x0208,0x0ffe,0x0922,0x0210,0x07fc,0x0040,0x0ffe,0x0000,0x0000,0x0110,
    0x0ffe,0x00a0,0x0f5e,0x0554,0x0952,0x07f8,0x0408,0x07f8,0x0404,0x0404,0x0000,0x0000,
    0x0110,0x0ffe,0x0040,0x0ffe,0x0514,0x05f4,0x0040,0x0ffe,0x0160,0x0258,0x0c46,0x0000,
    0x0000,0x0110,0x0ffe,0x0488,0x0fd8,0x048e,0x0fc8,0x08be,0x0f88,0x089c,0x08aa,0x0f88,
    0x0000,0x0000,0x0110,0x0ffe,0x008a,0x0fbe,0x0062,0x0f3e,0x000a,0x07fe,0x04a4,0x04a4,
    0x0ffe,0x0000,0x0000,0x0110,0x0ffe,0x0510,0x0ffa,0x022a,0x0afe,0x0a88,0x04fe,0x042a,
    0x0afa,0x098a,0x0000,0x0000,0x0110,0x0ffe,0x0114,0x0fb4,0x089c,0x0f96,0x08b8,0x0fa6,
    0x0338,0x0aa6,0x0e58,0x0000,0x0000,0x0110,0x0ffe,0x0108,0x0fd8,0x094e,0x0fc8,0x095e,
    0x0fe8,0x08ac,0x0baa,0x0c28,0x0000,0x0000,0x0110,0x0ffe,0x0108,0x0fbe,0x0a48,0x091c,
    0x0cea,0x0358,0x0e4e,0x0358,0x0c46,0x0000,0x0000,0x0110,0x0ffe,0x0108,0x07be,0x0514,
    0x05ea,0x0e9c,0x0048,0x0ffe,0x0210,0x05fc,0x0000,0x0000,0x0110,0x0ffe,0x0910,0x055e,
    0x0fd2,0x029e,0x0ff2,0x055e,0x0b92,0x0572,0x099a,0x0000,0x0000,0x0110,0x0ffe,0x0a4a,
    0x05f4,0x0b1a,0x05f4,0x0912,0x0ffe,0x0160,0x0258,0x0c46,0x0000,0x0000,0x0110,0x0ffe,
    0x0110,0x0ffc,0x0224,0x0f7c,0x02a4,0x0a2c,0x0bf2,0x0082,0x00e0,0x0000,0x0000,0x0110,
    0x0ffe,0x0224,0x0ffc,0x0a24,0x0ffa,0x010a,0x0f78,0x0000,0x0494,0x0922,0x0000,0x0000,
    0x0110,0x0ffe,0x0110,0x0fe4,0x0548,0x0ff2,0x0544,0x0920,0x0fe8,0x0924,0x0fe2,0x0000,
    0x0000,0x0110,0x0ffe,0x0294,0x0efe,0x0994,0x0afc,0x0a94,0x05fe,0x0444,0x0a38,0x09c6,
    0x0000,0x0000,0x0110,0x0ffe,0x0110,0x0fde,0x0900,0x051e,0x0fc0,0x089e,0x0ff2,0x0892,
    0x0f9e,0x0000,0x0000,0x0110,0x0ffe,0x0420,0x07ee,0x0420,0x07ee,0x0040,0x0fee,0x093a,
    0x0aaa,0x0dee,0x0000,0x0000,0x0110,0x0ffe,0x0110,0x0fbe,0x08a2,0x0fbe,0x09f2,0x085a,
    0x09f2,0x0852,0x0df2,0x0000,0x0000,0x0110,0x0ffe,0x0450,0x0fe4,0x0aa8,0x0ee2,0x0104,
    0x0fe0,0x0188,0x0544,0x0922,0x0000,0x0000,0x0110,0x0ffe,0x0040,0x0ffc,0x0844,0x07f4,
    0x0294,0x0294,0x0ffa,0x0aaa,0x0ffc,0x0000,0x0000,0x0110,0x0ffe,0x0410,0x03be,0x022a,
    0x0ffe,0x022a,0x033e,0x0680,0x0a2a,0x022a,0x0000,0x0000,0x0110,0x0ffe,0x0108,0x0fe4,
    0x092e,0x0aa8,0x0fe4,0x001e,0x0fe8,0x0aaa,0x0ffa,0x0000,0x0000,0x0110,0x0ffe,0x0108,
    0x0fba,0x020a,0x0fbe,0x0888,0x0faa,0x08ac,0x0790,0x08ce,0x0000,0x0000,0x0110,0x0ffe,
    0x0224,0x0f7c,0x02a4,0x0aac,0x0bf4,0x0022,0x0ff2,0x0818,0x0ff4,0x0000,0x0000,0x0110,
    0x0ffe,0x0524,0x0fbc,0x0204,0x0fbc,0x0224,0x0ffe,0x0160,0x0258,0x0c46,0x0000,0x0000,
    0x0110,0x0ffe,0x0494,0x053e,0x0fea,0x023e,0x0faa,0x023e,0x0fc0,0x022a,0x024a,0x0000,
    0x0000,0x0110,0x0ffe,0x0088,0x0fbe,0x0812,0x0fbe,0x00a2,0x0fbe,0x00a2,0x08be,0x0fa2,
    0x0000,0x0000,0x0110,0x0ffe,0x0110,0x0fbe,0x08a2,0x0fbe,0x08a2,0x0ffe,0x0952,0x09f2,
    0x0e4a,0x0000,0x0000,0x0110,0x0ffe,0x0494,0x0ffe,0x02aa,0x0fb6,0x02a2,0x0fbe,0x0000,
    0x0494,0x0922,0x0000,0x0000,0x0110,0x0ffe,0x04a4,0x07fc,0x0494,0x0fca,0x0264,0x0fde,
    0x0248,0x025a,0x0fca,0x0000,0x0000,0x07c0,0x0040,0x0ffc,0x0844,0x03f4,0x0844,0x0fc4,
    0x0124,0x0122,0x0922,0x0e18,0x0000,0x0000,0x07c0,0x0040,0x0ffc,0x0844,0x03f4,0x0844,
    0x0fc4,0x0044,0x0ffa,0x0822,0x0618,0x0000,0x0000,0x07c0,0x0040,0x0ffc,0x0844,0x03f4,
    0x0844,0x0ff4,0x0012,0x0ffa,0x0012,0x0ff0,0x0000,0x0000,0x07c0,0x0040,0x0ffc,0x0844,
    0x03f4,0x0844,0x0fc4,0x0082,0x0522,0x0828,0x03c4,0x0000,0x0000,0x07c0,0x0040,0x0ffc,
    0x0824,0x07e4,0x0084,0x0ffc,0x0224,0x0222,0x01c2,0x0e38,0x0000,0x0000,0x07e0,0x0020,
    0x0ffc,0x0824,0x03fc,0x0824,0x0ff4,0x0554,0x0d5a,0x0062,0x0f98,0x0000,0x0000,0x07c0,
    0x0040,0x0ffc,0x0824,0x07f4,0x0024,0x07e4,0x094c,0x0552,0x0142,0x0ff8,0x0000,0x0000,
    0x07c0,0x0040,0x0ffc,0x0824,0x03f4,0x0824,0x0fe4,0x0554,0x0772,0x0142,0x0ff8,0x0000,
    0x0000,0x07c0,0x0040,0x0ffc,0x0844,0x07f4,0x0494,0x0ffc,0x0494,0x0ffa,0x0822,0x0618,
    0x0000,0x0000,0x07c0,0x0040,0x0ffc,0x0844,0x07e4,0x0254,0x07f4,0x0484,0x0ffa,0x0222,
    0x0c18,0x0000,0x0000,0x0f1e,0x0112,0x0fd2,0x095e,0x07c0,0x017e,0x0f44,0x045e,0x0512,
    0x0510,0x0ccc,0x0000,0x0000,0x013c,0x0f22,0x0114,0x0fca,0x0954,0x07d0,0x017e,0x0f50,
    0x0292,0x0a94,0x0c58,0x0000,0x0000,0x0fb8,0x0008,0x007e,0x0fca,0x013a,0x008a,0x0ffe,
    0x080a,0x083e,0x080a,0x067e,0x0000,0x0000,0x0040,0x0040,0x07fc,0x0444,0x0444,0x0444,
    0x07fc,0x0040,0x0240,0x0440,0x0ffe,0x0000,0x0000,0x0088,0x0088,0x00be,0x00aa,0x00aa,
    0x00aa,0x00be,0x0088,0x0888,0x08a8,0x0f3e,0x0000,0x0000,0x0408,0x0488,0x04be,0x04aa,
    0x04aa,0x04aa,0x0cbe,0x0788,0x0468,0x0428,0x043e,0x0000,0x0000,0x07fe,0x0400,0x05fe,
    0x0420,0x05fc,0x0524,0x0524,0x05fc,0x0820,0x0920,0x09fe,0x0000,0x0000,0x0fc8,0x0208,
    0x023e,0x022a,0x022a,0x022a,0x023e,0x0208,0x0228,0x0228,0x0ffe,0x0000,0x0000,0x013e,
    0x0fd4,0x0954,0x0954,0x0fd4,0x0114,0x0914,0x0fd4,0x0012,0x0812,0x0fe2,0x0000,0x0000,
    0x0108,0x0108,0x0ffe,0x00aa,0x00aa,0x00aa,0x00be,0x0088,0x00a8,0x00a8,0x0f3e,0x0000,
    0x0000,0x03f8,0x0208,0x03f8,0x0040,0x07fc,0x0444,0x0444,0x07fc,0x0440,0x0bc0,0x083e,
    0x0000,0x0000,0x0fc8,0x0108,0x013e,0x012a,0x032a,0x052a,0x093e,0x0108,0x0108,0x0128,
    0x013e,0x0000,0x0000,0x0204,0x021c,0x0fd2,0x0a40,0x0a44,0x0a44,0x0fc4,0x0204,0x0a04,
    0x0a14,0x0fcc,0x0000,0x0000,0x0488,0x0528,0x043e,0x042a,0x042a,0x026a,0x02be,0x0108,
    0x0288,0x0448,0x083e,0x0000,0x0000,0x07c8,0x0408,0x053e,0x052a,0x04aa,0x02aa,0x0fbe,
    0x0808,0x0b88,0x0828,0x063e,0x0000,0x0000,0x0108,0x0108,0x0ffe,0x042a,0x042a,0x04aa,
    0x02be,0x0288,0x0128,0x02a8,0x0c7e,0x0000,0x0000,0x01c8,0x0108,0x0ffe,0x092a,0x092a,
    0x092a,0x0abe,0x0c68,0x0828,0x0828,0x0c3e,0x0000,0x0000,0x0208,0x0fc8,0x023e,0x022a,
    0x0faa,0x022a,0x023e,0x0fc8,0x0228,0x0228,0x023e,0x0000,0x0000,0x0bc8,0x0a08,0x0a3e,
    0x0baa,0x08aa,0x08aa,0x0bbe,0x0a08,0x0a28,0x0a28,0x09fe,0x0000,0x0000,0x07fc,0x0040,
    0x0ffe,0x0120,0x0250,0x07f8,0x0a4e,0x0248,0x0bf8,0x0840,0x0ffe,0x0000,0x0000,0x0fc8,
    0x0408,0x04be,0x04aa,0x0fea,0x042a,0x063e,0x0508,0x04c8,0x0428,0x073e,0x0000,0x0000,
    0x0788,0x0408,0x04be,0x08aa,0x086a,0x092a,0x013e,0x0108,0x08a8,0x08a8,0x0fbe,0x0000,
    0x0000,0x0ffe,0x0448,0x0314,0x00e0,0x0f1e,0x0040,0x07fc,0x0444,0x07fc,0x0840,0x0ffe,
    0x0000,0x0000,0x0842,0x0ffe,0x0020,0x0010,0x0ffe,0x0040,0x03f8,0x0248,0x03f8,0x0840,
    0x0ffe,0x0000,0x0000,0x0408,0x0488,0x053e,0x042a,0x046a,0x04aa,0x0c3e,0x0708,0x04e8,
    0x0428,0x043e,0x0000,0x0000,0x0608,0x0188,0x00be,0x00aa,0x0faa,0x04aa,0x04be,0x0488,
    0x04a8,0x04a8,0x0ffe,0x0000,0x0000,0x0208,0x0208,0x0fbe,0x0aaa,0x0aaa,0x0aaa,0x0fbe,
    0x0a88,0x0aa8,0x0aa8,0x0fbe,0x0000,0x0000,0x0048,0x0fc8,0x017e,0x012a,0x0f2a,0x012a,
    0x013e,0x0f08,0x0128,0x0128,0x013e,0x0000,0x0000,0x0fc8,0x0808,0x083e,0x0baa,0x0aaa,
    0x0aaa,0x0abe,0x0b88,0x0828,0x0828,0x0c3e,0x0000,0x0000,0x0888,0x0888,0x0ffe,0x08aa,
    0x08aa,0x08aa,0x0fbe,0x0888,0x08a8,0x08a8,0x0fbe,0x0000,0x0000,0x0108,0x0208,0x0fbe,
    0x022a,0x022a,0x022a,0x0fbe,0x0208,0x0228,0x0228,0x0fbe,0x0000,0x0000,0x0208,0x0208,
    0x0ffe,0x022a,0x022a,0x022a,0x0fbe,0x0888,0x08a8,0x08a8,0x0fbe,0x0000,0x0000,0x0788,
    0x0488,0x04be,0x07aa,0x04aa,0x04aa,0x07be,0x0488,0x04a8,0x04a8,0x0ffe,0x0000,0x0000,
    0x0108,0x0fe8,0x083e,0x08aa,0x00aa,0x0caa,0x03be,0x0088,0x08a8,0x08a8,0x0fbe,0x0000,
    0x0000,0x0708,0x0888,0x007e,0x0faa,0x002a,0x002a,0x0fbe,0x0908,0x0928,0x0d28,0x013e,
    0x0000,0x0000,0x0040,0x07fc,0x0444,0x07fc,0x0840,0x0ffe,0x0000,0x07fc,0x04a4,0x04a4,
    0x0ffe,0x0000,0x0000,0x0ffe,0x0840,0x03c8,0x0078,0x0f86,0x0040,0x03f8,0x0248,0x03f8,
    0x0840,0x0ffe,0x0000,0x0000,0x0fc8,0x0048,0x007e,0x0fca,0x014a,0x014a,0x0f7e,0x0888,
    0x0888,0x0848,0x067e,0x0000,0x0000,0x0288,0x0288,0x0ffe,0x0aaa,0x0aaa,0x0aaa,0x0ffe,
    0x0aa8,0x0aa8,0x0ab8,0x0fe6,0x0000,0x0000,0x0fe8,0x0828,0x083e,0x0baa,0x0aaa,0x0aaa,
    0x0abe,0x0ba8,0x0828,0x0828,0x0ffe,0x0000,0x0000,0x0208,0x0f88,0x023e,0x022a,0x0fea,
    0x022a,0x023e,0x0f88,0x0228,0x0228,0x0ffe,0x0000,0x0000,0x0248,0x0248,0x0ffe,0x022a,
    0x022a,0x0fea,0x023e,0x0308,0x06a8,0x0a68,0x023e,0x0000,0x0000,0x0c08,0x0388,0x023e,
    0x022a,0x0fea,0x022a,0x023e,0x0f88,0x08a8,0x08a8,0x0fbe,0x0000,0x0000,0x0108,0x0fe8,
    0x003e,0x04aa,0x086a,0x002a,0x047e,0x0288,0x0128,0x02a8,0x0c7e,0x0000,0x0000,0x0708,
    0x0888,0x007e,0x072a,0x002a,0x002a,0x0fbe,0x0888,0x08a8,0x08a8,0x0fbe,0x0000,0x0000,
    0x07de,0x0488,0x04c8,0x0588,0x0498,0x0c46,0x03f8,0x0248,0x03f8,0x0840,0x0ffe,0x0000,
    0x0000,0x0fc8,0x0208,0x013e,0x08aa,0x0faa,0x022a,0x023e,0x0f88,0x0228,0x0228,0x0ffe,
    0x0000,0x0000,0x0040,0x0ffe,0x0120,0x0524,0x0912,0x03f8,0x0248,0x0248,0x0bf8,0x0840,
    0x0ffe,0x0000,0x0000,0x0108,0x07de,0x0508,0x0558,0x048e,0x0d48,0x03fc,0x0248,0x03f8,
    0x0840,0x0ffe,0x0000,0x0000,0x0208,0x0a48,0x06be,0x022a,0x0faa,0x08aa,0x0fbe,0x0888,
    0x0fa8,0x08a8,0x0cbe,0x0000,0x0000,0x07c8,0x0408,0x02be,0x0fea,0x092a,0x0fea,0x093e,
    0x0fe8,0x0928,0x0928,0x0d3e,0x0000,0x0000,0x0708,0x0408,0x08be,0x0fea,0x08aa,0x08aa,
    0x0fbe,0x0208,0x0328,0x0aa8,0x0e7e,0x0000,0x0000,0x0ae8,0x0a48,0x025e,0x0fea,0x024a,
    0x0a4a,0x0afe,0x0448,0x0448,0x0b48,0x08fe,0x0000,0x0000,0x0ffe,0x0912,0x0ffe,0x0004,
    0x0ffc,0x0822,0x09fa,0x0928,0x09f8,0x0920,0x06fc,0x0000,0x0000,0x0f88,0x0868,0x04be,
    0x07aa,0x0a6a,0x0faa,0x023e,0x0f88,0x0228,0x0fe8,0x023e,0x0000,0x0000,0x0ffc,0x0004,
    0x0ffc,0x0494,0x0312,0x0c52,0x03f8,0x0248,0x03f8,0x0840,0x0ffe,0x0000,0x0000,0x0f88,
    0x0888,0x0fbe,0x08aa,0x0faa,0x08aa,0x0fbe,0x0208,0x0328,0x0aa8,0x0e7e,0x0000,0x0000,
    0x0f88,0x00be,0x0f88,0x04b8,0x048e,0x0448,0x03f8,0x0248,0x03f8,0x0840,0x0ffe,0x0000,
    0x0000,0x0f88,0x08a8,0x08be,0x0faa,0x002a,0x0fea,0x0a3e,0x0fc8,0x0228,0x0528,0x08fe,
    0x0000,0x0000,0x0fc8,0x0048,0x053e,0x092a,0x002a,0x0faa,0x043e,0x0208,0x0fe8,0x0228,
    0x033e,0x0000,0x0000,0x0b08,0x08c8,0x0abe,0x0aaa,0x0bea,0x0aaa,0x0abe,0x0ac8,0x0ba8,
    0x08a8,0x0cbe,0x0000,0x0000,0x0708,0x0888,0x007e,0x0faa,0x022a,0x022a,0x0ffe,0x0208,
    0x0aa8,0x0a68,0x033e,0x0000,0x0000,0x0ee8,0x0488,0x04be,0x046a,0x0f2a,0x04ea,0x04be,
    0x0488,0x0fa8,0x00e8,0x0f3e,0x0000,0x0000,0x0ee8,0x0488,0x04be,0x046a,0x0f2a,0x04ea,
    0x04be,0x0488,0x0f48,0x00a8,0x0f3e,0x0000,0x0000,0x0448,0x0488,0x023e,0x0faa,0x08aa,
    0x08aa,0x0fbe,0x0208,0x0328,0x0aa8,0x0e7e,0x0000,0x0000,0x07c8,0x0448,0x047e,0x07ca,
    0x010a,0x0fea,0x093e,0x0aa8,0x0c68,0x0828,0x0c3e,0x0000,0x0000,0x0048,0x0fc8,0x0abe,
    0x0aaa,0x0aaa,0x0bea,0x0abe,0x0a88,0x0b88,0x0a48,0x0e3e,0x0000,0x0000,0x00a0,0x0fbe,
    0x00a0,0x07bc,0x00a0,0x0ffe,0x0248,0x0248,0x03f8,0x0840,0x0ffe,0x0000,0x0000,0x0040,
    0x0ffe,0x0842,0x0514,0x0892,0x07f8,0x024c,0x0248,0x0bf8,0x0840,0x0ffe,0x0000,0x0000,
    0x0488,0x0fc8,0x04be,0x07aa,0x04aa,0x07aa,0x04be,0x0fc8,0x0028,0x04a8,0x085e,0x0000,
    0x0000,0x0488,0x0fc8,0x04be,0x04aa,0x0fea,0x002a,0x0fbe,0x0888,0x0f88,0x08a8,0x0fbe,
    0x0000,0x0000,0x07c8,0x0408,0x023e,0x012a,0x0fea,0x012a,0x013e,0x0fe8,0x0aa8,0x0aa8,
    0x0ffe,0x0000,0x0000,0x0e88,0x0288,0x03fe,0x02aa,0x0eaa,0x0aea,0x0bbe,0x0a88,0x0aa8,
    0x09a8,0x08fe,0x0000,0x0000,0x0fe8,0x0928,0x0bbe,0x092a,0x0baa,0x082a,0x0bbe,0x0aa8,
    0x0aa8,0x0ba8,0x0c3e,0x0000,0x0000,0x0088,0x0fe8,0x093e,0x0fea,0x092a,0x092a,0x0ffe,
    0x0288,0x0248,0x0fe8,0x023e,0x0000,0x0000,0x07c8,0x0448,0x07fe,0x044a,0x07ca,0x004a,
    0x0ffe,0x0a88,0x0a48,0x0928,0x06be,0x0000,0x0000,0x0948,0x0548,0x0ffe,0x052a,0x0fea,
    0x04aa,0x0ffe,0x0488,0x06a8,0x08a8,0x0fbe,0x0000,0x0000,0x0208,0x0fc8,0x023e,0x0faa,
    0x022a,0x0fea,0x08be,0x0f88,0x08a8,0x0fa8,0x08be,0x0000,0x0000,0x0108,0x0fe8,0x083e,
    0x0eea,0x0aaa,0x0aaa,0x0abe,0x0ec8,0x02a8,0x0aa8,0x0e7e,0x0000,0x0000,0x07c8,0x0448,
    0x07fe,0x012a,0x0fea,0x092a,0x0ffe,0x0928,0x0fe8,0x0108,0x0f3e,0x0000,0x0000,0x0528,
    0x0248,0x0ffe,0x0a4a,0x0fca,0x0a4a,0x0a7e,0x0fc8,0x0228,0x0fe8,0x023e,0x0000,0x0000,
    0x0b08,0x08c8,0x0abe,0x0caa,0x09ea,0x0aaa,0x08be,0x0cc8,0x0ba8,0x08a8,0x08be,0x0000,
    0x0000,0x07c8,0x0448,0x07fe,0x044a,0x07ca,0x004a,0x0ffe,0x0948,0x0aa8,0x09e8,0x063e,
    0x0000,0x0000,0x0788,0x0848,0x0ffe,0x002a,0x0aea,0x0aaa,0x0afe,0x0aa8,0x0ae8,0x08a8,
    0x0cbe,0x0000,0x0000,0x011c,0x0122,0x0fe8,0x093e,0x0922,0x093e,0x0fe2,0x013e,0x090a,
    0x0912,0x0fee,0x0000,0x0000,0x0108,0x0f88,0x08be,0x0faa,0x08aa,0x08aa,0x0ffe,0x0208,
    0x0fa8,0x0228,0x0ffe,0x0000,0x0000,0x0fe8,0x0028,0x0ffe,0x082a,0x0fea,0x002a,0x0ffe,
    0x0aa8,0x0fe8,0x0aa8,0x0abe,0x0000,0x0000,0x0fe8,0x0928,0x0ffe,0x092a,0x0fea,0x044a,
    0x07fe,0x0448,0x07c8,0x0448,0x067e,0x0000,0x0000,0x0fc8,0x0008,0x07be,0x04aa,0x07aa,
    0x002a,0x0ffe,0x0928,0x0fe8,0x0928,0x0ffe,0x0000,0x0000,0x0128,0x0f28,0x01fe,0x0eaa,
    0x082a,0x08ea,0x04be,0x0fa8,0x04a8,0x0488,0x067e,0x0000,0x0000,0x0fe8,0x0928,0x093e,
    0x0dea,0x002a,0x0f2a,0x08fe,0x0a28,0x0ae8,0x0628,0x09be,0x0000,0x0000,0x07fe,0x0440,
    0x05fe,0x0820,0x0a10,0x0fbe,0x0aaa,0x0fbe,0x0208,0x0a28,0x0fbe,0x0000,0x0000,0x0088,
    0x0fc8,0x087e,0x0fca,0x084a,0x0fca,0x007e,0x0fc8,0x04a8,0x0328,0x0cfe,0x0000,0x0000,
    0x0208,0x0fc8,0x053e,0x0aaa,0x0fea,0x022a,0x0fbe,0x0208,0x0fa8,0x0228,0x0fde,0x0000,
    0x0000,0x0f48,0x0948,0x09fe,0x0f4a,0x094a,0x09ea,0x0f3e,0x0928,0x0928,0x09e8,0x0cbe,
    0x0000,0x0000,0x04a8,0x0fe8,0x04be,0x07aa,0x002a,0x0fea,0x011e,0x0fe8,0x0188,0x0548,
    0x093e,0x0000,0x0000,0x07c8,0x0448,0x077e,0x054a,0x0fea,0x082a,0x0bbe,0x0aa8,0x0aa8,
    0x0ba8,0x0c3e,0x0000,0x0000,0x0f48,0x09e8,0x093e,0x05ea,0x032a,0x052a,0x09fe,0x0928,
    0x09a8,0x0768,0x013e,0x0000,0x0000,0x0108,0x0fc8,0x04be,0x04aa,0x0fea,0x092a,0x0ffe,
    0x0088,0x0f88,0x0848,0x067e,0x0000,0x0000,0x0108,0x0f88,0x08be,0x0faa,0x08aa,0x08aa,
    0x0fbe,0x0108,0x0448,0x08a8,0x033e,0x0000,0x0000,0x0fc8,0x0248,0x0fbe,0x08aa,0x0faa,
    0x08aa,0x08be,0x0f88,0x0228,0x0aa8,0x0b5e,0x0000,0x0000,0x027e,0x0224,0x0fbc,0x0a80,
    0x0afe,0x0aaa,0x0fea,0x0286,0x0aba,0x0a92,0x0fd2,0x0000,0x0000,0x0f88,0x0288,0x0fbe,
    0x02aa,0x0faa,0x02aa,0x0fbe,0x0808,0x0a88,0x08a8,0x063e,0x0000,0x0000,0x0fe8,0x0828,
    0x0ffe,0x084a,0x0fca,0x084a,0x0ffe,0x0108,0x0fe8,0x0488,0x087e,0x0000,0x0000,0x0954,
    0x0552,0x02a8,0x0444,0x0ffe,0x0842,0x03f8,0x0248,0x03f8,0x0840,0x0ffe,0x0000,0x0000,
    0x0088,0x0fbe,0x0448,0x057e,0x0214,0x0556,0x0bfc,0x0248,0x03f8,0x0840,0x0ffe,0x0000,
    0x0000,0x0088,0x0fbe,0x0448,0x057e,0x0208,0x07fc,0x0a4a,0x0248,0x03f8,0x0840,0x0ffe,
    0x0000,0x0000,0x0548,0x0fe8,0x083e,0x0fea,0x044a,0x044a,0x07fe,0x0108,0x07c8,0x0108,
    0x0ffe,0x0000,0x0000,0x0fe8,0x0928,0x0ffe,0x092a,0x0fea,0x052a,0x0abe,0x0fc8,0x0228,
    0x0aa8,0x0abe,0x0000,0x0000,0x0108,0x0fe8,0x093e,0x0fea,0x092a,0x0fea,0x093e,0x0fe8,
    0x0448,0x03c8,0x0c3e,0x0000,0x0000,0x03f0,0x010c,0x00e0,0x0318,0x0ce6,0x0208,0x0ffe,
    0x0aaa,0x079e,0x0a28,0x0fbe,0x0000,0x0000,0x0108,0x0fc8,0x093e,0x04aa,0x012a,0x04aa,
    0x0bfe,0x0108,0x0fe8,0x0128,0x013e,0x0000,0x0000,0x0108,0x07be,0x0514,0x05fe,0x0688,
    0x0bfe,0x0a48,0x0248,0x03f8,0x0840,0x0ffe,0x0000,0x0000,0x0488,0x0fe8,0x049e,0x0fea,
    0x082a,0x0fea,0x083e,0x0fe8,0x0108,0x0488,0x087e,0x0000,0x0000,0x0fc8,0x0948,0x053e,
    0x0fea,0x012a,0x05aa,0x097e,0x0208,0x00a8,0x04e8,0x0bbe,0x0000,0x0000,0x0108,0x0fc8,
    0x04be,0x0fea,0x082a,0x0fea,0x083e,0x0fe8,0x0108,0x0fe8,0x013e,0x0000,0x0000,0x0488,
    0x0fe8,0x04be,0x012a,0x0fea,0x04aa,0x087e,0x0488,0x0fe8,0x0488,0x047e,0x0000,0x0000,
    0x0848,0x05f8,0x024e,0x01fa,0x080a,0x05ea,0x032e,0x01e8,0x08a8,0x04b8,0x03e6,0x0000,
    0x0000,0x0fe8,0x0528,0x035e,0x0fea,0x054a,0x092a,0x0ffe,0x0928,0x0fe8,0x0928,0x0ffe,
    0x0000,0x0000,0x0ee8,0x0aa8,0x0abe,0x0fea,0x092a,0x0fea,0x093e,0x0fe8,0x0108,0x0fe8,
    0x013e,0x0000,0x0000,0x0108,0x0fe8,0x011e,0x0fea,0x044a,0x0eea,0x045e,0x0fe8,0x0288,
    0x0a48,0x0e3e,0x0000,0x0000,0x0040,0x07fc,0x0444,0x07fc,0x0840,0x0ffe,0x0aaa,0x0aaa,
    0x079e,0x0a28,0x0fbe,0x0000,0x0000,0x0fbc,0x0912,0x0fbe,0x02aa,0x0ffe,0x0222,0x03f8,
    0x0248,0x03f8,0x0840,0x0ffe,0x0000,0x0000,0x0288,0x0fe8,0x023e,0x0faa,0x022a,0x0fea,
    0x025e,0x0fe8,0x0a48,0x04e8,0x0b5e,0x0000,0x0000,0x07c8,0x0228,0x0ffe,0x052a,0x0cea,
    0x022a,0x0ffe,0x0028,0x0fc8,0x0848,0x0ffe,0x0000,0x0000,0x0fe8,0x0aa8,0x0efe,0x028a,
    0x0eea,0x0aaa,0x0efe,0x0aa8,0x0ee8,0x02a8,0x0fbe,0x0000,0x0000,0x01e8,0x0f28,0x09fe,
    0x092a,0x05ea,0x042a,0x05fe,0x0548,0x0ba8,0x0928,0x09be,0x0000,0x0000,0x0108,0x0fe8,
    0x025e,0x0fea,0x082a,0x07ea,0x015e,0x0b28,0x0688,0x0a68,0x01be,0x0000,0x0000,0x0fe8,
    0x0108,0x0ffe,0x092a,0x0daa,0x002a,0x0ffe,0x0088,0x0fe8,0x0aa8,0x0abe,0x0000,0x0000,
    0x0248,0x0fe8,0x02be,0x0fca,0x026a,0x0fca,0x025e,0x0fe8,0x0448,0x0388,0x0c7e,0x0000,
    0x0000,0x0928,0x0498,0x092e,0x0fea,0x092a,0x0aaa,0x0ffe,0x0528,0x0768,0x0938,0x0b66,
    0x0000,0x0000,0x03f0,0x0108,0x0ffe,0x0548,0x02a6,0x0490,0x0ffe,0x0aaa,0x079e,0x0a28,
    0x0fbe,0x0000,0x0000,0x0040,0x07fc,0x0110,0x0ffe,0x0514,0x09f2,0x0f1e,0x0aaa,0x079e,
    0x0a28,0x0fbe,0x0000,0x0000,0x0fc8,0x0248,0x0ffe,0x054a,0x07ca,0x054a,0x057e,0x0fc8,
    0x0928,0x0ba8,0x0c3e,0x0000,0x0000,0x0040,0x07fc,0x0444,0x07fc,0x0aaa,0x0aaa,0x079e,
    0x0a28,0x0ffe,0x04a4,0x0ffe,0x0000,0x0000,0x0fbe,0x0514,0x0fbe,0x0514,0x0ffa,0x0208,
    0x0ffe,0x0aaa,0x079e,0x0a28,0x0fbe,0x0000,0x0000,0x0040,0x07fc,0x0248,0x0ffe,0x0822,
    0x01f0,0x0f1e,0x0aea,0x079e,0x0a28,0x0fbe,0x0000,0x0000,0x04e4,0x0a0a,0x04e4,0x0a0a,
    0x0eee,0x04a4,0x07fc,0x0444,0x07fc,0x0840,0x0ffe,0x0000,0x0000,0x0040,0x0020,0x07fc,
    0x04a4,0x04a4,0x04a4,0x04a4,0x04a4,0x04a4,0x04a4,0x0ffe,0x0000,0x0000,0x0fc8,0x0904,
    0x093e,0x092a,0x092a,0x0fea,0x08aa,0x08aa,0x08ba,0x088e,0x0fe0,0x0000,0x0000,0x0208,
    0x0a44,0x0abe,0x022a,0x0fea,0x022a,0x022a,0x0fea,0x022a,0x027a,0x020e,0x0000,0x0000,
    0x0488,0x0fe4,0x049e,0x0fea,0x0a8a,0x0fea,0x052a,0x0fea,0x093a,0x0666,0x09a0,0x0000,
    0x0000,0x07c8,0x0004,0x0002,0x0000,0x0fe8,0x0204,0x0206,0x0204,0x0204,0x0204,0x0384,
    0x0000,0x0000,0x0f08,0x0024,0x0042,0x0000,0x0f28,0x0444,0x0406,0x0404,0x0484,0x0444,
    0x0624,0x0000,0x0000,0x0e48,0x01f4,0x0082,0x0040,0x0e28,0x0814,0x08a6,0x0844,0x0924,
    0x0914,0x0df4,0x0000,0x0000,0x0d48,0x0144,0x01f2,0x0e40,0x0848,0x0844,0x0956,0x0954,
    0x0954,0x0844,0x0c44,0x0000,0x0000,0x0e28,0x01e4,0x0012,0x00e0,0x0e48,0x0844,0x09f6,
    0x0844,0x0844,0x0944,0x0cc4,0x0000,0x0000,0x0e48,0x01f4,0x0042,0x0e40,0x09f8,0x0844,
    0x0846,0x09f4,0x0844,0x0844,0x0df4,0x0000,0x0000,0x0de8,0x0044,0x01f2,0x0120,0x0f28,
    0x09f4,0x0806,0x09e4,0x0924,0x0924,0x0de4,0x0000,0x0000,0x0e48,0x01f4,0x0142,0x0ff0,
    0x0928,0x09e4,0x0886,0x0bf4,0x0894,0x0bfc,0x0c84,0x0000,0x0000,0x0ee8,0x0044,0x01f2,
    0x0f50,0x09f8,0x0954,0x09f6,0x0844,0x09f4,0x0844,0x0df4,0x0000,0x0000,0x0ee8,0x0094,
    0x0042,0x0ff0,0x0958,0x09f4,0x0956,0x0bf4,0x0844,0x08a4,0x0d14,0x0000,0x0000,0x0df8,
    0x0154,0x01f2,0x0150,0x0ff8,0x08a4,0x09f6,0x089c,0x09f4,0x0894,0x0df4,0x0000,0x0000,
    0x0040,0x0ffe,0x0040,0x0020,0x0890,0x0488,0x030c,0x010a,0x0208,0x04c8,0x083c,0x0000,
    0x0000,0x0108,0x0108,0x013e,0x0120,0x0310,0x0508,0x092c,0x011a,0x0128,0x0108,0x0108,
    0x0000,0x0000,0x0040,0x0ffe,0x0040,0x07fc,0x0040,0x0ffe,0x00a0,0x0898,0x0516,0x0210,
    0x0c7c,0x0000,0x0000,0x0fe4,0x0804,0x089e,0x0910,0x0808,0x0484,0x0516,0x020c,0x0314,
    0x04c4,0x0834,0x0000,0x0000,0x0c08,0x0388,0x003e,0x0020,0x0c10,0x0388,0x002c,0x001a,
    0x0028,0x0c08,0x0388,0x0000,0x0000,0x0404,0x0404,0x0fde,0x0410,0x0408,0x0444,0x0496,
    0x040c,0x0414,0x0404,0x0704,0x0000,0x0000,0x0040,0x0ffe,0x0000,0x03f8,0x0208,0x0ffe,
    0x0208,0x0bf8,0x0490,0x030e,0x0c78,0x0000,0x0000,0x01c4,0x0104,0x0fee,0x0928,0x0928,
    0x0924,0x0aac,0x0c66,0x082c,0x0824,0x0c24,0x0000,0x0000,0x0040,0x0ffe,0x0040,0x07fc,
    0x0444,0x0444,0x07fc,0x0850,0x048e,0x0308,0x0c7c,0x0000,0x0000,0x0c08,0x03c8,0x025e,
    0x0250,0x0250,0x0fc8,0x0444,0x0456,0x044c,0x0b54,0x08c4,0x0000,0x0000,0x0e04,0x01e4,
    0x011e,0x0110,0x0110,0x0fe8,0x0104,0x0116,0x010c,0x0114,0x0fe4,0x0000,0x0000,0x00e0,
    0x0318,0x0df6,0x0000,0x07fc,0x0400,0x0240,0x0ffe,0x0490,0x030e,0x0c78,0x0000,0x0000,
    0x0788,0x0848,0x003e,0x0fd0,0x0010,0x0008,0x0fcc,0x081a,0x0828,0x0408,0x0308,0x0000,
    0x0000,0x0040,0x07fc,0x0040,0x0ffe,0x0208,0x0208,0x03f8,0x0850,0x048e,0x0308,0x0c7c,
    0x0000,0x0000,0x0104,0x0fe4,0x091e,0x0910,0x0910,0x0fe8,0x0104,0x0116,0x028c,0x0454,
    0x0824,0x0000,0x0000,0x0604,0x01c4,0x011e,0x0110,0x0108,0x0fe4,0x0116,0x010c,0x0294,
    0x0444,0x0824,0x0000,0x0000,0x0f08,0x097e,0x0948,0x0944,0x0f32,0x0040,0x0ffe,0x0450,
    0x048e,0x0308,0x0c7c,0x0000,0x0000,0x0888,0x0ff4,0x0086,0x0904,0x0e44,0x0040,0x0ffe,
    0x0450,0x048e,0x0308,0x0c7c,0x0000,0x0000,0x0044,0x0fc4,0x083e,0x0bd0,0x0a50,0x0a48,
    0x0bc4,0x0c56,0x004c,0x0854,0x0fc4,0x0000,0x0000,0x0fc4,0x0844,0x085e,0x0fd0,0x0850,
    0x0848,0x0844,0x0fd6,0x000c,0x0014,0x0fe4,0x0000,0x0000,0x0104,0x0104,0x0fee,0x0928,
    0x0928,0x0924,0x0fec,0x0926,0x092c,0x0924,0x0fe4,0x0000,0x0000,0x0384,0x0444,0x083e,
    0x0610,0x01d0,0x0008,0x0604,0x01d6,0x080c,0x0614,0x01c4,0x0000,0x0000,0x0104,0x0fe4,
    0x011e,0x0110,0x0fc8,0x0104,0x010e,0x0384,0x054c,0x0924,0x0104,0x0000,0x0000,0x0040,
    0x0ffe,0x0110,0x03f8,0x060c,0x0a0a,0x03f8,0x0850,0x048e,0x0308,0x0c7c,0x0000,0x0000,
    0x0104,0x0924,0x054e,0x0108,0x0fe8,0x0104,0x010c,0x0fe6,0x010c,0x0104,0x0104,0x0000,
    0x0000,0x0040,0x0ffe,0x0110,0x00a0,0x0ffe,0x0460,0x0358,0x0846,0x04b0,0x030e,0x0c78,
    0x0000,0x0000,0x0104,0x0fe4,0x092e,0x0128,0x07e8,0x0424,0x04ac,0x0526,0x022c,0x0584,
    0x0864,0x0000,0x0000,0x0110,0x0ffe,0x0290,0x0190,0x08c8,0x0f86,0x0040,0x0ffe,0x0490,
    0x030e,0x0c78,0x0000,0x0000,0x0a44,0x0a44,0x022e,0x0fe8,0x0238,0x0224,0x0226,0x052c,
    0x0534,0x08a4,0x0864,0x0000,0x0000,0x0788,0x0848,0x003e,0x0790,0x0010,0x0008,0x0fdc,
    0x084a,0x0858,0x0848,0x0fc8,0x0000,0x0000,0x0510,0x097c,0x0110,0x0ffe,0x0210,0x0afe,
    0x0a10,0x04a8,0x04ae,0x0a48,0x099c,0x0000,0x0000,0x097e,0x0908,0x0978,0x094c,0x0852,
    0x0c20,0x0090,0x0ffe,0x0490,0x030e,0x0c78,0x0000,0x0000,0x0112,0x0fd4,0x0110,0x0114,
    0x0fd2,0x0000,0x0ffe,0x0450,0x048e,0x0308,0x0c7c,0x0000,0x0000,0x0104,0x0944,0x055e,
    0x0110,0x0fc8,0x0804,0x0816,0x0fcc,0x0814,0x0804,0x0fc4,0x0000,0x0000,0x0020,0x03fc,
    0x0204,0x0ffc,0x0004,0x07fc,0x0440,0x0ffe,0x0490,0x030e,0x0c78,0x0000,0x0000,0x0040,
    0x0ffe,0x0404,0x07bc,0x0404,0x07bc,0x0020,0x0850,0x048e,0x0308,0x0c7c,0x0000,0x0000,
    0x0040,0x0ffe,0x0490,0x050e,0x0208,0x0ffe,0x0912,0x0ffa,0x0916,0x0912,0x0df2,0x0000,
    0x0000,0x0484,0x0844,0x001e,0x0310,0x0488,0x0844,0x0016,0x0fcc,0x0854,0x0844,0x0fc4,
    0x0000,0x0000,0x0440,0x0ffe,0x0444,0x0248,0x0060,0x0358,0x0c46,0x07fc,0x0490,0x030e,
    0x0c78,0x0000,0x0000,0x0fe4,0x0904,0x0ffe,0x0910,0x0908,0x0fe4,0x008e,0x0fc4,0x086c,
    0x0844,0x0fc4,0x0000,0x0000,0x0904,0x0fe4,0x011e,0x0ff0,0x0928,0x0fe4,0x092e,0x0fe4,
    0x092c,0x0924,0x0d24,0x0000,0x0000,0x0222,0x0ffe,0x0220,0x023e,0x0fa8,0x0024,0x0ffe,
    0x0450,0x048e,0x0308,0x0c7c,0x0000,0x0000,0x0544,0x0928,0x0182,0x0e24,0x01d0,0x0088,
    0x0ffe,0x0450,0x048e,0x0308,0x0c7c,0x0000,0x0000,0x0fe4,0x0924,0x0fee,0x0928,0x0924,
    0x0fec,0x0106,0x0fec,0x0104,0x0104,0x0fe4,0x0000,0x0000,0x0104,0x0fe4,0x012e,0x0fa8,
    0x0128,0x02a4,0x0fac,0x0226,0x022c,0x0fd4,0x0214,0x0000,0x0000,0x0104,0x0fc4,0x095e,
    0x0fd0,0x0948,0x0944,0x0fd6,0x028c,0x0254,0x0fe4,0x0204,0x0000,0x0000,0x0104,0x0fe4,
    0x010e,0x0fe8,0x0108,0x0fe4,0x088c,0x0546,0x026c,0x0444,0x09e4,0x0000,0x0000,0x0248,
    0x0ffe,0x0802,0x0bfa,0x0208,0x03f8,0x0040,0x0ffe,0x0490,0x030e,0x0c78,0x0000,0x0000,
    0x00a0,0x0fbe,0x00a0,0x07bc,0x00a0,0x0090,0x0ffe,0x0450,0x048e,0x0308,0x0c7c,0x0000,
    0x0000,0x0fe4,0x0924,0x0fee,0x0928,0x0fe4,0x010c,0x0fe6,0x018c,0x0544,0x0934,0x0104,
    0x0000,0x0000,0x0040,0x0ffe,0x0248,0x03f8,0x0248,0x0ffe,0x0150,0x0e4e,0x04b0,0x030e,
    0x0c78,0x0000,0x0000,0x07c4,0x0444,0x07de,0x0450,0x07d0,0x0048,0x0fe4,0x0a8e,0x0a44,
    0x092c,0x0684,0x0000,0x0000,0x0912,0x097e,0x0912,0x097e,0x0c52,0x0010,0x0ffe,0x0450,
    0x048e,0x0308,0x0c7c,0x0000,0x0000,0x0fc4,0x0844,0x0fde,0x0250,0x0fc8,0x0244,0x024e,
    0x0fc4,0x08ac,0x08a4,0x0f84,0x0000,0x0000,0x0444,0x05f4,0x044e,0x0448,0x05f8,0x0c44,
    0x144c,0x05f6,0x044c,0x0444,0x05f4,0x0000,0x0000,0x0044,0x0fe4,0x043e,0x07e8,0x0428,
    0x07e4,0x004c,0x0fe6,0x045c,0x0384,0x0c74,0x0000,0x0000,0x0fe4,0x0024,0x0fee,0x0828,
    0x0fe8,0x0024,0x0fec,0x0ab6,0x0fec,0x0aa4,0x0aa4,0x0000,0x0000,0x07e4,0x0424,0x07ee,
    0x0428,0x07e8,0x0044,0x0fec,0x0936,0x0aac,0x09e4,0x0604,0x0000,0x0000,0x0040,0x0ffe,
    0x0428,0x07e4,0x0106,0x0ff4,0x0524,0x0954,0x0488,0x030e,0x0c78,0x0000,0x0000,0x0fa4,
    0x08a4,0x08ae,0x0fb8,0x0228,0x0fe4,0x022c,0x0326,0x06ac,0x0a64,0x0224,0x0000,0x0000,
    0x07c4,0x0824,0x0fde,0x0008,0x0ae8,0x0aa4,0x0aec,0x0aa6,0x0aec,0x08a4,0x0ca4,0x0000,
    0x0000,0x0104,0x0fc4,0x091e,0x0510,0x0fe8,0x0084,0x0fd6,0x084c,0x0fd4,0x0844,0x0fc4,
    0x0000,0x0000,0x0484,0x0fe4,0x049e,0x0310,0x0488,0x0844,0x0796,0x000c,0x0fd4,0x0844,
    0x0fc4,0x0000,0x0000,0x0fe4,0x0024,0x0fee,0x0aa8,0x04a8,0x09e4,0x0426,0x0fec,0x0414,
    0x0444,0x0684,0x0000,0x0000,0x0f24,0x0944,0x0f0e,0x0928,0x0f48,0x0504,0x0d66,0x054c,
    0x0b54,0x00c4,0x0f34,0x0000,0x0000,0x0fe4,0x0224,0x0fee,0x02a8,0x0fa8,0x02a4,0x0ea6,
    0x00ac,0x0554,0x0514,0x0cd4,0x0000,0x0000,0x0104,0x0fe4,0x022e,0x0fa8,0x0aa8,0x0fa4,
    0x0aac,0x0fa6,0x022c,0x0fd4,0x0214,0x0000,0x0000,0x0ef4,0x0aa4,0x0cce,0x0aa8,0x0d98,
    0x0084,0x0fec,0x0826,0x0fec,0x0824,0x0fe4,0x0000,0x0000,0x0104,0x0fe4,0x092e,0x0ff8,
    0x0928,0x0fe4,0x092c,0x0fe6,0x044c,0x03c4,0x0c34,0x0000,0x0000,0x0040,0x0ffe,0x0108,
    0x07be,0x0514,0x05aa,0x0e9e,0x0848,0x04b8,0x030e,0x0c78,0x0000,0x0000,0x0174,0x08c4,
    0x0fde,0x0270,0x0f98,0x0a94,0x0af6,0x0fcc,0x0244,0x0a4c,0x0fb4,0x0000,0x0000,0x0040,
    0x0ffe,0x04a4,0x07bc,0x0110,0x0ffe,0x0110,0x0ffe,0x0490,0x030e,0x0c78,0x0000,0x0000,
    0x0084,0x0fe4,0x0d6e,0x0ba8,0x0d68,0x0ba4,0x0d6c,0x0106,0x0fec,0x0444,0x0834,0x0000,
    0x0000,0x023c,0x0fe4,0x04bc,0x0fc2,0x023e,0x0fe4,0x0224,0x0ffe,0x0490,0x030e,0x0c78,
    0x0000,0x0000,0x0444,0x0ff4,0x064e,0x0d68,0x0448,0x07e4,0x000c,0x0fe6,0x010c,0x0524,
    0x0994,0x0000,0x0000,0x0544,0x0ff4,0x0a5e,0x0a50,0x03d0,0x0008,0x0fe4,0x092e,0x0fe4,
    0x092c,0x0fe4,0x0000,0x0000,0x03e4,0x02a4,0x0fee,0x0128,0x01e8,0x0ea4,0x00b6,0x0fec,
    0x0ab4,0x0aa4,0x0ff4,0x0000,0x0000,0x0fe4,0x0104,0x0ffe,0x0910,0x0dd0,0x0008,0x0fe4,
    0x0116,0x0fec,0x0ab4,0x0aa4,0x0000,0x0000,0x0284,0x0ff4,0x029e,0x0ff0,0x0a90,0x0ff8,
    0x0484,0x0fee,0x0524,0x026c,0x0d94,0x0000,0x0000,0x0fe4,0x0aa4,0x0fee,0x0248,0x0ea8,
    0x02e4,0x0cac,0x02e6,0x0eac,0x02e4,0x0ea4,0x0000,0x0000,0x0f24,0x09f4,0x0f5e,0x0950,
    0x0ff8,0x0924,0x0ffe,0x0464,0x06b4,0x052c,0x0ca4,0x0000,0x0000,0x0090,0x0fbe,0x00a4,
    0x0ffe,0x0824,0x0fbc,0x00a4,0x0ffe,0x0490,0x030e,0x0c78,0x0000,0x0000,0x0ffe,0x0090,
    0x0090,0x0ffe,0x0892,0x0892,0x0f0a,0x0806,0x0802,0x0802,0x0ffe,0x0000,0x0000,0x0ffe,
    0x00a0,0x07fc,0x04a4,0x07fc,0x0020,0x0ffe,0x0210,0x0118,0x00e0,0x071c,0x0000,0x0000,
    0x0ffe,0x00a0,0x07fc,0x04a4,0x04a4,0x07fc,0x0208,0x03f8,0x0208,0x0ffe,0x0040,0x0000,
    0x0000,0x0ffe,0x00a0,0x07fc,0x04a4,0x04a4,0x0ffe,0x0428,0x0fe4,0x0456,0x0384,0x0c74,
    0x0000,0x0000,0x0ffe,0x00a0,0x07fc,0x04a4,0x05fc,0x0f24,0x04be,0x0548,0x053c,0x0322,
    0x0cd8,0x0000,0x0000,0x03f8,0x0208,0x03f8,0x0208,0x03f8,0x0208,0x0208,0x03f8,0x0890,
    0x0888,0x0f86,0x0000,0x0000,0x0fc8,0x0848,0x0fde,0x0848,0x0fc8,0x087e,0x0fc8,0x0294,
    0x0294,0x0a42,0x0e32,0x0000,0x0000,0x05fc,0x0424,0x0248,0x03f8,0x0208,0x03f8,0x0208,
    0x03f8,0x08a0,0x0898,0x0f86,0x0000,0x0000,0x0fc8,0x0848,0x0fde,0x0850,0x0fd0,0x0848,
    0x0fcc,0x029a,0x0288,0x0a48,0x0e38,0x0000,0x0000,0x0fbc,0x08c2,0x0fbe,0x0880,0x0fae,
    0x08aa,0x0fae,0x04aa,0x06ae,0x058a,0x0cca,0x0000,0x0000,0x0f88,0x08be,0x0fa4,0x08a4,
    0x0ffe,0x0888,0x0fbe,0x0518,0x052c,0x048a,0x0c68,0x0000,0x0000,0x0faa,0x08be,0x0f80,
    0x08be,0x0f80,0x08be,0x0fa2,0x023e,0x0314,0x0a94,0x0e7e,0x0000,0x0000,0x0f94,0x08fe,
    0x0f94,0x08be,0x0faa,0x08aa,0x0fbe,0x0208,0x033e,0x0a88,0x0e7e,0x0000,0x0000,0x0fb8,
    0x0888,0x0ffe,0x088a,0x0ffe,0x088a,0x08fa,0x0faa,0x056e,0x0528,0x0cbe,0x0000,0x0000,
    0x064c,0x04a4,0x075c,0x04a4,0x0ffe,0x0912,0x09f2,0x0110,0x01f0,0x0890,0x0f8e,0x0000,
    0x0000,0x0fde,0x004a,0x0fbe,0x0a92,0x0ffe,0x020a,0x03fe,0x0208,0x03f8,0x0890,0x0f8e,
    0x0000,0x0000,0x0fa8,0x08fe,0x0faa,0x08ee,0x0f94,0x08fc,0x0f96,0x057c,0x0514,0x0494,
    0x0c7c,0x0000,0x0000,0x03f8,0x0208,0x0248,0x0248,0x0248,0x0248,0x0248,0x0248,0x08a0,
    0x0890,0x0f8e,0x0000,0x0000,0x0fc0,0x085e,0x0a50,0x0a50,0x0a52,0x0a54,0x0a48,0x0a48,
    0x0114,0x0a84,0x0e62,0x0000,0x0000,0x0fc8,0x0848,0x0a5e,0x0a48,0x0a48,0x0a7e,0x0a48,
    0x0114,0x0294,0x0a42,0x0e32,0x0000,0x0000,0x05fc,0x0424,0x0248,0x03f8,0x0208,0x0248,
    0x0248,0x0248,0x08a0,0x0898,0x0f86,0x0000,0x0000,0x0fc8,0x0848,0x0a5e,0x0a50,0x0a50,
    0x0a48,0x0a4c,0x011a,0x0288,0x0a48,0x0e38,0x0000,0x0000,0x0090,0x0f92,0x0152,0x0212,
    0x07f8,0x0208,0x0248,0x0248,0x0248,0x08b0,0x0f8e,0x0000,0x0000,0x0248,0x0ffe,0x0802,
    0x0bfa,0x0208,0x0248,0x0248,0x0248,0x08a0,0x0890,0x0f8e,0x0000,0x0000,0x0fbc,0x08c2,
    0x0abe,0x0a80,0x0aae,0x0aaa,0x0aae,0x0aaa,0x02ae,0x058a,0x0cca,0x0000,0x0000,0x03f0,
    0x0108,0x07fc,0x0446,0x07fc,0x0444,0x0444,0x07fc,0x0404,0x0402,0x0702,0x0000,0x0000,
    0x011c,0x0112,0x0fc8,0x093e,0x092a,0x093e,0x092a,0x08aa,0x08be,0x0422,0x0332,0x0000,
    0x0000,0x0fdc,0x0552,0x0548,0x057e,0x054a,0x057e,0x054a,0x054a,0x097e,0x0bc2,0x0862,
    0x0000,0x0000,0x0088,0x0fba,0x008a,0x088a,0x0ffe,0x0444,0x07fc,0x0444,0x07fc,0x0402,
    0x0602,0x0000,0x0000,0x0c1c,0x03d2,0x0248,0x027e,0x024a,0x0ffe,0x044a,0x044a,0x047e,
    0x0b42,0x08e2,0x0000,0x0000,0x0fdc,0x0912,0x0888,0x067e,0x02aa,0x0fbe,0x02aa,0x022a,
    0x0fbe,0x0222,0x0232,0x0000,0x0000,0x021c,0x0212,0x0fc8,0x0a7e,0x0a4a,0x0a7e,0x0fca,
    0x024a,0x0a7e,0x0a42,0x0fe2,0x0000,0x0000,0x005c,0x0fd2,0x0428,0x07fe,0x042a,0x0ffe,
    0x004a,0x0fea,0x0abe,0x0962,0x06b2,0x0000,0x0000,0x0ffc,0x0aa2,0x0fe8,0x003e,0x0fea,
    0x08be,0x0bea,0x0aaa,0x0bfe,0x0a82,0x0de2,0x0000,0x0000,0x03f8,0x0000,0x0ffe,0x0000,
    0x03f8,0x0000,0x0000,0x03f8,0x0208,0x0208,0x03f8,0x0000,0x0000,0x0fde,0x0200,0x021e,
    0x0200,0x021e,0x0200,0x0200,0x021e,0x0212,0x0212,0x039e,0x0000,0x0000,0x013e,0x0100,
    0x013e,0x0100,0x033e,0x0500,0x0900,0x013e,0x0122,0x0122,0x013e,0x0000,0x0000,0x021e,
    0x0200,0x021e,0x0fc0,0x021e,0x0200,0x0200,0x021e,0x0212,0x0212,0x021e,0x0000,0x0000,
    0x07ee,0x0480,0x048e,0x0480,0x048e,0x07e0,0x0480,0x048e,0x048a,0x088a,0x088e,0x0000,
    0x0000,0x0fde,0x0200,0x021e,0x0200,0x021e,0x0200,0x0200,0x021e,0x0212,0x0212,0x0fde,
    0x0000,0x0000,0x041e,0x0400,0x0fde,0x0400,0x041e,0x0440,0x0480,0x041e,0x0412,0x0412,
    0x071e,0x0000,0x0000,0x0fde,0x0200,0x021e,0x0200,0x0fde,0x0200,0x0200,0x021e,0x0212,
    0x0212,0x039e,0x0000,0x0000,0x0fde,0x0200,0x021e,0x0200,0x021e,0x0fc0,0x0200,0x021e,
    0x0212,0x0212,0x021e,0x0000,0x0000,0x089e,0x0a80,0x0a9e,0x0a80,0x0a9e,0x0a80,0x0a80,
    0x0a9e,0x0a92,0x0852,0x085e,0x0000,0x0000,0x010e,0x0100,0x010e,0x0920,0x092e,0x0920,
    0x0920,0x092e,0x092a,0x092a,0x0fee,0x0000,0x0000,0x009e,0x0f80,0x005e,0x0000,0x0fde,
    0x0400,0x0200,0x011e,0x0892,0x0852,0x0fde,0x0000,0x0000,0x0e0e,0x01e0,0x008e,0x0080,
    0x008e,0x0fe0,0x0080,0x008e,0x088a,0x088a,0x0f8e,0x0000,0x0000,0x0fde,0x0800,0x081e,
    0x0800,0x0fde,0x0040,0x0040,0x005e,0x0852,0x0852,0x0fde,0x0000,0x0000,0x014e,0x0140,
    0x092e,0x0530,0x032e,0x0120,0x0120,0x012e,0x092a,0x092a,0x0f2e,0x0000,0x0000,0x0fde,
    0x0400,0x049e,0x0480,0x0fde,0x0400,0x0600,0x059e,0x0472,0x0412,0x071e,0x0000,0x0000,
    0x078e,0x0400,0x044e,0x0840,0x082e,0x08a0,0x0080,0x044e,0x044a,0x0a2a,0x09ee,0x0000,
    0x0000,0x010e,0x0fe0,0x090e,0x0900,0x090e,0x0fe0,0x0100,0x010e,0x028a,0x044a,0x083e,
    0x0000,0x0000,0x01ce,0x0100,0x0fee,0x0920,0x092e,0x0920,0x0aa0,0x0c6e,0x082a,0x082a,
    0x0c2e,0x0000,0x0000,0x011e,0x0fe0,0x011e,0x0100,0x0f1e,0x0880,0x0880,0x085e,0x0852,
    0x0412,0x031e,0x0000,0x0000,0x03ce,0x0240,0x024e,0x0a40,0x0e2e,0x0000,0x07e0,0x044e,
    0x024a,0x038a,0x0c6e,0x0000,0x0000,0x009e,0x0f80,0x025e,0x0240,0x021e,0x0200,0x0fc0,
    0x021e,0x0212,0x0212,0x021e,0x0000,0x0000,0x061e,0x01c0,0x005e,0x0040,0x0fde,0x0240,
    0x0340,0x065e,0x0a32,0x0212,0x021e,0x0000,0x0000,0x0fee,0x0400,0x040e,0x04e0,0x04ae,
    0x04a0,0x04a0,0x04ee,0x040a,0x040a,0x070e,0x0000,0x0000,0x038e,0x0440,0x082e,0x0600,
    0x01ce,0x0000,0x0600,0x01ce,0x080a,0x060a,0x01ce,0x0000,0x0000,0x008e,0x0100,0x0fee,
    0x0100,0x010e,0x0100,0x0fe0,0x010e,0x010a,0x010a,0x0fee,0x0000,0x0000,0x0088,0x0cba,
    0x038a,0x088a,0x0ffe,0x0000,0x0ffe,0x0000,0x07fc,0x0208,0x03f8,0x0000,0x0000,0x021e,
    0x0200,0x0fde,0x0200,0x021e,0x0200,0x0fc0,0x085e,0x0852,0x0852,0x0fde,0x0000,0x0000,
    0x0c1e,0x03c0,0x025e,0x0240,0x0fde,0x0440,0x0440,0x045e,0x09d2,0x0812,0x0bde,0x0000,
    0x0000,0x0ffe,0x0912,0x0ffe,0x0000,0x03f8,0x0000,0x0ffe,0x0000,0x03f8,0x0208,0x03f8,
    0x0000,0x0000,0x004e,0x0fc0,0x014e,0x0120,0x0f2e,0x0100,0x0100,0x0f0e,0x010a,0x010a,
    0x010e,0x0000,0x0000,0x0fce,0x0900,0x090e,0x0880,0x064e,0x0000,0x0fc0,0x084e,0x084a,
    0x084a,0x0fce,0x0000,0x0000,0x0fee,0x0100,0x010e,0x0920,0x054e,0x0100,0x0100,0x0fee,
    0x010a,0x010a,0x010e,0x0000,0x0000,0x07de,0x0440,0x045e,0x07c0,0x045e,0x0440,0x07c0,
    0x045e,0x0452,0x0452,0x0ffe,0x0000,0x0000,0x0fee,0x0800,0x080e,0x09e0,0x080e,0x09e0,
    0x0920,0x092e,0x09ea,0x080a,0x0c0e,0x0000,0x0000,0x01ce,0x0000,0x01ee,0x0900,0x050e,
    0x0370,0x0140,0x034e,0x052a,0x091a,0x01ce,0x0000,0x0000,0x002e,0x0fe0,0x082e,0x0810,
    0x09ee,0x0920,0x09e0,0x092e,0x09ea,0x040a,0x030e,0x0000,0x0000,0x0c5e,0x03c0,0x005e,
    0x0840,0x0fde,0x0000,0x0fc0,0x085e,0x0fd2,0x0852,0x0fde,0x0000,0x0000,0x090e,0x0900,
    0x0fee,0x0200,0x020e,0x03e0,0x0440,0x044e,0x044a,0x09ea,0x080e,0x0000,0x0000,0x010e,
    0x0fc0,0x010e,0x0100,0x0fee,0x0400,0x0fe0,0x040e,0x044a,0x048a,0x060e,0x0000,0x0000,
    0x010e,0x0fe0,0x082e,0x0700,0x00ee,0x0080,0x0f80,0x00ee,0x008a,0x088a,0x0f8e,0x0000,
    0x0000,0x0fce,0x0040,0x004e,0x0fc0,0x004e,0x0040,0x0fa0,0x08ae,0x08aa,0x088a,0x0f8e,
    0x0000,0x0000,0x078e,0x0440,0x022e,0x0fc0,0x004e,0x0f40,0x0940,0x0d4e,0x012a,0x092a,
    0x0f0e,0x0000,0x0000,0x01ee,0x0280,0x044e,0x0820,0x0fee,0x0100,0x0100,0x0fee,0x010a,
    0x010a,0x0fee,0x0000,0x0000,0x021e,0x0fc0,0x021e,0x0200,0x0fde,0x0000,0x0000,0x0f9e,
    0x0892,0x0892,0x0f9e,0x0000,0x0000,0x0c1e,0x03c0,0x021e,0x0200,0x0fde,0x0200,0x0200,
    0x0fde,0x0852,0x0852,0x0fde,0x0000,0x0000,0x010e,0x0fe0,0x010e,0x0880,0x044e,0x0280,
    0x0900,0x04ce,0x020a,0x058a,0x086e,0x0000,0x0000,0x044e,0x0240,0x0fee,0x0100,0x010e,
    0x0fc0,0x0100,0x010e,0x0fea,0x010a,0x010e,0x0000,0x0000,0x01f8,0x0104,0x0ffe,0x0224,
    0x0ddc,0x0004,0x07f4,0x0004,0x07f4,0x0412,0x07f2,0x0000,0x0000,0x008e,0x0ff0,0x004e,
    0x0240,0x0ace,0x0aa0,0x06a0,0x022e,0x030a,0x048a,0x086e,0x0000,0x0000,0x012e,0x0120,
    0x0fee,0x0120,0x010e,0x0ff0,0x0100,0x038e,0x054a,0x093a,0x010e,0x0000,0x0000,0x010e,
    0x0fe0,0x048e,0x0840,0x0fee,0x0000,0x0fe0,0x008e,0x0fca,0x084a,0x060e,0x0000,0x0000,
    0x0248,0x0ffe,0x0110,0x0248,0x07fc,0x0802,0x03f8,0x0000,0x03f8,0x0208,0x03f8,0x0000,
    0x0000,0x0248,0x0148,0x07fc,0x0110,0x0ffe,0x0248,0x05f4,0x0802,0x07fc,0x0208,0x03f8,
    0x0000,0x0000,0x010e,0x0fe0,0x010e,0x0100,0x0fee,0x0000,0x0080,0x012e,0x041a,0x084a,
    0x038e,0x0000,0x0000,0x0fee,0x0900,0x094e,0x0880,0x094e,0x0620,0x0000,0x00ae,0x051a,
    0x084a,0x038e,0x0000,0x0000,0x0fce,0x0250,0x022e,0x0220,0x025e,0x0f40,0x0260,0x025e,
    0x024a,0x024a,0x0fbe,0x0000,0x0000,0x0fc8,0x005e,0x0fc8,0x0258,0x024e,0x0228,0x0ffe,
    0x0000,0x07fc,0x0208,0x03f8,0x0000,0x0000,0x0c0e,0x03b0,0x022e,0x02a0,0x0eae,0x0290,
    0x02b0,0x02ae,0x0faa,0x006a,0x0f9e,0x0000,0x0000,0x0fee,0x0100,0x0fee,0x0180,0x056e,
    0x0900,0x07e0,0x048e,0x0c8a,0x084a,0x063e,0x0000,0x0000,0x010e,0x0920,0x054e,0x0100,
    0x0fce,0x0840,0x0fc0,0x084e,0x0fca,0x084a,0x0c4e,0x0000,0x0000,0x0fde,0x0100,0x0fde,
    0x0880,0x089e,0x0fc0,0x0000,0x0fde,0x0852,0x0852,0x0fde,0x0000,0x0000,0x0a0e,0x0fe0,
    0x022e,0x0220,0x0aee,0x0aa0,0x0aa0,0x04ae,0x04da,0x0a0a,0x098e,0x0000,0x0000,0x0a0e,
    0x0fe0,0x020e,0x02a0,0x0aae,0x0bf0,0x0aa0,0x04ae,0x049a,0x0a0a,0x098e,0x0000,0x0000,
    0x0fee,0x0100,0x010e,0x0540,0x054e,0x0540,0x0ba0,0x092e,0x010a,0x010a,0x0fee,0x0000,
    0x0000,0x078e,0x04a0,0x04ae,0x07a0,0x002e,0x0fe0,0x0900,0x0fee,0x010a,0x028a,0x0c6e,
    0x0000,0x0000,0x024e,0x0240,0x0fce,0x0220,0x022e,0x0fc0,0x0000,0x0fce,0x084a,0x084a,
    0x0fce,0x0000,0x0000,0x07ee,0x0400,0x024e,0x0fe0,0x092e,0x0fe0,0x0920,0x0fee,0x092a,
    0x092a,0x0d2e,0x0000,0x0000,0x004e,0x0fc0,0x002e,0x07e0,0x044e,0x0540,0x0ff0,0x042e,
    0x052a,0x0fea,0x020e,0x0000,0x0000,0x079e,0x0400,0x085e,0x0fe0,0x045e,0x0440,0x07c0,
    0x029e,0x0292,0x0a52,0x0e3e,0x0000,0x0000,0x048e,0x0480,0x0fce,0x0240,0x0fee,0x0240,
    0x0240,0x0fce,0x024a,0x024a,0x0fce,0x0000,0x0000,0x0fee,0x0920,0x0fee,0x0920,0x092e,
    0x0fe0,0x0100,0x0fee,0x018a,0x054a,0x093e,0x0000,0x0000,0x028e,0x0ef0,0x028e,0x0280,
    0x0eee,0x0280,0x0280,0x02fe,0x0e8a,0x024a,0x023e,0x0000,0x0000,0x010e,0x0fe0,0x082e,
    0x07c0,0x044e,0x07c0,0x0440,0x07ce,0x044a,0x044a,0x0fee,0x0000,0x0000,0x0fee,0x0920,
    0x0bae,0x0920,0x0bae,0x0820,0x0ba0,0x0aae,0x0aaa,0x0baa,0x0c2e,0x0000,0x0000,0x0f8e,
    0x0840,0x042e,0x0100,0x0cce,0x0840,0x0840,0x0dce,0x084a,0x084a,0x0fce,0x0000,0x0000,
    0x010e,0x0fe0,0x000e,0x0fc0,0x084e,0x0fc0,0x0400,0x020e,0x0fea,0x020a,0x038e,0x0000,
    0x0000,0x092e,0x0520,0x010e,0x0280,0x0c6e,0x0100,0x0920,0x052e,0x018a,0x024a,0x0c3e,
    0x0000,0x0000,0x010e,0x0fe0,0x010e,0x0fc0,0x010e,0x0fe0,0x0840,0x0fce,0x084a,0x0fca,
    0x084e,0x0000,0x0000,0x0bee,0x0920,0x054e,0x0000,0x0fce,0x0a00,0x0fe0,0x0a0e,0x0fca,
    0x020a,0x038e,0x0000,0x0000,0x010e,0x0ff0,0x000e,0x07e0,0x042e,0x0420,0x07e0,0x010e,
    0x052a,0x091a,0x018e,0x0000,0x0000,0x038e,0x0440,0x082e,0x0fe0,0x000e,0x0fe0,0x0aa0,
    0x0aae,0x0fea,0x0aaa,0x0aae,0x0000,0x0000,0x014e,0x0f20,0x092e,0x0d60,0x092e,0x0920,
    0x0fe0,0x010e,0x028a,0x044a,0x083e,0x0000,0x0000,0x054e,0x0fe0,0x054e,0x0740,0x004e,
    0x0fc0,0x0100,0x0fee,0x018a,0x054a,0x093e,0x0000,0x0000,0x0fee,0x0920,0x0fee,0x0940,
    0x0fce,0x0940,0x0940,0x0fce,0x010a,0x0ffa,0x010e,0x0000,0x0000,0x010e,0x0fe0,0x048e,
    0x0480,0x0fee,0x0920,0x0fc0,0x094e,0x094a,0x094a,0x0d4e,0x0000,0x0000,0x022e,0x0ee0,
    0x022e,0x0220,0x0eee,0x0100,0x0fe0,0x082e,0x0fea,0x082a,0x0fee,0x0000,0x0000,0x010e,
    0x0fe0,0x010e,0x0fe0,0x092e,0x0d60,0x0920,0x0fee,0x018a,0x054a,0x093e,0x0000,0x0000,
    0x07ce,0x0820,0x0fde,0x0000,0x0aee,0x0aa0,0x0ae0,0x0aae,0x0aea,0x08aa,0x0cae,0x0000,
    0x0000,0x010e,0x0f60,0x0a8e,0x0200,0x052e,0x0890,0x0000,0x0fce,0x084a,0x084a,0x0fce,
    0x0000,0x0000,0x020e,0x0fe0,0x090e,0x0fe0,0x084e,0x0fc0,0x0200,0x0fce,0x024a,0x0ffa,
    0x020e,0x0000,0x0000,0x010e,0x0fe0,0x048e,0x0480,0x0fee,0x0000,0x0fc0,0x084e,0x0fca,
    0x084a,0x0fce,0x0000,0x0000,0x044e,0x0ff0,0x044e,0x07c0,0x044e,0x0440,0x0ff0,0x02ae,
    0x0e6a,0x002a,0x0fce,0x0000,0x0000,0x0fee,0x0820,0x0fee,0x08a0,0x0bee,0x0aa0,0x0be0,
    0x089e,0x0a8a,0x0bea,0x080e,0x0000,0x0000,0x011e,0x0fc0,0x091e,0x0500,0x0fde,0x0100,
    0x0f80,0x08de,0x0fb2,0x0892,0x0f9e,0x0000,0x0000,0x010e,0x0fe0,0x048e,0x0280,0x0fee,
    0x0220,0x09a0,0x062e,0x019a,0x0c0a,0x03ce,0x0000,0x0000,0x048e,0x0fe0,0x048e,0x0100,
    0x0fee,0x0100,0x0080,0x0fce,0x08aa,0x088a,0x0f8e,0x0000,0x0000,0x044e,0x0fe0,0x044e,
    0x07c0,0x044e,0x07c0,0x0100,0x0fee,0x018a,0x054a,0x093e,0x0000,0x0000,0x07ee,0x0420,
    0x07ee,0x0420,0x07ee,0x0040,0x0fe0,0x093e,0x0aaa,0x09ea,0x060e,0x0000,0x0000,0x0fee,
    0x0920,0x0fee,0x0920,0x0fee,0x0440,0x07c0,0x044e,0x07ca,0x044a,0x064e,0x0000,0x0000,
    0x055e,0x0ff2,0x0292,0x0ffe,0x0452,0x0932,0x07de,0x0012,0x0ff2,0x0452,0x07da,0x0000,
    0x0000,0x008e,0x0fc0,0x0aae,0x0be0,0x088e,0x0460,0x0fc0,0x0aae,0x0bea,0x088a,0x066e,
    0x0000,0x0000,0x0ffe,0x0912,0x07fc,0x0110,0x0ffe,0x0248,0x05f4,0x0802,0x03f8,0x0208,
    0x03f8,0x0000,0x0000,0x048e,0x0fe0,0x048e,0x0100,0x0fee,0x0040,0x0fc0,0x000e,0x054a,
    0x054a,0x0d2e,0x0000,0x0000,0x021e,0x0aa0,0x068e,0x0210,0x0fae,0x0200,0x0730,0x0aae,
    0x022a,0x006a,0x0f9e,0x0000,0x0000,0x05ce,0x0400,0x02ae,0x0a90,0x098e,0x00c0,0x0f30,
    0x000e,0x0fea,0x0aaa,0x0ffe,0x0000,0x0000,0x070e,0x0100,0x0fee,0x0920,0x07ee,0x0920,
    0x0fa0,0x00ae,0x0fea,0x009a,0x0f8e,0x0000,0x0000,0x010e,0x0fe0,0x048e,0x0480,0x0fee,
    0x0920,0x0fc0,0x008e,0x0f8a,0x084a,0x064e,0x0000,0x0000,0x028e,0x0ff0,0x028e,0x0fe0,
    0x0a8e,0x0ff0,0x0a80,0x0fee,0x028a,0x06ca,0x0aae,0x0000,0x0000,0x024e,0x0fe0,0x024e,
    0x0fe0,0x024e,0x0fe0,0x0920,0x0fee,0x092a,0x0ffa,0x082e,0x0000,0x0000,0x084e,0x09e0,
    0x0f2e,0x09e0,0x092e,0x0be0,0x0d20,0x09fe,0x094a,0x092a,0x0d9e,0x0000,0x0000,0x0f8e,
    0x0960,0x064e,0x01e0,0x004e,0x0fc0,0x0120,0x0fee,0x010a,0x092a,0x0fee,0x0000,0x0000,
    0x048e,0x0fe0,0x048e,0x0fc0,0x084e,0x0fc0,0x0840,0x0fee,0x010a,0x048a,0x086e,0x0000,
    0x0000,0x010e,0x0fe0,0x048e,0x0480,0x0fee,0x0920,0x0fe0,0x092e,0x0baa,0x0aaa,0x0bae,
    0x0000,0x0000,0x0eee,0x0aa0,0x0cce,0x0aa0,0x088e,0x0300,0x04e0,0x0b0e,0x00ca,0x060a,
    0x01ee,0x0000,0x0000,0x0fee,0x0020,0x07ae,0x04a0,0x07ae,0x0020,0x0ee0,0x0aae,0x0eea,
    0x002a,0x0fce,0x0000,0x0000,0x048e,0x0fe0,0x048e,0x0fe0,0x092e,0x0920,0x0fe0,0x010e,
    0x0fea,0x010a,0x0fee,0x0000,0x0000,0x07ce,0x0440,0x07ce,0x0440,0x0fee,0x0aa0,0x0fe0,
    0x044e,0x044a,0x038a,0x0c6e,0x0000,0x0000,0x048e,0x0ff0,0x048e,0x0fe0,0x054e,0x0ff0,
    0x0540,0x0fee,0x010a,0x0ffa,0x010e,0x0000,0x0000,0x09ee,0x0500,0x0aae,0x0440,0x0fce,
    0x0020,0x0fc0,0x084e,0x0fca,0x048a,0x0fee,0x0000,0x0000,0x07ee,0x0200,0x0ffe,0x0940,
    0x052e,0x0fe0,0x0aa0,0x0e6e,0x0baa,0x0aaa,0x0bae,0x0000,0x0000,0x054e,0x0b20,0x054e,
    0x0aa0,0x0fee,0x0500,0x0fe0,0x022e,0x0aea,0x062a,0x099e,0x0000,0x0000,0x0a4e,0x0bf0,
    0x02ae,0x0ea0,0x03fe,0x0a00,0x0ae0,0x04ae,0x04ea,0x0aaa,0x09ee,0x0000,0x0000,0x0fee,
    0x0280,0x0fee,0x0aa0,0x0aae,0x0fe0,0x0440,0x07ce,0x044a,0x0ffa,0x010e,0x0000,0x0000,
    0x024e,0x0fe0,0x028e,0x0aa0,0x06ce,0x0280,0x0fe0,0x084e,0x0fca,0x084a,0x0fce,0x0000,
    0x0000,0x07ce,0x0440,0x0fee,0x0aa0,0x0aae,0x0ee0,0x0100,0x0fee,0x018a,0x054a,0x093e,
    0x0000,0x0000,0x0094,0x0ffe,0x0554,0x035c,0x04a0,0x0ffe,0x0000,0x07fc,0x0208,0x0208,
    0x03f8,0x0000,0x0000,0x023c,0x0fe4,0x04bc,0x0fc2,0x023e,0x0fe4,0x023c,0x0040,0x0ffe,
    0x0208,0x03f8,0x0000,0x0000,0x0fee,0x0aa0,0x0aae,0x0fe0,0x010e,0x0fe0,0x0440,0x0ffe,
    0x010a,0x0fea,0x010e,0x0000,0x0000,0x024e,0x0ff0,0x010e,0x0fe0,0x010e,0x0ff0,0x0120,
    0x0ffe,0x092a,0x067a,0x09ae,0x0000,0x0000,0x021e,0x0fa0,0x0a8e,0x0a90,0x0fee,0x0480,
    0x0fb0,0x08ae,0x0faa,0x006a,0x0f9e,0x0000,0x0000,0x024e,0x0fe0,0x028e,0x0fc0,0x026e,
    0x0fc0,0x0240,0x0fee,0x044a,0x038a,0x0c6e,0x0000,0x0000,0x06ec,0x0424,0x06ec,0x0484,
    0x0ffe,0x0444,0x0bfa,0x0000,0x0ffe,0x0208,0x03f8,0x0000,0x0000,0x010e,0x0fe0,0x010e,
    0x0fe0,0x0aae,0x0fe0,0x0440,0x07ce,0x044a,0x07ca,0x0c3e,0x0000,0x0000,0x0444,0x0aea,
    0x0404,0x0aea,0x0404,0x0eee,0x04a4,0x0ff8,0x0216,0x01e0,0x0e1e,0x0000,0x0000,0x012e,
    0x0ff0,0x012e,0x05e0,0x0c0e,0x05e0,0x0520,0x0dee,0x000a,0x055a,0x094e,0x0000,0x0000,
    0x0a14,0x0af4,0x0f1e,0x05ea,0x0f1e,0x05ea,0x050a,0x0ffe,0x052a,0x052a,0x0ffe,0x0000,
    0x0000,0x07ee,0x0210,0x0fee,0x0220,0x0eee,0x0220,0x0ff0,0x092e,0x0fea,0x028a,0x0e6e,
    0x0000,0x0000,0x010e,0x0ff0,0x0aae,0x0ee0,0x028e,0x0ff0,0x0280,0x0fee,0x0a8a,0x047a,
    0x09ce,0x0000,0x0000,0x0aae,0x0b50,0x022e,0x0ff0,0x02ae,0x0bb0,0x0aa0,0x05be,0x04aa,
    0x0aaa,0x09fe,0x0000,0x0000,0x04ae,0x0fe0,0x048e,0x0fe0,0x054e,0x0fe0,0x0440,0x07ce,
    0x044a,0x07ca,0x0c3e,0x0000,0x0000,0x0104,0x0108,0x0100,0x0fe6,0x0104,0x0104,0x0104,
    0x0104,0x0104,0x0114,0x010c,0x0000,0x0000,0x0fe4,0x0208,0x0200,0x0206,0x0204,0x0204,
    0x0204,0x0204,0x0204,0x0214,0x038c,0x0000,0x0000,0x0108,0x0110,0x0100,0x010e,0x0308,
    0x0508,0x0908,0x0108,0x0108,0x0128,0x0118,0x0000,0x0000,0x0104,0x0108,0x0100,0x0106,
    0x0104,0x0104,0x0284,0x0284,0x0454,0x044c,0x0824,0x0000,0x0000,0x07c4,0x0448,0x0440,
    0x0446,0x0444,0x0444,0x0444,0x0444,0x0444,0x0454,0x0c2c,0x0000,0x0000,0x0404,0x0408,
    0x0fe0,0x0406,0x0404,0x0444,0x0484,0x0404,0x0404,0x0414,0x070c,0x0000,0x0000,0x0104,
    0x0108,0x0100,0x0106,0x0f04,0x0104,0x0104,0x0104,0x0104,0x0114,0x0fcc,0x0000,0x0000,
    0x0044,0x0fc8,0x0020,0x0006,0x07c4,0x0204,0x0104,0x0084,0x0844,0x0854,0x0f8c,0x0000,
    0x0000,0x0824,0x0928,0x0920,0x0926,0x0924,0x0924,0x0924,0x0924,0x0924,0x082c,0x0814,
    0x0000,0x0000,0x0484,0x0528,0x0420,0x0426,0x0444,0x0244,0x0284,0x0104,0x0294,0x044c,
    0x0824,0x0000,0x0000,0x07e4,0x0488,0x0480,0x0486,0x0484,0x07e4,0x0484,0x0484,0x0484,
    0x0894,0x088c,0x0000,0x0000,0x0fc4,0x0808,0x0800,0x0806,0x0fc4,0x0044,0x0044,0x0044,
    0x0844,0x0854,0x0fcc,0x0000,0x0000,0x0484,0x0488,0x0fe0,0x0486,0x0484,0x0484,0x0fe4,
    0x0484,0x0484,0x0454,0x044c,0x0000,0x0000,0x0104,0x0fc8,0x0100,0x0106,0x0fc4,0x0104,
    0x0104,0x0fe4,0x0904,0x0914,0x0d0c,0x0000,0x0000,0x0fc4,0x0408,0x0440,0x0446,0x0444,
    0x0fc4,0x0504,0x0504,0x0494,0x044c,0x0624,0x0000,0x0000,0x0044,0x0fc8,0x0220,0x0226,
    0x0204,0x0204,0x0fe4,0x0204,0x0204,0x0214,0x020c,0x0000,0x0000,0x0144,0x0148,0x0920,
    0x0536,0x0324,0x01a4,0x0124,0x0124,0x0924,0x0934,0x0f2c,0x0000,0x0000,0x0384,0x0448,
    0x0820,0x0016,0x0044,0x0644,0x01c4,0x0044,0x0844,0x0854,0x0f8c,0x0000,0x0000,0x0284,
    0x0288,0x0440,0x0446,0x0824,0x0084,0x0084,0x0444,0x0444,0x0a2c,0x09e4,0x0000,0x0000,
    0x07e4,0x0428,0x0520,0x0566,0x05a4,0x0524,0x0524,0x06a4,0x04a4,0x0854,0x080c,0x0000,
    0x0000,0x03c4,0x0248,0x0240,0x0246,0x0c24,0x0004,0x07e4,0x0444,0x0244,0x0394,0x0c6c,
    0x0000,0x0000,0x0104,0x0fe8,0x0100,0x0106,0x0f04,0x0884,0x0884,0x0844,0x0844,0x0414,
    0x030c,0x0000,0x0000,0x0104,0x0fe8,0x0900,0x0906,0x0904,0x0fe4,0x0104,0x0104,0x0294,
    0x044c,0x0824,0x0000,0x0000,0x0fe4,0x0108,0x0100,0x0106,0x0144,0x0f44,0x0144,0x0144,
    0x0144,0x0154,0x0fec,0x0000,0x0000,0x0fe4,0x0108,0x0100,0x0926,0x0544,0x0104,0x0104,
    0x0fe4,0x0104,0x0114,0x010c,0x0000,0x0000,0x07c4,0x0448,0x0440,0x07c6,0x0444,0x0444,
    0x07c4,0x0444,0x0454,0x044c,0x0fe4,0x0000,0x0000,0x0fc4,0x0848,0x0840,0x0846,0x0844,
    0x0fc4,0x0004,0x0484,0x0484,0x0854,0x084c,0x0000,0x0000,0x0044,0x0fc8,0x0140,0x0126,
    0x0f24,0x0104,0x0104,0x0f04,0x0104,0x0114,0x010c,0x0000,0x0000,0x0604,0x01c8,0x0040,
    0x0046,0x0fc4,0x0244,0x0344,0x0644,0x0a24,0x022c,0x0204,0x0000,0x0000,0x0384,0x0448,
    0x0820,0x0606,0x01c4,0x0004,0x0604,0x01c4,0x0804,0x0614,0x01cc,0x0000,0x0000,0x0084,
    0x0788,0x0440,0x0206,0x0fc4,0x0804,0x0804,0x0fc4,0x0804,0x0814,0x0fcc,0x0000,0x0000,
    0x0fe4,0x0808,0x0800,0x09e6,0x0804,0x09e4,0x0924,0x0924,0x09e4,0x0814,0x0c0c,0x0000,
    0x0000,0x0fc4,0x0808,0x0480,0x0306,0x0ce4,0x0204,0x0fc4,0x0204,0x0204,0x0fd4,0x020c,
    0x0000,0x0000,0x0904,0x0908,0x0fe0,0x0206,0x0204,0x03e4,0x0444,0x0444,0x0444,0x09ec,
    0x0804,0x0000,0x0000,0x0104,0x0fc8,0x0100,0x0106,0x0fe4,0x0404,0x0fe4,0x0404,0x0444,
    0x0494,0x060c,0x0000,0x0000,0x0084,0x0fe8,0x0040,0x0246,0x0ac4,0x0aa4,0x06a4,0x0214,
    0x0304,0x0494,0x084c,0x0000,0x0000,0x0a04,0x0fe8,0x0220,0x0226,0x0ae4,0x0aa4,0x0aa4,
    0x04a4,0x04d4,0x0a14,0x098c,0x0000,0x0000,0x0124,0x0128,0x0fe0,0x0126,0x0104,0x0fe4,
    0x0104,0x0384,0x0544,0x092c,0x0104,0x0000,0x0000,0x0c04,0x03c8,0x0200,0x0206,0x0fe4,
    0x0204,0x0204,0x0fc4,0x0844,0x0854,0x0fcc,0x0000,0x0000,0x0c02,0x03b4,0x0220,0x02a6,
    0x0ea4,0x0294,0x02b4,0x02a4,0x0fa4,0x006c,0x0f94,0x0000,0x0000,0x0784,0x0448,0x0220,
    0x0fc6,0x0044,0x0f44,0x0944,0x0d44,0x0154,0x092c,0x0f24,0x0000,0x0000,0x0024,0x0fe8,
    0x0820,0x0816,0x09e4,0x0924,0x09e4,0x0924,0x09e4,0x040c,0x0304,0x0000,0x0000,0x0c44,
    0x03c8,0x0040,0x0846,0x0fc4,0x0004,0x0fc4,0x0844,0x0fc4,0x0854,0x0fcc,0x0000,0x0000,
    0x0104,0x0fe8,0x0100,0x0886,0x0444,0x0284,0x0904,0x04c4,0x0204,0x0594,0x086c,0x0000,
    0x0000,0x0444,0x0248,0x0fe0,0x0106,0x0104,0x0fc4,0x0104,0x0104,0x0fe4,0x010c,0x0104,
    0x0000,0x0000,0x0104,0x0fe8,0x0820,0x0706,0x00e4,0x0084,0x0f84,0x00e4,0x0084,0x0894,
    0x0f8c,0x0000,0x0000,0x0a04,0x0fe8,0x0200,0x02a6,0x0aa4,0x0bf4,0x0aa4,0x04a4,0x0494,
    0x0a04,0x098c,0x0000,0x0000,0x0fe4,0x0108,0x0100,0x0546,0x0544,0x0544,0x0ba4,0x0924,
    0x0104,0x0114,0x0fec,0x0000,0x0000,0x0fc4,0x0108,0x0fc0,0x0886,0x0884,0x0fe4,0x0004,
    0x0fc4,0x0844,0x0854,0x0fcc,0x0000,0x0000,0x0fc4,0x0848,0x0840,0x0fc6,0x0004,0x0fc4,
    0x0104,0x0fe4,0x0104,0x0294,0x0c6c,0x0000,0x0000,0x0fe4,0x0108,0x0fe0,0x0186,0x0564,
    0x0904,0x07e4,0x0484,0x0c94,0x084c,0x0634,0x0000,0x0000,0x0044,0x0fc8,0x0020,0x07e6,
    0x0444,0x0544,0x0ff4,0x0424,0x0524,0x0fec,0x0204,0x0000,0x0000,0x0484,0x0288,0x0fe0,
    0x0826,0x0824,0x0fe4,0x0284,0x0284,0x0294,0x0a4c,0x0e34,0x0000,0x0000,0x07e4,0x0408,
    0x0240,0x0fe6,0x0924,0x0fe4,0x0924,0x0fe4,0x0924,0x0934,0x0d2c,0x0000,0x0000,0x0104,
    0x0fe8,0x0100,0x0fc6,0x0104,0x0fe4,0x0844,0x0fc4,0x0844,0x0fd4,0x084c,0x0000,0x0000,
    0x0104,0x0fe8,0x0900,0x0506,0x0fe4,0x0084,0x0fc4,0x0864,0x0fc4,0x0854,0x0fcc,0x0000,
    0x0000,0x0484,0x0fe8,0x0480,0x0106,0x0fe4,0x0084,0x0044,0x0fe4,0x0844,0x0854,0x0fcc,
    0x0000,0x0000,0x0104,0x0fe8,0x0100,0x0fe6,0x0a84,0x0324,0x0244,0x0fe4,0x0104,0x0494,
    0x086c,0x0000,0x0000,0x0284,0x0ee8,0x0280,0x0286,0x0ee4,0x0284,0x0284,0x0284,0x0ee4,
    0x028c,0x0284,0x0000,0x0000,0x0fe4,0x0928,0x0fe0,0x0926,0x0924,0x0fe4,0x0104,0x0fe4,
    0x0184,0x0554,0x092c,0x0000,0x0000,0x0484,0x0488,0x0fc0,0x0246,0x0fe4,0x0244,0x0244,
    0x0fc4,0x0244,0x0254,0x0fcc,0x0000,0x0000,0x0fe4,0x0928,0x0ba0,0x0926,0x0ba4,0x0824,
    0x0ba4,0x0aa4,0x0aa4,0x0bb4,0x0c2c,0x0000,0x0000,0x0104,0x0fe8,0x0000,0x07c6,0x0444,
    0x0444,0x07c4,0x0104,0x0544,0x092c,0x0184,0x0000,0x0000,0x0104,0x0fe8,0x0000,0x07c6,
    0x0444,0x07c4,0x0204,0x0104,0x0fe4,0x010c,0x0184,0x0000,0x0000,0x0924,0x0528,0x0100,
    0x0286,0x0c64,0x0104,0x0924,0x0524,0x0104,0x0294,0x0c6c,0x0000,0x0000,0x0104,0x0fe8,
    0x0820,0x07c6,0x0444,0x07c4,0x0444,0x07c4,0x0444,0x0454,0x0fec,0x0000,0x0000,0x0444,
    0x0fe8,0x0440,0x07c6,0x0444,0x07c4,0x0104,0x0fe4,0x0184,0x0554,0x092c,0x0000,0x0000,
    0x0544,0x0fe8,0x0540,0x0746,0x0044,0x0fc4,0x0104,0x0fe4,0x0184,0x0554,0x092c,0x0000,
    0x0000,0x0484,0x0fe8,0x0480,0x0106,0x0fe4,0x0044,0x0fc4,0x0004,0x0544,0x0554,0x0d2c,
    0x0000,0x0000,0x0a24,0x06e8,0x0220,0x0226,0x0ee4,0x0104,0x0fe4,0x0824,0x0fe4,0x0834,
    0x0fec,0x0000,0x0000,0x07e4,0x0428,0x07e0,0x0426,0x07e4,0x0044,0x0fe4,0x0934,0x0aa4,
    0x09e4,0x060c,0x0000,0x0000,0x0fe4,0x0928,0x0fe0,0x0926,0x0fe4,0x0444,0x07c4,0x0444,
    0x07c4,0x0454,0x064c,0x0000,0x0000,0x07c4,0x0228,0x07e0,0x0526,0x07e4,0x0a84,0x0e64,
    0x0184,0x0204,0x00d4,0x070c,0x0000,0x0000,0x0104,0x0fe8,0x0480,0x0486,0x0fe4,0x0224,
    0x09a4,0x0624,0x0194,0x0c14,0x03cc,0x0000,0x0000,0x0210,0x0aa4,0x0688,0x0200,0x0fb6,
    0x0224,0x0724,0x0aa4,0x0224,0x006c,0x0f94,0x0000,0x0000,0x0844,0x09e8,0x0f20,0x09e6,
    0x0924,0x0be4,0x0d24,0x09f4,0x0944,0x092c,0x0d94,0x0000,0x0000,0x0c04,0x03e8,0x0920,
    0x0546,0x0024,0x0fe4,0x0104,0x0fe4,0x0104,0x092c,0x0fe4,0x0000,0x0000,0x0104,0x0fe8,
    0x0480,0x0486,0x0fe4,0x0924,0x0fc4,0x0084,0x0f84,0x0854,0x064c,0x0000,0x0000,0x0284,
    0x0fe8,0x0280,0x0fe6,0x0a84,0x0ff4,0x0a84,0x0fe4,0x0284,0x06d4,0x0aac,0x0000,0x0000,
    0x0484,0x0fe8,0x0480,0x0fe6,0x0924,0x0924,0x0fe4,0x0104,0x0fe4,0x010c,0x0ff4,0x0000,
    0x0000,0x07c4,0x0448,0x07c0,0x0446,0x0fe4,0x0aa4,0x0fe4,0x0444,0x0444,0x0394,0x0c6c,
    0x0000,0x0000,0x0ee4,0x0aa8,0x0cc0,0x0aa6,0x0884,0x0304,0x04e4,0x0b04,0x00c4,0x0614,
    0x01cc,0x0000,0x0000,0x0fe4,0x0288,0x0fe0,0x0aa6,0x0aa4,0x0fe4,0x0444,0x07c4,0x0454,
    0x0fec,0x0104,0x0000,0x0000,0x0f24,0x0848,0x0a20,0x0fe6,0x0aa4,0x0fa4,0x0aa4,0x0fa4,
    0x0aa4,0x0a74,0x0c2c,0x0000,0x0000,0x0244,0x0fe8,0x0280,0x0aa6,0x06c4,0x0284,0x0fe4,
    0x0844,0x0fc4,0x0854,0x0fcc,0x0000,0x0000,0x0204,0x0fa8,0x0ac0,0x0a86,0x0ff4,0x04a4,
    0x0fa4,0x08a4,0x0fa4,0x006c,0x0f94,0x0000,0x0000,0x0110,0x0208,0x0404,0x00e0,0x0110,
    0x0208,0x0404,0x0bfa,0x0208,0x0208,0x03f8,0x0000,0x0000,0x057e,0x08aa,0x0054,0x000a,
    0x0724,0x08be,0x0048,0x0fbe,0x0888,0x0894,0x0fa2,0x0000,0x0000,0x0508,0x08be,0x0022,
    0x0008,0x073e,0x0888,0x007e,0x0f88,0x08be,0x08a2,0x0fbe,0x0000,0x0000,0x0ffe,0x0000,
    0x03f8,0x0208,0x0208,0x0208,0x03f8,0x0110,0x0110,0x0090,0x0ffe,0x0000,0x0000,0x0444,
    0x07fc,0x0000,0x0ffe,0x0000,0x03f8,0x0208,0x03f8,0x0110,0x0110,0x0ffe,0x0000,0x0000,
    0x023e,0x0f80,0x0200,0x023e,0x0fa2,0x0822,0x08be,0x0494,0x0514,0x0310,0x0cfe,0x0000,
    0x0000,0x00a0,0x07fc,0x04a4,0x07fc,0x04a4,0x0ffe,0x0208,0x03f8,0x0110,0x0110,0x0ffe,
    0x0000,0x0000,0x011e,0x0ff0,0x081e,0x0ef2,0x0a92,0x0a92,0x0abe,0x0ec4,0x0294,0x0a54,
    0x0e3e,0x0000,0x0000,0x0fbe,0x080a,0x093e,0x0522,0x033e,0x048a,0x0ffe,0x0208,0x03f8,
    0x0110,0x0ffe,0x0000,0x0000,0x0554,0x07fc,0x0554,0x07fc,0x0554,0x0ffe,0x0208,0x03f8,
    0x0110,0x0110,0x0ffe,0x0000,0x0000,0x02aa,0x0ffe,0x02aa,0x0ffe,0x012a,0x08fe,0x0f84,
    0x007c,0x0fa8,0x0aa8,0x0ffe,0x0000,0x0000,0x0ffe,0x0040,0x0060,0x089c,0x04c0,0x02b0,
    0x018e,0x02c0,0x04b0,0x088e,0x0060,0x0000,0x0000,0x0fee,0x010a,0x018a,0x0a6e,0x070a,
    0x02ca,0x023e,0x070a,0x0aca,0x0a3a,0x018a,0x0000,0x0000,0x01f8,0x0084,0x07fe,0x0444,
    0x0444,0x07fc,0x0250,0x014c,0x02b0,0x0c8e,0x0060,0x0000,0x0000,0x0448,0x0248,0x0ffe,
    0x0110,0x0ffe,0x0444,0x0ab2,0x01cc,0x02b0,0x0c8e,0x0060,0x0000,0x0000,0x0040,0x0ffe,
    0x0110,0x0ffe,0x0802,0x03f8,0x0850,0x04cc,0x03b0,0x0c8e,0x0060,0x0000,0x0000,0x079e,
    0x0250,0x0fea,0x0924,0x093e,0x0fe4,0x0244,0x0b34,0x06c4,0x0a34,0x0186,0x0000,0x0000,
    0x013e,0x0fc8,0x090c,0x0512,0x0ff8,0x0096,0x0fd0,0x08b8,0x0f96,0x0890,0x0f8c,0x0000,
    0x0000,0x0040,0x0842,0x0ffe,0x0d6a,0x0ad6,0x0b5a,0x0ef6,0x0b5a,0x0ad6,0x094a,0x0ffe,
    0x0000,0x0000,0x03fc,0x0048,0x0e90,0x01e0,0x011e,0x01c0,0x023c,0x0380,0x0260,0x021e,
    0x0180,0x0000,0x0000,0x00f8,0x0f96,0x08b4,0x0898,0x0816,0x08b8,0x0926,0x0838,0x0826,
    0x0420,0x0318,0x0000,0x0000,0x0438,0x0416,0x0fd4,0x0438,0x0416,0x0638,0x0526,0x04b8,
    0x0466,0x0420,0x0618,0x0000,0x0000,0x0ff8,0x0916,0x0934,0x0898,0x0656,0x0018,0x0fd6,
    0x0858,0x0856,0x0850,0x0fcc,0x0000,0x0000,0x02b8,0x0296,0x0254,0x0fd8,0x0276,0x0258,
    0x0356,0x06d8,0x0a56,0x0250,0x024c,0x0000,0x0000,0x00b8,0x0796,0x0454,0x02b8,0x0116,
    0x0298,0x0c56,0x07f8,0x0456,0x0450,0x07cc,0x0000,0x0000,0x0ff8,0x0216,0x0134,0x0fd8,
    0x0856,0x0858,0x0fd6,0x0858,0x0856,0x0850,0x0fcc,0x0000,0x0000,0x0138,0x0fd6,0x0874,
    0x0fd8,0x0856,0x0858,0x0fd6,0x0298,0x0296,0x0a50,0x0e4c,0x0000,0x0000,0x04b8,0x0fd6,
    0x04b4,0x0018,0x0fd6,0x0a58,0x0a56,0x0fd8,0x0a56,0x0a50,0x0fcc,0x0000,0x0000,0x0138,
    0x0fd6,0x0a54,0x0978,0x0ad6,0x0858,0x0fd6,0x0258,0x0fd6,0x0250,0x0dec,0x0000,0x0000,
    0x0498,0x0ff6,0x0494,0x0ffc,0x0856,0x0fd8,0x0856,0x0ff8,0x0116,0x0490,0x086c,0x0000,
    0x0000,0x07fc,0x0404,0x07fc,0x0404,0x07fc,0x0404,0x0404,0x07fc,0x0000,0x0208,0x0c06,
    0x0000,0x0000,0x0040,0x07c0,0x0040,0x03f8,0x0208,0x03f8,0x0208,0x03f8,0x0208,0x03f8,
    0x0c06,0x0000,0x0000,0x01f0,0x0088,0x07fc,0x0406,0x07fc,0x0404,0x07fc,0x0404,0x07fc,
    0x0208,0x0c06,0x0000,0x0000,0x043e,0x0422,0x0ffe,0x0422,0x043e,0x0622,0x0522,0x04be,
    0x0440,0x0414,0x0722,0x0000,0x0000,0x07fc,0x0040,0x0040,0x0ffe,0x0208,0x03f8,0x0208,
    0x03f8,0x0208,0x03f8,0x0c06,0x0000,0x0000,0x01d0,0x0208,0x07fc,0x0a22,0x0110,0x03f8,
    0x0208,0x03f8,0x0208,0x03f8,0x0c06,0x0000,0x0000,0x0c90,0x0388,0x088e,0x0ff8,0x0208,
    0x03f8,0x0208,0x03f8,0x0208,0x03f8,0x0c06,0x0000,0x0000,0x0fde,0x0052,0x005e,0x07d2,
    0x045e,0x0452,0x0552,0x055e,0x0200,0x0594,0x0862,0x0000,0x0000,0x00e0,0x0318,0x0df6,
    0x0100,0x0080,0x03f8,0x0208,0x03f8,0x0208,0x03f8,0x0c06,0x0000,0x0000,0x07fc,0x0444,
    0x0ffe,0x0444,0x07fc,0x0208,0x03f8,0x0208,0x03f8,0x0208,0x0c06,0x0000,0x0000,0x0040,
    0x0ffe,0x0040,0x03f8,0x0040,0x0ffe,0x0208,0x03f8,0x0208,0x03f8,0x0c06,0x0000,0x0000,
    0x011e,0x0fd2,0x085e,0x0852,0x001e,0x0fd2,0x0212,0x021e,0x0200,0x0214,0x03a2,0x0000,
    0x0000,0x0088,0x0fba,0x008a,0x0ffa,0x020e,0x03f8,0x0208,0x03f8,0x0208,0x03f8,0x0c06,
    0x0000,0x0000,0x0040,0x07fc,0x0444,0x07fc,0x0040,0x0ffe,0x0208,0x03f8,0x0208,0x03f8,
    0x0c06,0x0000,0x0000,0x0e1e,0x01f2,0x011e,0x0112,0x0fde,0x0812,0x0412,0x025e,0x0140,
    0x00a4,0x0f12,0x0000,0x0000,0x0ffe,0x0912,0x0ffe,0x0000,0x07fc,0x0404,0x07fc,0x0404,
    0x07fc,0x0208,0x0c06,0x0000,0x0000,0x0490,0x0fe8,0x010e,0x0208,0x0ffc,0x0404,0x07fc,
    0x0404,0x07fc,0x0208,0x0c06,0x0000,0x0000,0x0090,0x07fc,0x0490,0x07fe,0x0092,0x0ffe,
    0x0a08,0x07f8,0x0208,0x03f8,0x0c06,0x0000,0x0000,0x011e,0x0112,0x0f1e,0x0112,0x011e,
    0x0112,0x0fd2,0x085e,0x0840,0x0854,0x0fd2,0x0000,0x0000,0x011e,0x0892,0x085e,0x0fd2,
    0x001e,0x0012,0x0fd2,0x085e,0x0840,0x0854,0x0fd2,0x0000,0x0000,0x0fde,0x0902,0x0922,
    0x08be,0x0648,0x03f8,0x0208,0x03f8,0x0208,0x03f8,0x0c06,0x0000,0x0000,0x0f88,0x08be,
    0x08a8,0x0fa4,0x0222,0x03f8,0x0208,0x03f8,0x0208,0x03f8,0x0c06,0x0000,0x0000,0x0040,
    0x07fc,0x0110,0x0ffe,0x0110,0x03f8,0x0208,0x03f8,0x0208,0x03f8,0x0c06,0x0000,0x0000,
    0x009e,0x0792,0x045e,0x02b2,0x011e,0x0292,0x0c52,0x07fe,0x0440,0x0454,0x07d2,0x0000,
    0x0000,0x0fd0,0x010e,0x0fe8,0x0108,0x0ffc,0x0404,0x07fc,0x0404,0x07fc,0x0208,0x0c06,
    0x0000,0x0000,0x021e,0x0ff2,0x011e,0x0112,0x0f9e,0x08d2,0x0fb2,0x089e,0x0f80,0x0894,
    0x0ca2,0x0000,0x0000,0x0040,0x0fce,0x0920,0x0290,0x0444,0x0bfa,0x0208,0x03f8,0x0208,
    0x03f8,0x0c06,0x0000,0x0000,0x0ffe,0x00a0,0x07fc,0x04a4,0x04a4,0x07fc,0x0208,0x03f8,
    0x0208,0x03f8,0x0c06,0x0000,0x0000,0x0a1e,0x0ff2,0x021e,0x0292,0x0a9e,0x0bf2,0x0a92,
    0x045e,0x0440,0x0a14,0x09a2,0x0000,0x0000,0x0ffe,0x0012,0x07de,0x0012,0x001e,0x0ff2,
    0x0252,0x0a5e,0x0a40,0x0454,0x09e2,0x0000,0x0000,0x039e,0x0452,0x083e,0x07d2,0x001e,
    0x0012,0x0ff2,0x011e,0x0540,0x0924,0x0182,0x0000,0x0000,0x0040,0x0ffe,0x0802,0x03f8,
    0x0144,0x03f8,0x020e,0x03f8,0x0208,0x03f8,0x0c06,0x0000,0x0000,0x07de,0x0452,0x07de,
    0x0452,0x07de,0x0052,0x0fd2,0x0a9e,0x0a40,0x0914,0x06a2,0x0000,0x0000,0x0248,0x0ffe,
    0x0912,0x09f2,0x0000,0x03f8,0x0208,0x03f8,0x0208,0x03f8,0x0c06,0x0000,0x0000,0x011e,
    0x0fd2,0x049e,0x0492,0x0ffe,0x0012,0x0012,0x0fde,0x0840,0x084a,0x0fd2,0x0000,0x0000,
    0x0080,0x0ffc,0x0484,0x0ffc,0x0444,0x07e4,0x0c3c,0x07e4,0x0422,0x07e2,0x0818,0x0000,
    0x0000,0x0fbe,0x080a,0x053e,0x0322,0x048a,0x0bfe,0x0208,0x03f8,0x0208,0x03f8,0x0c06,
    0x0000,0x0000,0x0040,0x0ffe,0x0040,0x07fc,0x04a4,0x07fc,0x0208,0x03f8,0x0208,0x03f8,
    0x0c06,0x0000,0x0000,0x089e,0x0ff2,0x049e,0x0b12,0x0cfe,0x0252,0x0ff2,0x045e,0x0280,
    0x0994,0x0e62,0x0000,0x0000,0x0aee,0x0a0a,0x020e,0x0ffa,0x028e,0x028a,0x07aa,0x04ae,
    0x04a0,0x0baa,0x0872,0x0000,0x0000,0x07bc,0x0084,0x0ffc,0x0492,0x0492,0x03f8,0x0208,
    0x03f8,0x0208,0x03f8,0x0c06,0x0000,0x0000,0x0fde,0x0052,0x07de,0x0052,0x07de,0x0052,
    0x0ff2,0x015e,0x0a40,0x0454,0x09e2,0x0000,0x0000,0x011e,0x0fd2,0x091e,0x0512,0x0fde,
    0x0092,0x0fd2,0x08be,0x0f80,0x0894,0x0fa2,0x0000,0x0000,0x0fc8,0x093e,0x0cc8,0x003e,
    0x0faa,0x08aa,0x0fbe,0x0888,0x0f9c,0x052a,0x08c8,0x0000,0x0000,0x054e,0x0fea,0x028a,
    0x0ffe,0x044a,0x0fea,0x045e,0x07ca,0x044a,0x07ca,0x083a,0x0000,0x0000,0x024e,0x0ffa,
    0x028e,0x0fea,0x0a8e,0x0ffa,0x0a8a,0x0fee,0x0280,0x06d4,0x0aa2,0x0000,0x0000,0x024e,
    0x0fea,0x024e,0x0fea,0x024e,0x0fea,0x092a,0x0fee,0x0920,0x0ffa,0x082a,0x0000,0x0000,
    0x0040,0x0ffe,0x0912,0x07fc,0x0110,0x0ffe,0x0208,0x07fc,0x0a0a,0x03f8,0x0c06,0x0000,
    0x0000,0x0088,0x0fbe,0x0448,0x057e,0x0224,0x0ffa,0x0208,0x03f8,0x0208,0x03f8,0x0c06,
    0x0000,0x0000,0x025e,0x0ff2,0x091e,0x0b52,0x091e,0x0ff2,0x0452,0x07de,0x0440,0x0454,
    0x07d2,0x0000,0x0000,0x028a,0x0fbe,0x0208,0x0ffe,0x0514,0x0bfa,0x0208,0x03f8,0x0208,
    0x03f8,0x0c06,0x0000,0x0000,0x0040,0x0ffe,0x0004,0x07f8,0x0208,0x07fc,0x0524,0x05fc,
    0x0724,0x05fc,0x0d26,0x0000,0x0000,0x0a0e,0x0fea,0x042e,0x07fa,0x04ae,0x0dea,0x053a,
    0x05ee,0x0aa0,0x0bf4,0x0912,0x0000,0x0000,0x010e,0x0fea,0x010e,0x0fea,0x0aae,0x0fea,
    0x044a,0x07ce,0x0440,0x07d4,0x0c22,0x0000,0x0000,0x0ffc,0x00a4,0x07d4,0x045c,0x0fd4,
    0x0ab4,0x0c14,0x07f4,0x0412,0x07f2,0x0c0c,0x0000,0x0000,0x0088,0x0fbe,0x0954,0x073e,
    0x0ae2,0x0fbe,0x08a2,0x0fbe,0x0888,0x07be,0x0848,0x0000,0x0000,0x07fc,0x0404,0x0444,
    0x0444,0x0444,0x0444,0x0444,0x0444,0x00a0,0x0318,0x0c06,0x0000,0x0000,0x0040,0x0fc0,
    0x0040,0x07fc,0x0404,0x0444,0x0444,0x0444,0x0444,0x01b0,0x0e0e,0x0000,0x0000,0x01f0,
    0x0088,0x07fc,0x0406,0x0444,0x0444,0x0444,0x0444,0x0444,0x01b0,0x0e0e,0x0000,0x0000,
    0x07fc,0x0040,0x0040,0x0ffe,0x0208,0x0248,0x0248,0x0248,0x0248,0x01b0,0x0e0e,0x0000,
    0x0000,0x043e,0x0422,0x0fea,0x042a,0x042a,0x062a,0x052a,0x04aa,0x0448,0x0414,0x0722,
    0x0000,0x0000,0x0040,0x0ffe,0x0040,0x03f8,0x0040,0x0ffe,0x0208,0x0248,0x0248,0x01b0,
    0x0e0e,0x0000,0x0000,0x0fd0,0x0812,0x0492,0x0312,0x0c92,0x03f8,0x0208,0x0248,0x0248,
    0x01b0,0x0e0e,0x0000,0x0000,0x00be,0x0fa2,0x04aa,0x04aa,0x042a,0x052a,0x052a,0x022a,
    0x0208,0x0594,0x0862,0x0000,0x0000,0x04be,0x04a2,0x02aa,0x01aa,0x00aa,0x0fea,0x02aa,
    0x02aa,0x0488,0x0494,0x09e2,0x0000,0x0000,0x0c90,0x0388,0x00ce,0x0888,0x0ff8,0x0208,
    0x0248,0x0248,0x0248,0x01b0,0x0e0e,0x0000,0x0000,0x0ffc,0x0104,0x0ffc,0x0104,0x0ff4,
    0x0814,0x0914,0x0914,0x0912,0x02c2,0x0c38,0x0000,0x0000,0x0c3e,0x03a2,0x00aa,0x0faa,
    0x08aa,0x0aaa,0x0aaa,0x04aa,0x0488,0x0a14,0x09a2,0x0000,0x0000,0x00e0,0x0318,0x0c46,
    0x01f0,0x0100,0x03f8,0x0208,0x0248,0x0248,0x01b0,0x0e0e,0x0000,0x0000,0x0110,0x0208,
    0x07fc,0x0a22,0x0110,0x03f8,0x0208,0x0248,0x0248,0x01b0,0x0e0e,0x0000,0x0000,0x0c3e,
    0x03e2,0x022a,0x022a,0x0fea,0x082a,0x082a,0x04aa,0x0288,0x0154,0x0e22,0x0000,0x0000,
    0x00be,0x0fa2,0x086a,0x092a,0x092a,0x08aa,0x0aaa,0x0aaa,0x0b88,0x0814,0x0622,0x0000,
    0x0000,0x023e,0x0fa2,0x08aa,0x08aa,0x002a,0x002a,0x002a,0x002a,0x0008,0x0014,0x0fa2,
    0x0000,0x0000,0x07fc,0x0444,0x0ffe,0x0444,0x07fc,0x0208,0x0248,0x0248,0x0248,0x01b0,
    0x0e0e,0x0000,0x0000,0x0a00,0x0ffe,0x0200,0x02fc,0x0200,0x03fe,0x0484,0x0494,0x0494,
    0x0868,0x0986,0x0000,0x0000,0x053e,0x0922,0x0fea,0x012a,0x0fea,0x012a,0x092a,0x052a,
    0x0208,0x0594,0x0862,0x0000,0x0000,0x013e,0x0122,0x0f2a,0x012a,0x012a,0x012a,0x0faa,
    0x08aa,0x0888,0x0894,0x0fa2,0x0000,0x0000,0x0040,0x07fc,0x0444,0x07fc,0x0040,0x0ffe,
    0x0208,0x0248,0x0248,0x01b0,0x0e0e,0x0000,0x0000,0x0490,0x0fe8,0x010e,0x0208,0x0ffc,
    0x0404,0x0444,0x0444,0x0444,0x01b0,0x0e0e,0x0000,0x0000,0x0fde,0x0902,0x08a2,0x067e,
    0x0000,0x03f8,0x0208,0x0248,0x0248,0x01b0,0x0e0e,0x0000,0x0000,0x0090,0x07fc,0x0490,
    0x07fe,0x0092,0x0ffe,0x0a08,0x0648,0x0248,0x01b0,0x0e0e,0x0000,0x0000,0x0f88,0x08be,
    0x08a8,0x0fa4,0x0022,0x03f8,0x0208,0x0248,0x0248,0x01b0,0x0e0e,0x0000,0x0000,0x013e,
    0x08a2,0x08aa,0x0faa,0x002a,0x002a,0x0faa,0x08aa,0x0888,0x0894,0x0fa2,0x0000,0x0000,
    0x0a3e,0x0fe2,0x022a,0x02aa,0x0aaa,0x0bea,0x0aaa,0x04aa,0x0448,0x0a14,0x09a2,0x0000,
    0x0000,0x0ffe,0x00a0,0x07fc,0x04a4,0x07fc,0x0208,0x0248,0x0248,0x0248,0x01b0,0x0e0e,
    0x0000,0x0000,0x023e,0x0fe2,0x012a,0x012a,0x0faa,0x08ea,0x0faa,0x08aa,0x0f88,0x0894,
    0x0ca2,0x0000,0x0000,0x0fd0,0x010e,0x0fe8,0x0108,0x0ffc,0x0404,0x0444,0x0444,0x0444,
    0x01b0,0x0e0e,0x0000,0x0000,0x00be,0x0fa2,0x086a,0x04aa,0x032a,0x04aa,0x086a,0x0faa,
    0x0888,0x0894,0x0fa2,0x0000,0x0000,0x023e,0x0fe2,0x002a,0x022a,0x022a,0x0faa,0x022a,
    0x022a,0x0208,0x0214,0x0fe2,0x0000,0x0000,0x0044,0x0fc8,0x0920,0x0290,0x0444,0x0bfa,
    0x0208,0x0248,0x0248,0x01b0,0x0e0e,0x0000,0x0000,0x073e,0x08a2,0x006a,0x0faa,0x002a,
    0x002a,0x0fea,0x022a,0x0688,0x0a54,0x0312,0x0000,0x0000,0x0aee,0x0a0a,0x020a,0x0ffa,
    0x028a,0x028a,0x07aa,0x04aa,0x04a0,0x0baa,0x0872,0x0000,0x0000,0x013e,0x0fe2,0x092a,
    0x052a,0x0fea,0x00aa,0x0fea,0x08aa,0x0f88,0x0894,0x0fa2,0x0000,0x0000,0x010e,0x0fea,
    0x010a,0x0fea,0x0a8a,0x032a,0x024a,0x0fea,0x0100,0x0494,0x0862,0x0000,0x0000,0x0248,
    0x0ffe,0x0912,0x09f2,0x0000,0x03f8,0x0208,0x0248,0x0248,0x01b0,0x0e0e,0x0000,0x0000,
    0x0fbe,0x08a2,0x0faa,0x08aa,0x0faa,0x00aa,0x0fea,0x0aaa,0x0a48,0x0914,0x06a2,0x0000,
    0x0000,0x023e,0x0fe2,0x04aa,0x04aa,0x0fea,0x002a,0x002a,0x0faa,0x0888,0x0894,0x0fa2,
    0x0000,0x0000,0x0708,0x04be,0x0208,0x0fbe,0x08aa,0x0aaa,0x0abe,0x0a88,0x0a9c,0x052a,
    0x0888,0x0000,0x0000,0x0088,0x0fbe,0x0448,0x057e,0x0224,0x0ffa,0x0208,0x0248,0x0248,
    0x01b0,0x0e0e,0x0000,0x0000,0x024e,0x0ffa,0x028a,0x0fea,0x0a8a,0x0ffa,0x0a8a,0x0fea,
    0x0280,0x06d4,0x0aa2,0x0000,0x0000,0x0040,0x0ffe,0x0912,0x07fc,0x0110,0x0ffe,0x0208,
    0x064c,0x0a4a,0x01b0,0x0e0e,0x0000,0x0000,0x028a,0x0fbe,0x0208,0x0ffe,0x0514,0x0bfa,
    0x0208,0x0248,0x0248,0x01b0,0x0e0e,0x0000,0x0000,0x04be,0x0fe2,0x092a,0x0baa,0x092a,
    0x0fea,0x04aa,0x07aa,0x0488,0x0494,0x07a2,0x0000,0x0000,0x07ce,0x022a,0x0ffa,0x052a,
    0x08ea,0x022a,0x0fea,0x002a,0x0fe0,0x0854,0x0fd2,0x0000,0x0000,0x0040,0x0ffe,0x0004,
    0x07fc,0x0208,0x07fc,0x0514,0x055c,0x0754,0x055c,0x0db6,0x0000,0x0000,0x0088,0x0fbe,
    0x0954,0x073e,0x0ae2,0x0fbe,0x08a2,0x0abe,0x0a88,0x053e,0x08c8,0x0000,0x0000,0x0040,
    0x07fc,0x0040,0x0040,0x0ffe,0x0120,0x0120,0x0524,0x0922,0x0110,0x018c,0x0000,0x0000,
    0x0088,0x0fbe,0x0488,0x0448,0x047e,0x0514,0x0556,0x0254,0x0254,0x0512,0x08da,0x0000,
    0x0000,0x0f88,0x08be,0x0f88,0x0088,0x0ffe,0x0894,0x0a94,0x0ab6,0x04d4,0x0612,0x099a,
    0x0000,0x0000,0x0110,0x0ffe,0x0110,0x0110,0x0ffe,0x02a8,0x0aaa,0x0aaa,0x0aaa,0x0224,
    0x0334,0x0000,0x0000,0x0108,0x0fde,0x0908,0x0508,0x0ffe,0x0114,0x0f94,0x08d6,0x0fb4,
    0x0892,0x0f9a,0x0000,0x0000,0x0040,0x07fc,0x0040,0x0040,0x0ffe,0x0040,0x0048,0x07c8,
    0x0048,0x0078,0x0f86,0x0000,0x0000,0x0408,0x04be,0x0488,0x0488,0x04fe,0x0c88,0x07b8,
    0x04ca,0x040a,0x001e,0x0fe2,0x0000,0x0000,0x0108,0x013e,0x0108,0x0308,0x057e,0x0908,
    0x0138,0x010a,0x010a,0x001e,0x0fe2,0x0000,0x0000,0x0408,0x04be,0x0508,0x0208,0x023e,
    0x0208,0x0538,0x088a,0x084a,0x001e,0x0fe2,0x0000,0x0000,0x0f88,0x023e,0x0208,0x0208,
    0x0fbe,0x0208,0x0238,0x020a,0x020a,0x001e,0x0fe2,0x0000,0x0000,0x0f88,0x08be,0x0888,
    0x0888,0x0fbe,0x0088,0x00b8,0x088a,0x0f8a,0x001e,0x0fe2,0x0000,0x0000,0x0308,0x04be,
    0x0848,0x0208,0x05be,0x0208,0x09b8,0x040a,0x038a,0x001e,0x0fe2,0x0000,0x0000,0x0f88,
    0x0a3e,0x0908,0x0c88,0x003e,0x0f88,0x08b8,0x088a,0x0f8a,0x001e,0x0fe2,0x0000,0x0000,
    0x0a08,0x0fbe,0x0288,0x0a88,0x0afe,0x0488,0x04b8,0x0a8a,0x09ca,0x001e,0x0fe2,0x0000,
    0x0000,0x0708,0x04be,0x0208,0x0f88,0x083e,0x0f88,0x0838,0x080a,0x0f8a,0x001e,0x0fe2,
    0x0000,0x0000,0x0f88,0x08be,0x0f88,0x0888,0x0fbe,0x0008,0x0fb8,0x020a,0x0fca,0x021e,
    0x0fe2,0x0000,0x0000,0x0208,0x0abe,0x0688,0x0208,0x0fbe,0x0888,0x0fb8,0x088a,0x0c8a,
    0x001e,0x0fe2,0x0000,0x0000,0x0948,0x055e,0x0108,0x0fc8,0x087e,0x0bc8,0x0a78,0x0bca,
    0x0c4a,0x001e,0x0fe2,0x0000,0x0000,0x0fe8,0x015e,0x0fc8,0x0948,0x0bfe,0x0548,0x05d8,
    0x0b6a,0x090a,0x001e,0x0fe2,0x0000,0x0000,0x0088,0x0fbe,0x0948,0x0bc8,0x053e,0x0fc8,
    0x0978,0x0bca,0x090a,0x049e,0x0fe2,0x0000,0x0000,0x0dc8,0x0b5e,0x0d88,0x0b48,0x0ffe,
    0x0248,0x0ff8,0x024a,0x0fca,0x001e,0x0fe2,0x0000,0x0000,0x07f8,0x0408,0x0408,0x07f8,
    0x0040,0x0040,0x07c8,0x0048,0x0048,0x0078,0x0f86,0x0000,0x0000,0x079e,0x0412,0x0412,
    0x049e,0x0488,0x0488,0x049a,0x084a,0x084a,0x082a,0x083e,0x0000,0x0000,0x011e,0x0112,
    0x0ff2,0x011e,0x0108,0x0fe8,0x011a,0x010a,0x028a,0x044a,0x083e,0x0000,0x0000,0x023e,
    0x0222,0x0222,0x02be,0x0e88,0x0288,0x02ba,0x028a,0x028a,0x028a,0x0ffe,0x0000,0x0000,
    0x011e,0x0ff2,0x0112,0x011e,0x07c8,0x0408,0x047a,0x044a,0x028a,0x038a,0x0c7e,0x0000,
    0x0000,0x0e1e,0x01d2,0x0112,0x011e,0x0108,0x0fe8,0x010a,0x011a,0x028a,0x044a,0x083e,
    0x0000,0x0000,0x011e,0x0892,0x0852,0x0fde,0x0008,0x0008,0x0fda,0x084a,0x084a,0x084a,
    0x0fde,0x0000,0x0000,0x093e,0x0fe2,0x0122,0x093e,0x0a88,0x0a88,0x0aba,0x044a,0x044a,
    0x0a0a,0x09be,0x0000,0x0000,0x025e,0x0252,0x0fd2,0x025e,0x0208,0x0fc8,0x023a,0x020a,
    0x050a,0x088a,0x087e,0x0000,0x0000,0x013e,0x0fe2,0x0822,0x08be,0x0088,0x0c88,0x03ba,
    0x008a,0x088a,0x088a,0x0fbe,0x0000,0x0000,0x0e9e,0x0a92,0x0bf2,0x0a9e,0x0a88,0x0a48,
    0x0a5a,0x0a2a,0x0a2a,0x0b0a,0x0ede,0x0000,0x0000,0x005e,0x0fd2,0x0832,0x0bde,0x0a48,
    0x0a48,0x0bda,0x044a,0x004a,0x084a,0x0f9e,0x0000,0x0000,0x0ffe,0x0222,0x0222,0x023e,
    0x0108,0x0f88,0x08ca,0x08ba,0x088a,0x088a,0x0fbe,0x0000,0x0000,0x0fbe,0x0aa2,0x0aa2,
    0x0abe,0x0a88,0x0fc8,0x0aba,0x0a8a,0x0a8a,0x0a8a,0x0abe,0x0000,0x0000,0x021e,0x0fd2,
    0x0a52,0x025e,0x0fc8,0x0848,0x095a,0x052a,0x062a,0x090a,0x08de,0x0000,0x0000,0x0fbe,
    0x00a2,0x00a2,0x0fbe,0x0888,0x0888,0x0fba,0x008a,0x008a,0x008a,0x0fbe,0x0000,0x0000,
    0x0fde,0x0852,0x0fd2,0x085e,0x0848,0x0fc8,0x015a,0x094a,0x0a4a,0x044a,0x09fe,0x0000,
    0x0000,0x011e,0x0112,0x0ff2,0x029e,0x0288,0x0aa8,0x0aaa,0x0a9a,0x028a,0x024a,0x033e,
    0x0000,0x0000,0x025e,0x0252,0x0fd2,0x025e,0x0208,0x0fc8,0x02ba,0x028a,0x028a,0x0a4a,
    0x0e3e,0x0000,0x0000,0x011e,0x0ff2,0x0012,0x045e,0x0828,0x0008,0x045a,0x028a,0x010a,
    0x028a,0x0c7e,0x0000,0x0000,0x011e,0x0ff2,0x0492,0x085e,0x0fe8,0x0008,0x0ff8,0x008a,
    0x0fca,0x084a,0x061e,0x0000,0x0000,0x079e,0x0452,0x0232,0x0fde,0x0048,0x0f48,0x095a,
    0x0d4a,0x014a,0x092a,0x0f3e,0x0000,0x0000,0x009e,0x0792,0x0452,0x02be,0x0108,0x0288,
    0x0c5a,0x07ea,0x044a,0x044a,0x07de,0x0000,0x0000,0x029e,0x0ab2,0x06d2,0x029e,0x0288,
    0x0688,0x0aca,0x02ba,0x028a,0x0a4a,0x0c3e,0x0000,0x0000,0x091e,0x0ff2,0x0112,0x0fde,
    0x0108,0x0fc8,0x093a,0x050a,0x030a,0x02ca,0x0c3e,0x0000,0x0000,0x009e,0x0e92,0x01d2,
    0x049e,0x0308,0x0cc8,0x001a,0x0fca,0x028a,0x0a4a,0x0e3e,0x0000,0x0000,0x079e,0x0492,
    0x0492,0x045e,0x0c48,0x0108,0x0fda,0x010a,0x058a,0x094a,0x013e,0x0000,0x0000,0x0fde,
    0x0852,0x0fd2,0x005e,0x0fc8,0x0848,0x0bda,0x0a4a,0x0bca,0x084a,0x063e,0x0000,0x0000,
    0x0f88,0x00be,0x0f88,0x04b8,0x044e,0x05f8,0x0110,0x01f0,0x0748,0x0078,0x0f86,0x0000,
    0x0000,0x011e,0x0fd2,0x0852,0x0fde,0x0848,0x0fc8,0x015a,0x094a,0x0a4a,0x044a,0x09fe,
    0x0000,0x0000,0x07de,0x0212,0x0112,0x0ffe,0x0928,0x0fe8,0x093a,0x0fea,0x092a,0x092a,
    0x0d3e,0x0000,0x0000,0x011e,0x0ff2,0x0112,0x0fde,0x0088,0x0fe8,0x045a,0x0fca,0x042a,
    0x044a,0x069e,0x0000,0x0000,0x021e,0x0af2,0x0692,0x0a5e,0x0b28,0x0008,0x0fda,0x084a,
    0x0fca,0x084a,0x0fde,0x0000,0x0000,0x089e,0x0ff2,0x0492,0x0b1e,0x0ce8,0x0248,0x0ffa,
    0x044a,0x028a,0x098a,0x0e7e,0x0000,0x0000,0x0fde,0x0952,0x0fd2,0x095e,0x0948,0x0fc8,
    0x011a,0x0fea,0x018a,0x054a,0x093e,0x0000,0x0000,0x0fde,0x0852,0x0fd2,0x025e,0x0fc8,
    0x0248,0x025a,0x0faa,0x08aa,0x088a,0x0fbe,0x0000,0x0000,0x005e,0x0fd2,0x0ab2,0x0a9e,
    0x0a88,0x0be8,0x0a8a,0x0aba,0x0a8a,0x0b4a,0x0e3e,0x0000,0x0000,0x07de,0x0452,0x07d2,
    0x045e,0x07c8,0x0048,0x0ffa,0x0a8a,0x0a4a,0x092a,0x069e,0x0000,0x0000,0x0bde,0x0892,
    0x0532,0x045e,0x0008,0x0108,0x0ffa,0x018a,0x054a,0x092a,0x011e,0x0000,0x0000,0x011e,
    0x0ff2,0x0812,0x07de,0x0008,0x0008,0x0ffa,0x010a,0x054a,0x092a,0x011e,0x0000,0x0000,
    0x045e,0x0252,0x0ff2,0x029e,0x0288,0x0aa8,0x06ca,0x029a,0x028a,0x028a,0x0ffe,0x0000,
    0x0000,0x021e,0x0fd2,0x0252,0x025e,0x0e48,0x0258,0x024a,0x0faa,0x08aa,0x088a,0x0f9e,
    0x0000,0x0000,0x039e,0x0452,0x0832,0x0fde,0x0008,0x0ae8,0x0aba,0x05ea,0x05aa,0x0aea,
    0x0abe,0x0000,0x0000,0x011e,0x0fd2,0x0552,0x0fde,0x0548,0x0748,0x005a,0x07aa,0x04aa,
    0x030a,0x0cde,0x0000,0x0000,0x07de,0x0212,0x0fd2,0x095e,0x0fc8,0x0948,0x011a,0x0fea,
    0x090a,0x088a,0x067e,0x0000,0x0000,0x0fde,0x0112,0x0ff2,0x095e,0x0fc8,0x0948,0x0fda,
    0x010a,0x0fca,0x010a,0x0ffe,0x0000,0x0000,0x0a5e,0x0a52,0x0fd2,0x001e,0x0fe8,0x0118,
    0x0fea,0x0aaa,0x0aaa,0x0aaa,0x0c3e,0x0000,0x0000,0x07de,0x0212,0x0152,0x0ffe,0x0988,
    0x0568,0x010a,0x0ffa,0x018a,0x054a,0x093e,0x0000,0x0000,0x011e,0x0ff2,0x0492,0x049e,
    0x0fe8,0x0928,0x0fca,0x095a,0x094a,0x094a,0x0d5e,0x0000,0x0000,0x0040,0x0ffe,0x0912,
    0x07fc,0x0110,0x0ffe,0x0514,0x09f2,0x0748,0x0078,0x0f86,0x0000,0x0000,0x0ffe,0x0952,
    0x0552,0x001e,0x0108,0x0cc8,0x085a,0x0dca,0x084a,0x084a,0x0fde,0x0000,0x0000,0x025e,
    0x0ff2,0x0112,0x0fde,0x0108,0x0fe8,0x009a,0x0fca,0x022a,0x020a,0x0fde,0x0000,0x0000,
    0x0bde,0x0932,0x0552,0x029e,0x0948,0x0fe8,0x011a,0x0fea,0x028a,0x044a,0x083e,0x0000,
    0x0000,0x07de,0x0452,0x05d2,0x045e,0x05c8,0x0008,0x0ffa,0x0aaa,0x0cca,0x0aaa,0x0dde,
    0x0000,0x0000,0x079e,0x0852,0x0ff2,0x085e,0x0fc8,0x0848,0x0fda,0x002a,0x0faa,0x088a,
    0x0fbe,0x0000,0x0000,0x0ade,0x0212,0x0ad2,0x051e,0x0888,0x0fe8,0x084a,0x0fda,0x084a,
    0x0fca,0x085e,0x0000,0x0000,0x0fde,0x0a52,0x0fd2,0x0a5e,0x0fe8,0x0a88,0x0ffa,0x0a8a,
    0x0a8a,0x0fea,0x021e,0x0000,0x0000,0x0900,0x0ffc,0x0924,0x057c,0x02a4,0x0bfc,0x0e12,
    0x03f2,0x0648,0x0078,0x0f86,0x0000,0x0000,0x011e,0x0ff2,0x0112,0x0ffe,0x0108,0x0fe8,
    0x044a,0x07da,0x044a,0x07ca,0x0c3e,0x0000,0x0000,0x045e,0x0ff2,0x0452,0x07de,0x0108,
    0x0fe8,0x093a,0x0b6a,0x0daa,0x0b6a,0x0d3e,0x0000,0x0000,0x055e,0x0532,0x0a92,0x081e,
    0x0248,0x0228,0x0eba,0x02aa,0x02aa,0x03aa,0x0c7e,0x0000,0x0000,0x091e,0x0ff2,0x0012,
    0x0efe,0x0aa8,0x0ee8,0x0aba,0x0eea,0x0aaa,0x0aaa,0x0abe,0x0000,0x0000,0x00aa,0x0f88,
    0x047e,0x052a,0x033e,0x0cea,0x0210,0x03f0,0x0648,0x0078,0x0f86,0x0000,0x0000,0x09fe,
    0x0512,0x0ab2,0x045e,0x0fc8,0x0028,0x0fda,0x084a,0x0fca,0x048a,0x0ffe,0x0000,0x0000,
    0x025e,0x0ff2,0x0912,0x0b7e,0x0928,0x0fe8,0x044a,0x07da,0x044a,0x044a,0x07de,0x0000,
    0x0000,0x025e,0x0ff2,0x0292,0x0ffe,0x0aa8,0x0e68,0x082a,0x0ffa,0x040a,0x044a,0x069e,
    0x0000,0x0000,0x0a5e,0x0af2,0x0f12,0x02fe,0x02a8,0x06a8,0x05ea,0x055a,0x054a,0x054a,
    0x0cfe,0x0000,0x0000,0x0ffe,0x0222,0x0f62,0x0abe,0x09e8,0x04a8,0x04aa,0x05da,0x0a8a,
    0x0a4a,0x095e,0x0000,0x0000,0x011e,0x0ff2,0x0112,0x0ffe,0x0448,0x0ee8,0x045a,0x0fea,
    0x028a,0x0a4a,0x0e3e,0x0000,0x0000,0x0a9e,0x0ff2,0x0492,0x049e,0x0fe8,0x0108,0x0fda,
    0x010a,0x0fea,0x048a,0x087e,0x0000,0x0000,0x011e,0x0ff2,0x0a92,0x045e,0x0108,0x07c8,
    0x055a,0x0fea,0x092a,0x0fea,0x011e,0x0000,0x0000,0x07de,0x0452,0x0ff2,0x0abe,0x0aa8,
    0x0ee8,0x011a,0x0fea,0x018a,0x054a,0x093e,0x0000,0x0000,0x021e,0x0fb2,0x0212,0x0fde,
    0x0928,0x0f88,0x023a,0x0faa,0x022a,0x006a,0x0f9e,0x0000,0x0000,0x0ffe,0x0a92,0x0ff2,
    0x005e,0x0fe8,0x0888,0x0bea,0x0aba,0x0bea,0x0a8a,0x0dfe,0x0000,0x0000,0x049e,0x0ff2,
    0x0912,0x0fde,0x0508,0x0fc8,0x089a,0x0fca,0x08aa,0x088a,0x0fbe,0x0000,0x0000,0x011e,
    0x0fd2,0x0112,0x0ffe,0x0808,0x07c8,0x011a,0x0fea,0x08aa,0x0aaa,0x0cfe,0x0000,0x0000,
    0x009e,0x0ff2,0x0552,0x05de,0x0b68,0x0428,0x07ea,0x043a,0x07ea,0x042a,0x041e,0x0000,
    0x0000,0x0dde,0x0b52,0x0d92,0x0b5e,0x0908,0x0488,0x0fda,0x026a,0x0fca,0x024a,0x0fde,
    0x0000,0x0000,0x049e,0x0ff2,0x0492,0x0f3e,0x0848,0x0aa8,0x0fba,0x0aea,0x0faa,0x0aaa,
    0x0fbe,0x0000,0x0000,0x0f3e,0x0a92,0x0bf2,0x0a5e,0x07a8,0x0a08,0x0bfa,0x0a4a,0x0bfa,
    0x06aa,0x031e,0x0000,0x0000,0x0efe,0x0222,0x0ee2,0x0abe,0x0aa8,0x07c8,0x045a,0x07ca,
    0x044a,0x07ca,0x0c3e,0x0000,0x0000,0x023e,0x0fe2,0x0aa2,0x0fbe,0x0aa8,0x0fe8,0x053a,
    0x0aea,0x0faa,0x022a,0x0fde,0x0000,0x0000,0x0ffe,0x0452,0x07d2,0x045e,0x0fe8,0x0aa8,
    0x0eea,0x0aba,0x0eea,0x0baa,0x089e,0x0000,0x0000,0x04be,0x0fe2,0x0aa2,0x0efe,0x0aa8,
    0x0ee8,0x093a,0x0faa,0x0aea,0x0aaa,0x0fbe,0x0000,0x0000,0x0020,0x03f8,0x0208,0x03f8,
    0x0a08,0x07f8,0x0208,0x03fe,0x0220,0x0218,0x0386,0x0000,0x0000,0x0f84,0x083e,0x0822,
    0x0fbe,0x00a2,0x00be,0x0fa2,0x087e,0x0828,0x0824,0x0732,0x0000,0x0000,0x0f84,0x00be,
    0x0aa2,0x0abe,0x04a2,0x04be,0x0ae2,0x0abe,0x09a8,0x00a4,0x0fb2,0x0000,0x0000,0x0784,
    0x049e,0x0492,0x049e,0x0c52,0x011e,0x0ff2,0x011e,0x0598,0x0954,0x011a,0x0000,0x0000,
    0x0104,0x095e,0x0552,0x011e,0x0fd2,0x085e,0x0bd2,0x0a5e,0x0bd8,0x0854,0x0c5a,0x0000,
    0x0000,0x0fe4,0x003e,0x07a2,0x04be,0x07a2,0x003e,0x0ee2,0x0abe,0x0ee8,0x0024,0x0ff2,
    0x0000,0x0000,0x0040,0x0ffe,0x0040,0x07fc,0x0444,0x07fc,0x0444,0x07fc,0x0040,0x0ffe,
    0x0040,0x0000,0x0000,0x0210,0x02fe,0x0210,0x02fe,0x0292,0x02fe,0x0292,0x02fe,0x0a10,
    0x0afe,0x0e10,0x0000,0x0000,0x0108,0x013e,0x07c8,0x053e,0x052a,0x053e,0x052a,0x04be,
    0x0488,0x047e,0x0c48,0x0000,0x0000,0x0ffe,0x0842,0x0ffe,0x0248,0x03f8,0x0248,0x0248,
    0x03f8,0x0040,0x0ffe,0x0040,0x0000,0x0000,0x0fc8,0x023e,0x0208,0x023e,0x022a,0x0ffe,
    0x022a,0x023e,0x0208,0x023e,0x0208,0x0000,0x0000,0x0fc8,0x093e,0x0908,0x09be,0x092a,
    0x0b3e,0x0d2a,0x08be,0x0888,0x043e,0x0308,0x0000,0x0000,0x0fc8,0x007e,0x0048,0x0f7e,
    0x094a,0x097e,0x0d4a,0x017e,0x0148,0x093e,0x0f28,0x0000,0x0000,0x0088,0x0fbe,0x0a88,
    0x0abe,0x0aaa,0x023e,0x022a,0x053e,0x0508,0x08be,0x0848,0x0000,0x0000,0x0208,0x023e,
    0x0f88,0x0abe,0x0aaa,0x0abe,0x0faa,0x0abe,0x0a88,0x0abe,0x0f88,0x0000,0x0000,0x0fc8,
    0x083e,0x0808,0x0bbe,0x0aaa,0x0abe,0x0aaa,0x0bbe,0x0808,0x083e,0x0e08,0x0000,0x0000,
    0x0288,0x02be,0x0f88,0x02be,0x022a,0x0ffe,0x022a,0x023e,0x0508,0x08be,0x0848,0x0000,
    0x0000,0x0a08,0x0ffe,0x0208,0x023e,0x03ea,0x02be,0x04aa,0x04be,0x0488,0x0bfe,0x0808,
    0x0000,0x0000,0x0108,0x0ffe,0x0008,0x04be,0x086a,0x003e,0x04aa,0x053e,0x0208,0x053e,
    0x08c8,0x0000,0x0000,0x0510,0x097c,0x0110,0x0ffe,0x0210,0x0afe,0x0a94,0x04fc,0x0494,
    0x0afe,0x0990,0x0000,0x0000,0x0fc8,0x023e,0x0108,0x08be,0x0fea,0x023e,0x022a,0x0fbe,
    0x0208,0x023e,0x0fc8,0x0000,0x0000,0x0fe8,0x02be,0x02a8,0x02fe,0x02aa,0x02be,0x02ea,
    0x02be,0x0aa8,0x0afe,0x0e88,0x0000,0x0000,0x0788,0x047e,0x0228,0x0ffe,0x092a,0x093e,
    0x0fea,0x02be,0x0288,0x0a7e,0x0e48,0x0000,0x0000,0x0908,0x0ffe,0x0108,0x0ffe,0x092a,
    0x0ffe,0x092a,0x0ffe,0x0928,0x093e,0x0d28,0x0000,0x0000,0x0fc8,0x0abe,0x0a88,0x057e,
    0x0aaa,0x0abe,0x002a,0x0fbe,0x0208,0x023e,0x0fc8,0x0000,0x0000,0x0fe8,0x013e,0x0108,
    0x0ffe,0x092a,0x0b7e,0x0b6a,0x0dbe,0x0928,0x093e,0x0d28,0x0000,0x0000,0x0fe8,0x0928,
    0x0fea,0x094a,0x0fc8,0x097e,0x0954,0x0fd4,0x0114,0x0ff2,0x0102,0x0000,0x0000,0x0fe8,
    0x083e,0x0aa8,0x0abe,0x0fea,0x093e,0x0fea,0x08be,0x08a8,0x0bbe,0x0c28,0x0000,0x0000,
    0x0ee8,0x089e,0x0aa8,0x045e,0x0aaa,0x001e,0x0eea,0x089e,0x0aa8,0x045e,0x0aa8,0x0000,
    0x0000,0x00a0,0x0fbe,0x00a0,0x07bc,0x0090,0x0ffe,0x0248,0x03f8,0x0248,0x0ffe,0x0040,
    0x0000,0x0000,0x0388,0x045e,0x0828,0x0ffe,0x002a,0x0ffe,0x0aaa,0x0abe,0x0fe8,0x0abe,
    0x0aa8,0x0000,0x0000,0x0f88,0x08be,0x0f88,0x003e,0x0fea,0x08be,0x0faa,0x08be,0x0f88,
    0x08fe,0x0808,0x0000,0x0000,0x07c8,0x083e,0x0fc8,0x003e,0x0aea,0x0abe,0x0aea,0x0abe,
    0x0ae8,0x08be,0x0ca8,0x0000,0x0000,0x0fc8,0x003e,0x0788,0x04be,0x07aa,0x003e,0x0fea,
    0x093e,0x0fe8,0x093e,0x0fe8,0x0000,0x0000,0x0fc8,0x087e,0x0fc8,0x057e,0x0fca,0x057e,
    0x054a,0x0ffe,0x0a88,0x04be,0x09c8,0x0000,0x0000,0x064c,0x05f4,0x075c,0x05f4,0x0554,
    0x07fc,0x0444,0x0ffe,0x0000,0x0208,0x0c06,0x0000,0x0000,0x0788,0x04be,0x0488,0x04fe,
    0x0c48,0x003e,0x0fea,0x08be,0x0488,0x033e,0x0cc8,0x0000,0x0000,0x0208,0x0ffe,0x0a48,
    0x0fbe,0x022a,0x0fbe,0x022a,0x0ffe,0x0888,0x08be,0x0f88,0x0000,0x0000,0x0208,0x0fbe,
    0x0208,0x0ffe,0x08aa,0x08be,0x0faa,0x013e,0x0ac8,0x04be,0x0988,0x0000,0x0000,0x0108,
    0x0ffe,0x02a8,0x0ffe,0x0aaa,0x0ffe,0x024a,0x0ede,0x0248,0x0b5e,0x0ce8,0x0000,0x0000,
    0x0108,0x0ffe,0x0928,0x0ffe,0x092a,0x0ffe,0x052a,0x0ffe,0x0408,0x045e,0x0688,0x0000,
    0x0000,0x0248,0x0ffe,0x0a48,0x0a3e,0x0bea,0x093e,0x0bea,0x053e,0x05e8,0x0b3e,0x0928,
    0x0000,0x0000,0x0fe8,0x013e,0x0fc8,0x02be,0x06ea,0x0bbe,0x002a,0x0ffe,0x0aa8,0x0bbe,
    0x0c28,0x0000,0x0000,0x0040,0x0ffe,0x0248,0x03f8,0x0248,0x0ffe,0x04a4,0x07bc,0x04a4,
    0x0ffe,0x0208,0x0000,0x0000,0x0444,0x0bfa,0x0554,0x0ffe,0x0554,0x0ffe,0x0444,0x03f8,
    0x0208,0x0208,0x03f8,0x0000,0x0000,0x0020,0x0ffe,0x0010,0x0048,0x0044,0x07fc,0x0040,
    0x0040,0x0ffe,0x0040,0x0040,0x0000,0x0000,0x0108,0x017e,0x0104,0x0112,0x0112,0x017e,
    0x0110,0x0110,0x097e,0x0910,0x0e10,0x0000,0x0000,0x0108,0x013e,0x07c4,0x050a,0x050a,
    0x053e,0x0508,0x0488,0x04be,0x0448,0x0c48,0x0000,0x0000,0x0fc8,0x023e,0x0204,0x020a,
    0x020a,0x0fde,0x0208,0x0208,0x023e,0x0208,0x0208,0x0000,0x0000,0x0208,0x023e,0x0fc4,
    0x010a,0x0fca,0x00be,0x0f88,0x0808,0x04de,0x0308,0x0c08,0x0000,0x0000,0x0708,0x08be,
    0x0044,0x000a,0x008a,0x0cbe,0x0388,0x0088,0x00be,0x0888,0x0f08,0x0000,0x0000,0x0088,
    0x0fbe,0x0a84,0x0a8a,0x0a8a,0x023e,0x0208,0x0508,0x053e,0x0888,0x0848,0x0000,0x0000,
    0x0010,0x0ffe,0x0048,0x03f8,0x0040,0x0ffe,0x0040,0x0fbe,0x04a4,0x0318,0x0ca6,0x0000,
    0x0000,0x0208,0x023e,0x0fc4,0x0a4a,0x0a4a,0x0a7e,0x0fc8,0x0a48,0x0a7e,0x0a48,0x0fc8,
    0x0000,0x0000,0x0fc8,0x083e,0x0404,0x030a,0x0cca,0x003e,0x0f88,0x0208,0x023e,0x0208,
    0x0fc8,0x0000,0x0000,0x0510,0x097c,0x0110,0x0ffe,0x0208,0x0afe,0x0a14,0x047c,0x0410,
    0x0afe,0x0910,0x0000,0x0000,0x0608,0x01de,0x0104,0x0fea,0x028a,0x045e,0x0828,0x0488,
    0x049e,0x0448,0x0448,0x0000,0x0000,0x0108,0x0fde,0x0004,0x048a,0x084a,0x001e,0x0488,
    0x0508,0x023e,0x0508,0x08c8,0x0000,0x0000,0x0908,0x0ffe,0x0104,0x0fea,0x092a,0x0ffe,
    0x0928,0x0fe8,0x093e,0x0928,0x0d28,0x0000,0x0000,0x0fe8,0x029e,0x0284,0x0fea,0x0aaa,
    0x0abe,0x0aa8,0x0d68,0x083e,0x0828,0x0c28,0x0000,0x0000,0x00a0,0x0fbe,0x00a0,0x07bc,
    0x00a0,0x0ffe,0x0048,0x03f8,0x0040,0x0ffe,0x0040,0x0000,0x0000,0x0fe8,0x0828,0x012a,
    0x0fca,0x0088,0x027e,0x0fd4,0x0214,0x0214,0x0ff2,0x0202,0x0000,0x0000,0x0fc8,0x085e,
    0x0fc4,0x084a,0x0fca,0x025e,0x0a48,0x07c8,0x025e,0x0a48,0x0ec8,0x0000,0x0000,0x0fc8,
    0x001e,0x0784,0x048a,0x078a,0x001e,0x0fc8,0x0a48,0x0fde,0x0a48,0x0fc8,0x0000,0x0000,
    0x07c8,0x045e,0x07c4,0x000a,0x0fea,0x045e,0x07c8,0x0448,0x0fde,0x0468,0x0408,0x0000,
    0x0000,0x07c8,0x083e,0x0fc4,0x000a,0x0aea,0x0abe,0x0ae8,0x0aa8,0x0afe,0x08a8,0x0ca8,
    0x0000,0x0000,0x0108,0x0fde,0x0104,0x0fea,0x044a,0x045e,0x07c8,0x0a88,0x0a7e,0x0448,
    0x09c8,0x0000,0x0000,0x0108,0x0ffe,0x0924,0x0fca,0x010a,0x07de,0x0108,0x0fe8,0x045e,
    0x0448,0x07c8,0x0000,0x0000,0x0fc8,0x087e,0x0fc4,0x054a,0x0fca,0x057e,0x0548,0x0fc8,
    0x0abe,0x0488,0x09c8,0x0000,0x0000,0x0248,0x0ffe,0x0a44,0x0a2a,0x0bea,0x093e,0x0be8,
    0x0528,0x05fe,0x0b28,0x0928,0x0000,0x0000,0x0040,0x0ffe,0x0110,0x0110,0x0090,0x0ffe,
    0x0040,0x0040,0x07fc,0x0040,0x0040,0x0000,0x0000,0x0040,0x0ffe,0x0208,0x03f8,0x0040,
    0x0ffe,0x0110,0x0ffe,0x0040,0x07fc,0x0040,0x0000,0x0000,0x0230,0x0fce,0x0488,0x0488,
    0x0ffe,0x0208,0x0208,0x0ffe,0x0222,0x0222,0x023e,0x0000,0x0000,0x023c,0x0fe4,0x04a4,
    0x04bc,0x0284,0x0fc4,0x023c,0x022a,0x0faa,0x022a,0x0238,0x0000,0x0000,0x0208,0x0ffe,
    0x0214,0x0fd4,0x0a54,0x0a7e,0x0fc8,0x0338,0x068e,0x0a64,0x0204,0x0000,0x0000,0x0228,
    0x0f2e,0x04f4,0x04a4,0x0fae,0x02a8,0x02a8,0x0f9e,0x0294,0x0284,0x0264,0x0000,0x0000,
    0x0288,0x0fbe,0x04a4,0x04a4,0x0fbe,0x02a8,0x0288,0x0fbe,0x0288,0x0244,0x0224,0x0000,
    0x0000,0x0228,0x0f5e,0x0514,0x0574,0x0f5e,0x0248,0x0248,0x0f5e,0x0248,0x02c4,0x0244,
    0x0000,0x0000,0x0248,0x0f3e,0x0514,0x05f4,0x0f5e,0x0228,0x0228,0x0ffe,0x0204,0x02c4,
    0x0234,0x0000,0x0000,0x027e,0x0fca,0x092a,0x093c,0x0510,0x0ffe,0x024a,0x025a,0x0fe6,
    0x025a,0x0266,0x0000,0x0000,0x0248,0x0f3e,0x0514,0x05f4,0x0f5e,0x0228,0x03f8,0x0e4e,
    0x02d4,0x0254,0x0244,0x0000,0x0000,0x02e8,0x0f1e,0x05f4,0x0514,0x05f4,0x0f1e,0x0208,
    0x02e8,0x0fbe,0x02a4,0x02e4,0x0000,0x0000,0x0ffc,0x0004,0x07f4,0x0004,0x0004,0x0ffc,
    0x0094,0x0894,0x0512,0x0212,0x0c78,0x0000,0x0000,0x0ffc,0x0004,0x0ffc,0x0494,0x0312,
    0x0c7a,0x0200,0x0ffe,0x0200,0x0210,0x0320,0x0000,0x0000,0x00a0,0x07fc,0x04a4,0x07fc,
    0x04a4,0x0ffc,0x0004,0x0ffc,0x0492,0x0312,0x0c78,0x0000,0x0000,0x0100,0x0104,0x0fe8,
    0x0900,0x088e,0x0888,0x0848,0x0848,0x0608,0x0014,0x0fe2,0x0000,0x0000,0x0fe0,0x0804,
    0x0408,0x0200,0x020e,0x0208,0x0208,0x0208,0x0388,0x0014,0x0fe2,0x0000,0x0000,0x0100,
    0x0104,0x0108,0x0fe0,0x010e,0x0108,0x0288,0x0448,0x0828,0x0014,0x0fe2,0x0000,0x0000,
    0x0104,0x0108,0x0920,0x0922,0x0924,0x0920,0x092e,0x0928,0x0fe8,0x0014,0x0fe2,0x0000,
    0x0000,0x0e00,0x01e4,0x0108,0x0100,0x0fee,0x0108,0x0108,0x0108,0x0108,0x0014,0x0fe2,
    0x0000,0x0000,0x0fe4,0x0108,0x0100,0x0102,0x0fe4,0x0100,0x010e,0x0108,0x0188,0x0014,
    0x0fe2,0x0000,0x0000,0x0044,0x0fc8,0x0040,0x07a2,0x0224,0x0100,0x088e,0x0848,0x07c8,
    0x0014,0x0fe2,0x0000,0x0000,0x07e4,0x0488,0x0480,0x0482,0x07e4,0x0480,0x088e,0x0888,
    0x0088,0x0014,0x0fe2,0x0000,0x0000,0x0400,0x0404,0x0fe8,0x0400,0x040e,0x0448,0x0488,
    0x0408,0x0608,0x0014,0x0fe2,0x0000,0x0000,0x0fe0,0x0084,0x0088,0x0f80,0x084e,0x0848,
    0x0828,0x0428,0x0308,0x0014,0x0fe2,0x0000,0x0000,0x0184,0x0e68,0x0920,0x0922,0x0924,
    0x0920,0x09ae,0x0d68,0x0108,0x0014,0x0fe2,0x0000,0x0000,0x07c0,0x0004,0x0008,0x0fe0,
    0x008e,0x0448,0x0448,0x0b28,0x08e8,0x0014,0x0fe2,0x0000,0x0000,0x0604,0x01c8,0x0040,
    0x0042,0x0fc4,0x0240,0x022e,0x0228,0x0208,0x0014,0x0fe2,0x0000,0x0000,0x0fc4,0x0048,
    0x07c0,0x0442,0x0544,0x0520,0x022e,0x0508,0x08c8,0x0014,0x0fe2,0x0000,0x0000,0x0fe4,
    0x0208,0x0100,0x0182,0x0544,0x0920,0x010e,0x0108,0x0108,0x0014,0x0fe2,0x0000,0x0000,
    0x0100,0x0fe4,0x0408,0x0440,0x024e,0x0288,0x0108,0x0288,0x0c68,0x0014,0x0fe2,0x0000,
    0x0000,0x0480,0x0484,0x0fe8,0x0480,0x048e,0x0fe8,0x0488,0x0448,0x0448,0x0014,0x0fe2,
    0x0000,0x0000,0x07c0,0x0004,0x0008,0x0fe0,0x028e,0x0288,0x0248,0x0a48,0x0e28,0x0014,
    0x0fe2,0x0000,0x0000,0x0100,0x0fc4,0x0108,0x0fc0,0x010e,0x0fe8,0x0908,0x0908,0x0d08,
    0x0014,0x0fe2,0x0000,0x0000,0x0080,0x0fe4,0x0048,0x0120,0x0fee,0x0108,0x0108,0x0fe8,
    0x0108,0x0014,0x0fe2,0x0000,0x0000,0x0fc0,0x0844,0x0848,0x0fc0,0x004e,0x0148,0x0248,
    0x0428,0x0828,0x0014,0x0fe2,0x0000,0x0000,0x0fe4,0x0908,0x0880,0x0642,0x0004,0x0fc0,
    0x084e,0x0848,0x0fc8,0x0014,0x0fe2,0x0000,0x0000,0x0022,0x0fe4,0x0090,0x07a2,0x04e4,
    0x04b0,0x06ae,0x0828,0x0fc8,0x0014,0x0fe2,0x0000,0x0000,0x0fe4,0x0828,0x0820,0x0ba2,
    0x0aa4,0x0aa0,0x0bae,0x0c28,0x0008,0x0014,0x0fe2,0x0000,0x0000,0x0022,0x0e24,0x0af0,
    0x0aa2,0x0aa4,0x0aa0,0x0aae,0x0a98,0x0ec8,0x0014,0x0fe2,0x0000,0x0000,0x0084,0x0448,
    0x0420,0x0be2,0x0804,0x07c0,0x044e,0x0448,0x07c8,0x0014,0x0fe2,0x0000,0x0000,0x0044,
    0x0fc8,0x0920,0x0912,0x0104,0x0540,0x092e,0x0108,0x0188,0x0014,0x0fe2,0x0000,0x0000,
    0x0104,0x0fe8,0x0920,0x0922,0x0fe4,0x0920,0x092e,0x0fe8,0x0008,0x0014,0x0fe2,0x0000,
    0x0000,0x0084,0x0fc8,0x0840,0x0842,0x0fc4,0x0840,0x084e,0x0fc8,0x0008,0x0014,0x0fe2,
    0x0000,0x0000,0x0144,0x0fc8,0x0120,0x0102,0x0fe4,0x0100,0x028e,0x0448,0x0828,0x0014,
    0x0fe2,0x0000,0x0000,0x0504,0x0908,0x07e0,0x0102,0x0544,0x0540,0x052e,0x0d28,0x0108,
    0x0014,0x0fe2,0x0000,0x0000,0x0fe4,0x0828,0x0ba0,0x0aa2,0x0aa4,0x0ba0,0x082e,0x0fe8,
    0x0008,0x0014,0x0fe2,0x0000,0x0000,0x0104,0x0928,0x0540,0x0102,0x0fe4,0x0180,0x054e,
    0x0928,0x0108,0x0014,0x0fe2,0x0000,0x0000,0x0484,0x0288,0x0fe0,0x0482,0x0484,0x0fe0,
    0x048e,0x0448,0x0448,0x0014,0x0fe2,0x0000,0x0000,0x0104,0x0fe8,0x0280,0x0282,0x06a4,
    0x0a90,0x028e,0x0248,0x0348,0x0014,0x0fe2,0x0000,0x0000,0x0fe4,0x0288,0x0280,0x0fe2,
    0x0aa4,0x0aa0,0x0e6e,0x0828,0x0fe8,0x0014,0x0fe2,0x0000,0x0000,0x0084,0x07c8,0x0440,
    0x07c2,0x0044,0x07c0,0x044e,0x0448,0x07c8,0x0014,0x0fe2,0x0000,0x0000,0x07c4,0x0448,
    0x07c0,0x0442,0x07c4,0x0940,0x0a4e,0x0448,0x09c8,0x0014,0x0fe2,0x0000,0x0000,0x0444,
    0x0248,0x0fe0,0x0102,0x0104,0x0fe0,0x010e,0x0488,0x0868,0x0014,0x0fe2,0x0000,0x0000,
    0x0600,0x01e4,0x0108,0x0fe0,0x010e,0x07c8,0x0448,0x0448,0x07c8,0x0014,0x0fe2,0x0000,
    0x0000,0x0284,0x0aa8,0x06c0,0x0282,0x0684,0x0ac0,0x02ae,0x0a88,0x0e48,0x0014,0x0fe2,
    0x0000,0x0000,0x0084,0x0788,0x0460,0x0382,0x0c64,0x0200,0x07ce,0x0248,0x0fe8,0x0214,
    0x0fe2,0x0000,0x0000,0x0604,0x01e8,0x0020,0x0fe2,0x0024,0x07e0,0x044e,0x0448,0x07c8,
    0x0014,0x0fe2,0x0000,0x0000,0x0484,0x0288,0x0fe0,0x0102,0x0924,0x0920,0x0fee,0x0108,
    0x0108,0x0014,0x0fe2,0x0000,0x0000,0x0140,0x0fc4,0x0128,0x0100,0x0fee,0x0288,0x0288,
    0x0a48,0x0e28,0x0014,0x0fe2,0x0000,0x0000,0x02f0,0x0284,0x0248,0x0740,0x0ace,0x0a78,
    0x0248,0x0248,0x0368,0x0014,0x0fe2,0x0000,0x0000,0x0904,0x0fe8,0x0100,0x0fe2,0x0924,
    0x0fe0,0x092e,0x0fe8,0x0928,0x0014,0x0fe2,0x0000,0x0000,0x0944,0x0548,0x0100,0x07c2,
    0x0444,0x07c0,0x044e,0x07c8,0x0448,0x0014,0x0fe2,0x0000,0x0000,0x0fe4,0x0108,0x0fe0,
    0x0542,0x0924,0x03e0,0x0e8e,0x0888,0x0648,0x0014,0x0fe2,0x0000,0x0000,0x0fe4,0x0108,
    0x0980,0x0662,0x0304,0x0680,0x0a6e,0x0a08,0x0188,0x0014,0x0fe2,0x0000,0x0000,0x0904,
    0x0fe8,0x0100,0x0922,0x0544,0x0100,0x054e,0x0928,0x0188,0x0014,0x0fe2,0x0000,0x0000,
    0x0240,0x0fe4,0x0908,0x0fe0,0x012e,0x0fe8,0x0988,0x0948,0x0d28,0x0114,0x0fe2,0x0000,
    0x0000,0x0384,0x0448,0x0820,0x07c2,0x0104,0x0fe0,0x010e,0x0588,0x0948,0x0014,0x0fe2,
    0x0000,0x0000,0x0fe4,0x0a88,0x0540,0x0a82,0x0004,0x0fc0,0x020e,0x0208,0x0fc8,0x0014,
    0x0fe2,0x0000,0x0000,0x02a4,0x0248,0x0a40,0x0aa2,0x0294,0x06c0,0x05ae,0x0888,0x0868,
    0x0014,0x0fe2,0x0000,0x0000,0x0fe4,0x0008,0x0fc0,0x0842,0x0844,0x0fc0,0x048e,0x0488,
    0x0fc8,0x0014,0x0fe2,0x0000,0x0000,0x07c4,0x0008,0x0fe0,0x0002,0x07c4,0x0000,0x07ce,
    0x0448,0x07c8,0x0014,0x0fe2,0x0000,0x0000,0x07e4,0x0248,0x0fe0,0x0922,0x0fe4,0x0920,
    0x0fee,0x0928,0x0d28,0x0014,0x0fe2,0x0000,0x0000,0x0e84,0x04a8,0x0440,0x04a2,0x0e84,
    0x04c0,0x04ae,0x0488,0x0e68,0x0014,0x0fe2,0x0000,0x0000,0x0f22,0x0174,0x0120,0x0f22,
    0x0564,0x0530,0x04a6,0x04a4,0x0434,0x000a,0x0ff2,0x0000,0x0000,0x07c4,0x0448,0x0440,
    0x0fe2,0x0104,0x07c0,0x010e,0x0108,0x0fe8,0x0014,0x0fe2,0x0000,0x0000,0x0104,0x0fe8,
    0x0100,0x0fe2,0x0924,0x0fe0,0x018e,0x0548,0x0928,0x0014,0x0fe2,0x0000,0x0000,0x0124,
    0x07e8,0x0120,0x0102,0x0ff4,0x0000,0x07ce,0x0448,0x07c8,0x0014,0x0fe2,0x0000,0x0000,
    0x0484,0x0448,0x0fe0,0x0282,0x0c64,0x0780,0x046e,0x0308,0x0ce8,0x0014,0x0fe2,0x0000,
    0x0000,0x07c4,0x0428,0x0240,0x0dc2,0x0134,0x07c0,0x010e,0x0fe8,0x0108,0x0014,0x0fe2,
    0x0000,0x0000,0x0104,0x0fe8,0x0100,0x0fe2,0x0924,0x0fe0,0x092e,0x0fe8,0x0108,0x0014,
    0x0fe2,0x0000,0x0000,0x0104,0x0fe8,0x0900,0x0ff2,0x0904,0x0fe0,0x094e,0x0588,0x0968,
    0x0014,0x0fe2,0x0000,0x0000,0x07c4,0x0248,0x0fe0,0x0102,0x0564,0x0380,0x054e,0x0928,
    0x0188,0x0014,0x0fe2,0x0000,0x0000,0x0fe4,0x0928,0x0ba0,0x0922,0x0fe4,0x0820,0x0bae,
    0x0aa8,0x0b88,0x0014,0x0fe2,0x0000,0x0000,0x0244,0x0fc8,0x0260,0x0fd2,0x0244,0x0fc0,
    0x024e,0x0248,0x0fc8,0x0014,0x0fe2,0x0000,0x0000,0x0104,0x0fe8,0x0100,0x0fe2,0x0284,
    0x0a80,0x0f6e,0x0108,0x0fe8,0x0014,0x0fe2,0x0000,0x0000,0x0fe4,0x0108,0x0fe0,0x0542,
    0x0924,0x0fe0,0x044e,0x0388,0x0c68,0x0014,0x0fe2,0x0000,0x0000,0x07c4,0x0228,0x0ff0,
    0x0922,0x0924,0x0fe0,0x054e,0x0148,0x0f28,0x0014,0x0fe2,0x0000,0x0000,0x0fe0,0x0aa4,
    0x0fe8,0x0080,0x0fce,0x0838,0x0488,0x0308,0x00e8,0x0014,0x0fe2,0x0000,0x0000,0x0fe4,
    0x0448,0x07c0,0x0002,0x0fe4,0x0920,0x0fee,0x0928,0x0fe8,0x0014,0x0fe2,0x0000,0x0000,
    0x0384,0x0448,0x0be0,0x08b2,0x0ae4,0x0aa0,0x0aee,0x08a8,0x0ca8,0x0014,0x0fe2,0x0000,
    0x0000,0x0fe4,0x0228,0x0fe0,0x0222,0x0fa4,0x08a0,0x0fae,0x08a8,0x0f88,0x0014,0x0fe2,
    0x0000,0x0000,0x0244,0x0fe8,0x0140,0x0932,0x06c4,0x0330,0x06ce,0x0a38,0x0188,0x0014,
    0x0fe2,0x0000,0x0000,0x0fe4,0x0928,0x0fe0,0x0922,0x0fe4,0x0100,0x0fee,0x0928,0x0ba8,
    0x0014,0x0fe2,0x0000,0x0000,0x0124,0x0ff8,0x0120,0x0fe2,0x08a4,0x04a0,0x0f9e,0x0488,
    0x0668,0x0014,0x0fe2,0x0000,0x0000,0x0ff2,0x0914,0x0fe0,0x0922,0x0fe4,0x0920,0x0fee,
    0x0108,0x0fe8,0x0114,0x0fe2,0x0000,0x0000,0x0fe4,0x0428,0x07e0,0x0022,0x0fe4,0x0ab0,
    0x0fee,0x0aa8,0x0aa8,0x0014,0x0fe2,0x0000,0x0000,0x07c4,0x0448,0x0740,0x0542,0x0fe4,
    0x0820,0x0bae,0x0aa8,0x0ba8,0x0014,0x0fe2,0x0000,0x0000,0x07c4,0x0448,0x07c0,0x0442,
    0x0fc4,0x0930,0x0aae,0x09e8,0x0608,0x0014,0x0fe2,0x0000,0x0000,0x0ee4,0x08a8,0x0ea0,
    0x00e2,0x0f24,0x0ae0,0x0a2e,0x04e8,0x0b28,0x0014,0x0fe2,0x0000,0x0000,0x0104,0x0fc8,
    0x0840,0x0fc2,0x0844,0x0fe0,0x020e,0x0fc8,0x0208,0x0214,0x0fe2,0x0000,0x0000,0x0444,
    0x0fe8,0x0280,0x0fe2,0x0aa4,0x0e60,0x0bae,0x0828,0x0fe8,0x0014,0x0fe2,0x0000,0x0000,
    0x0244,0x0fe8,0x0100,0x07c2,0x0444,0x07c0,0x044e,0x0448,0x07c8,0x0014,0x0fe2,0x0000,
    0x0000,0x0104,0x0fe8,0x0100,0x0ff2,0x0484,0x0480,0x0fee,0x0108,0x0fe8,0x0114,0x0fe2,
    0x0000,0x0000,0x0104,0x0fe8,0x0900,0x0fe2,0x0444,0x0fc0,0x024e,0x0fe8,0x0208,0x0014,
    0x0fe2,0x0000,0x0000,0x0100,0x0fe2,0x0924,0x0ff0,0x044e,0x0548,0x0548,0x0288,0x0c68,
    0x0014,0x0fe2,0x0000,0x0000,0x0484,0x0fe8,0x0480,0x0ff2,0x0924,0x0fe0,0x092e,0x0fe8,
    0x0828,0x0014,0x0fe2,0x0000,0x0000,0x0784,0x0568,0x0240,0x0ff2,0x0124,0x0fe0,0x010e,
    0x0928,0x0fe8,0x0014,0x0fe2,0x0000,0x0000,0x00c4,0x0f38,0x0a10,0x0952,0x0ff4,0x0920,
    0x0fee,0x0928,0x0fe8,0x0014,0x0fe2,0x0000,0x0000,0x0ff2,0x0244,0x0540,0x0222,0x0964,
    0x0fb0,0x0226,0x0aa4,0x0ab4,0x000a,0x0ff2,0x0000,0x0000,0x0ff4,0x0118,0x0fd0,0x0952,
    0x0754,0x0250,0x02ae,0x0a88,0x0e68,0x0014,0x0fe2,0x0000,0x0000,0x0104,0x0fe8,0x0100,
    0x0ff2,0x0444,0x07c0,0x090e,0x0548,0x0928,0x0014,0x0fe2,0x0000,0x0000,0x07c4,0x0448,
    0x05c0,0x0442,0x0ee4,0x0aa0,0x0cce,0x0aa8,0x0cc8,0x0014,0x0fe2,0x0000,0x0000,0x0104,
    0x0fe8,0x0920,0x0922,0x0ff4,0x0440,0x0fce,0x0848,0x0fc8,0x0014,0x0fe2,0x0000,0x0000,
    0x0fe4,0x0808,0x04a0,0x0fe2,0x0104,0x0fe0,0x010e,0x0948,0x0fc8,0x0014,0x0fe2,0x0000,
    0x0000,0x0244,0x0ef8,0x0940,0x0af2,0x0a44,0x05f0,0x04ae,0x0aa8,0x09d8,0x0014,0x0fe2,
    0x0000,0x0000,0x0104,0x0fe8,0x0240,0x0242,0x0fe4,0x0920,0x0fee,0x0aa8,0x0ba8,0x0014,
    0x0fe2,0x0000,0x0000,0x0284,0x0fe8,0x0aa0,0x0fe2,0x0aa4,0x0fe0,0x044e,0x0448,0x07c8,
    0x0014,0x0fe2,0x0000,0x0000,0x0104,0x0ff8,0x0490,0x0ff2,0x0494,0x0790,0x000e,0x0aa8,
    0x0aa8,0x0014,0x0fe2,0x0000,0x0000,0x0ff4,0x0818,0x0ff0,0x0112,0x0d74,0x0110,0x07ce,
    0x0148,0x0fe8,0x0114,0x0fe2,0x0000,0x0000,0x0544,0x0fe8,0x0540,0x0922,0x05c4,0x0f40,
    0x056e,0x0f88,0x0468,0x0014,0x0fe2,0x0000,0x0000,0x0244,0x0fe8,0x0280,0x0fe2,0x0aa4,
    0x0e60,0x082e,0x0fe8,0x0448,0x0494,0x0fe2,0x0000,0x0000,0x0fe4,0x0288,0x0fe0,0x0aa2,
    0x0fe4,0x0a40,0x03ee,0x0858,0x0fc8,0x0014,0x0fe2,0x0000,0x0000,0x0ee4,0x0aa8,0x0ee0,
    0x0222,0x0fe4,0x0280,0x0fee,0x0288,0x0c68,0x0014,0x0fe2,0x0000,0x0000,0x0104,0x0fe8,
    0x0920,0x0ff2,0x0444,0x07c0,0x044e,0x07c8,0x0828,0x0014,0x0fe2,0x0000,0x0000,0x0104,
    0x0fe8,0x0440,0x07d2,0x0c64,0x07d0,0x010e,0x0528,0x0998,0x0014,0x0fe2,0x0000,0x0000,
    0x0784,0x0088,0x0fe0,0x0922,0x07e4,0x0120,0x0aee,0x0718,0x0ac8,0x0114,0x0fe2,0x0000,
    0x0000,0x0272,0x0fd4,0x0550,0x0572,0x0f94,0x0270,0x0fde,0x0254,0x0274,0x000a,0x0ff2,
    0x0000,0x0000,0x0224,0x0ef8,0x0990,0x0af2,0x0a24,0x05f0,0x04ae,0x0aa8,0x09d8,0x0014,
    0x0fe2,0x0000,0x0000,0x0484,0x0fe8,0x0540,0x07c2,0x0544,0x0fe0,0x092e,0x0ba8,0x0c28,
    0x0014,0x0fe2,0x0000,0x0000,0x0fe2,0x0a94,0x0af8,0x0552,0x05f4,0x0f50,0x04f6,0x0f94,
    0x04d4,0x000a,0x0ff2,0x0000,0x0000,0x0080,0x0ff4,0x0948,0x0732,0x0284,0x0ff0,0x094e,
    0x0738,0x0ac8,0x0134,0x0fe2,0x0000,0x0000,0x0fe4,0x0aa8,0x0fe0,0x0002,0x0ff4,0x0440,
    0x07ce,0x0988,0x0568,0x0914,0x0fe2,0x0000,0x0000,0x0fe4,0x0548,0x0920,0x0ff2,0x0da4,
    0x0b60,0x0dae,0x0b68,0x0da8,0x0014,0x0fe2,0x0000,0x0000,0x02e2,0x0f54,0x09e0,0x0f52,
    0x0964,0x0f50,0x0466,0x0654,0x0d64,0x000a,0x0ff2,0x0000,0x0000,0x0084,0x07e8,0x0420,
    0x0ff2,0x0a54,0x07e0,0x008e,0x07c8,0x0428,0x0214,0x0fe2,0x0000,0x0000,0x0922,0x0494,
    0x0920,0x0fe2,0x0924,0x0aa0,0x0fe6,0x0524,0x0764,0x092a,0x0ff2,0x0000,0x0000,0x0ff2,
    0x0a54,0x0ff0,0x0522,0x0f54,0x05a0,0x0f56,0x0574,0x0f24,0x000a,0x0ff2,0x0000,0x0000,
    0x0ee4,0x0008,0x0ee0,0x0aa2,0x0104,0x0fe0,0x0aae,0x0fe8,0x02a8,0x0a94,0x0fe2,0x0000,
    0x0000,0x07f8,0x0408,0x07f8,0x0000,0x0ffc,0x0844,0x0844,0x0ffc,0x0004,0x0804,0x0ff8,
    0x0000,0x0000,0x0f80,0x08be,0x08a0,0x04a0,0x0292,0x0494,0x0888,0x0898,0x08a4,0x0682,
    0x0080,0x0000,0x0000,0x0490,0x0248,0x0490,0x03f8,0x0208,0x07fc,0x0444,0x07fc,0x0004,
    0x0804,0x0ff8,0x0000,0x0000,0x0f00,0x097c,0x0910,0x0510,0x0310,0x0510,0x0910,0x0970,
    0x090e,0x0700,0x0100,0x0000,0x0000,0x0f7e,0x0924,0x0924,0x0524,0x0324,0x057e,0x0924,
    0x0924,0x0924,0x0722,0x0122,0x0000,0x0000,0x0f7e,0x0948,0x0948,0x057e,0x0348,0x0548,
    0x097e,0x0944,0x0942,0x0722,0x0118,0x0000,0x0000,0x0f10,0x09fe,0x0910,0x057e,0x0310,
    0x0510,0x09fe,0x0910,0x0910,0x0708,0x0106,0x0000,0x0000,0x0f08,0x097e,0x0908,0x0508,
    0x034a,0x054a,0x097e,0x0908,0x0908,0x0768,0x011c,0x0000,0x0000,0x0f7e,0x0924,0x0924,
    0x0524,0x037e,0x0520,0x0930,0x0928,0x0924,0x0722,0x0138,0x0000,0x0000,0x0f08,0x0908,
    0x097e,0x054a,0x034a,0x054a,0x097e,0x094a,0x094a,0x074a,0x017e,0x0000,0x0000,0x0f44,
    0x0944,0x09fe,0x0544,0x0344,0x0544,0x097c,0x0944,0x0944,0x0744,0x017c,0x0000,0x0000,
    0x0f08,0x0904,0x0942,0x057e,0x0300,0x0500,0x097e,0x0942,0x0942,0x0742,0x017e,0x0000,
    0x0000,0x0f60,0x091e,0x0902,0x0502,0x037e,0x0522,0x0922,0x0922,0x0922,0x0772,0x010e,
    0x0000,0x0000,0x0f7e,0x0920,0x0910,0x0518,0x0334,0x0552,0x0910,0x0910,0x0910,0x0770,
    0x010e,0x0000,0x0000,0x0f7e,0x0910,0x0910,0x057e,0x0352,0x0552,0x096a,0x0946,0x0942,
    0x0742,0x0162,0x0000,0x0000,0x0f7e,0x0948,0x0948,0x0544,0x0332,0x0500,0x097e,0x0942,
    0x0942,0x0742,0x017e,0x0000,0x0000,0x0f28,0x0928,0x0928,0x056e,0x0328,0x0528,0x0928,
    0x0928,0x092c,0x072a,0x0168,0x0000,0x0000,0x0f60,0x091e,0x0912,0x0512,0x037e,0x0522,
    0x0922,0x0942,0x094e,0x0700,0x017e,0x0000,0x0000,0x0f04,0x093c,0x0922,0x0510,0x037e,
    0x0540,0x0940,0x097e,0x0940,0x0740,0x017e,0x0000,0x0000,0x0f18,0x0924,0x0942,0x0508,
    0x0310,0x0500,0x097e,0x0940,0x0926,0x0718,0x0120,0x0000,0x0000,0x0f10,0x09fe,0x0908,
    0x0508,0x037c,0x0546,0x097c,0x0944,0x097c,0x0744,0x0164,0x0000,0x0000,0x0f38,0x0944,
    0x0902,0x053c,0x0300,0x0500,0x097e,0x0942,0x0942,0x0742,0x017e,0x0000,0x0000,0x0f10,
    0x097e,0x0900,0x0524,0x0342,0x0500,0x0924,0x0928,0x0910,0x0728,0x0146,0x0000,0x0000,
    0x0f88,0x08be,0x08a2,0x04be,0x02a2,0x04a2,0x08be,0x0892,0x0892,0x06aa,0x00a6,0x0000,
    0x0000,0x0f44,0x0924,0x097e,0x0510,0x0310,0x057e,0x0910,0x0910,0x0928,0x0744,0x0102,
    0x0000,0x0000,0x0f64,0x0918,0x0926,0x0548,0x037e,0x0504,0x097e,0x094a,0x094a,0x076a,
    0x0108,0x0000,0x0000,0x0f7c,0x0904,0x0952,0x0552,0x0300,0x057c,0x0920,0x0910,0x09fe,
    0x0710,0x0118,0x0000,0x0000,0x0f14,0x0914,0x097c,0x0512,0x0310,0x057e,0x0900,0x097e,
    0x0942,0x0742,0x017e,0x0000,0x0000,0x0f10,0x097e,0x0910,0x0510,0x037e,0x0528,0x092a,
    0x096a,0x092a,0x0724,0x0134,0x0000,0x0000,0x0f7e,0x0948,0x09fe,0x0548,0x0348,0x057e,
    0x0908,0x097c,0x0946,0x0744,0x017c,0x0000,0x0000,0x0f3e,0x0922,0x0922,0x053e,0x0300,
    0x057e,0x0908,0x093e,0x0908,0x0768,0x011e,0x0000,0x0000,0x0f24,0x0942,0x0900,0x0518,
    0x0324,0x0542,0x0900,0x097e,0x0942,0x0742,0x017e,0x0000,0x0000,0x0f7e,0x0942,0x097e,
    0x0500,0x037e,0x0542,0x0952,0x0952,0x0952,0x0728,0x0146,0x0000,0x0000,0x0f08,0x097e,
    0x0924,0x0524,0x037e,0x0500,0x0900,0x097e,0x0942,0x0742,0x017e,0x0000,0x0000,0x0f10,
    0x09fe,0x0900,0x057c,0x0344,0x057c,0x0920,0x0910,0x09fe,0x0710,0x011c,0x0000,0x0000,
    0x0f48,0x0948,0x09fe,0x0548,0x0348,0x056c,0x09cc,0x095a,0x094a,0x0748,0x0148,0x0000,
    0x0000,0x0f7e,0x0910,0x057e,0x0354,0x05fe,0x0954,0x0954,0x097e,0x0710,0x0110,0x017e,
    0x0000,0x0000,0x0f24,0x0914,0x097e,0x054a,0x037e,0x054a,0x097e,0x0908,0x097e,0x0708,
    0x0108,0x0000,0x0000,0x0f08,0x097e,0x0948,0x0528,0x037e,0x0508,0x097c,0x0946,0x097c,
    0x0744,0x017c,0x0000,0x0000,0x0f7e,0x094a,0x097a,0x054a,0x037a,0x0512,0x097e,0x094a,
    0x093a,0x074a,0x017c,0x0000,0x0000,0x0f7e,0x094a,0x097e,0x0500,0x037e,0x0500,0x097e,
    0x0904,0x097e,0x0742,0x0138,0x0000,0x0000,0x0e48,0x0ae4,0x0aa2,0x0aee,0x06a8,0x0ae4,
    0x0a22,0x0aae,0x06a8,0x02e4,0x0284,0x0000,0x0000,0x0f04,0x097c,0x094a,0x057e,0x0348,
    0x0524,0x097c,0x094a,0x097e,0x0744,0x0132,0x0000,0x0000,0x0f08,0x097e,0x0924,0x053c,
    0x0300,0x057e,0x0942,0x095e,0x0952,0x075e,0x0162,0x0000,0x0000,0x0e10,0x0afc,0x0aa4,
    0x0afc,0x06a4,0x0af4,0x0a24,0x0afc,0x0aa6,0x06fc,0x02a4,0x0000,0x0000,0x0f7e,0x0942,
    0x097e,0x0510,0x03fe,0x0500,0x097e,0x094a,0x097a,0x0742,0x017e,0x0000,0x0000,0x0f24,
    0x09fe,0x0924,0x057e,0x034a,0x054a,0x097e,0x0908,0x097e,0x0708,0x017e,0x0000,0x0000,
    0x0f7e,0x0910,0x0974,0x0514,0x037e,0x0504,0x097c,0x0904,0x097c,0x0740,0x016a,0x0000,
    0x0000,0x0f9e,0x0950,0x09aa,0x0544,0x03fe,0x0500,0x097e,0x0942,0x097e,0x0724,0x017e,
    0x0000,0x0000,0x0f24,0x097e,0x0914,0x057e,0x034a,0x0576,0x0942,0x09fe,0x0908,0x0714,
    0x0162,0x0000,0x0000,0x0f54,0x0934,0x09fe,0x0554,0x0392,0x055c,0x09f4,0x0956,0x09f8,
    0x0748,0x0146,0x0000,0x0000,0x0f7e,0x0954,0x0930,0x05fe,0x0354,0x0592,0x097e,0x0952,
    0x097e,0x0752,0x017e,0x0000,0x0000,0x0fee,0x092a,0x092a,0x05fe,0x0352,0x057e,0x0952,
    0x097e,0x0910,0x07fe,0x0110,0x0000,0x0000,0x0ffe,0x0914,0x095c,0x0554,0x03dc,0x0536,
    0x0918,0x0954,0x0954,0x07ba,0x0110,0x0000,0x0000,0x0f28,0x09fe,0x092a,0x05fe,0x032a,
    0x05fe,0x0944,0x097c,0x0928,0x0728,0x017e,0x0000,0x0000,0x0eee,0x0a00,0x0aee,0x0aaa,
    0x0610,0x0afe,0x0aaa,0x0afe,0x0a2a,0x06ba,0x02ce,0x0000,0x0000,0x0ffc,0x00a0,0x00a0,
    0x0ffc,0x08a4,0x0894,0x0f0c,0x0804,0x0ffc,0x0804,0x0ffc,0x0000,0x0000,0x0fbe,0x0414,
    0x0414,0x043e,0x042a,0x042a,0x0436,0x0422,0x043e,0x0422,0x073e,0x0000,0x0000,0x0110,
    0x0ffe,0x00a0,0x07fc,0x04a4,0x0494,0x070c,0x0404,0x07fc,0x0404,0x07fc,0x0000,0x0000,
    0x00be,0x0f94,0x0894,0x087e,0x082a,0x08aa,0x0936,0x0822,0x083e,0x0422,0x033e,0x0000,
    0x0000,0x0fbe,0x0814,0x0814,0x083e,0x0faa,0x00aa,0x00b6,0x00a2,0x00be,0x08a2,0x0fbe,
    0x0000,0x0000,0x043e,0x0414,0x0fd4,0x043e,0x042a,0x04aa,0x0536,0x0422,0x043e,0x0422,
    0x073e,0x0000,0x0000,0x0fe0,0x0282,0x0284,0x0fe0,0x0aa2,0x0aa4,0x0e60,0x0820,0x0fe8,
    0x0824,0x0fe2,0x0000,0x0000,0x083e,0x0a14,0x0a54,0x0abe,0x092a,0x092a,0x0936,0x0aa2,
    0x0c7e,0x0822,0x0ffe,0x0000,0x0000,0x07be,0x0414,0x0494,0x08be,0x082a,0x0fea,0x0936,
    0x0922,0x093e,0x08a2,0x06be,0x0000,0x0000,0x07be,0x0014,0x0014,0x003e,0x0fea,0x012a,
    0x00b6,0x0462,0x043e,0x0b22,0x08fe,0x0000,0x0000,0x023e,0x0214,0x0fd4,0x023e,0x022a,
    0x052a,0x0536,0x04a2,0x08be,0x0962,0x0a3e,0x0000,0x0000,0x013e,0x0fd4,0x0854,0x003e,
    0x00aa,0x0caa,0x03b6,0x00a2,0x08be,0x08a2,0x0fbe,0x0000,0x0000,0x007e,0x0fd4,0x0154,
    0x013e,0x0f2a,0x012a,0x0136,0x0f22,0x013e,0x0122,0x013e,0x0000,0x0000,0x08be,0x0888,
    0x0fc8,0x08be,0x08aa,0x08aa,0x0fb6,0x08a2,0x08be,0x08a2,0x0fbe,0x0000,0x0000,0x0c3e,
    0x03c8,0x0208,0x023e,0x0fea,0x022a,0x0336,0x06a2,0x0a6e,0x0222,0x023e,0x0000,0x0000,
    0x013e,0x0f14,0x0894,0x08be,0x056a,0x022a,0x0fb6,0x08e2,0x08be,0x08a2,0x0fbe,0x0000,
    0x0000,0x009e,0x0788,0x0448,0x02be,0x0112,0x0296,0x0c5a,0x07f2,0x045e,0x0452,0x07de,
    0x0000,0x0000,0x0abe,0x0a94,0x0a94,0x0abe,0x0fea,0x0aaa,0x0ab6,0x0aa2,0x0abe,0x0a62,
    0x083e,0x0000,0x0000,0x0fee,0x0824,0x0824,0x0bbe,0x082a,0x0baa,0x0ab6,0x0aa2,0x0bbe,
    0x0822,0x0c3e,0x0000,0x0000,0x0090,0x0f92,0x0954,0x0610,0x01d8,0x0014,0x0ffe,0x04a4,
    0x079c,0x0404,0x07fc,0x0000,0x0000,0x0fbe,0x0894,0x0894,0x0fbe,0x002a,0x0fea,0x0236,
    0x0fa2,0x023e,0x0222,0x0ffe,0x0000,0x0000,0x033e,0x0494,0x0854,0x0fbe,0x022a,0x022a,
    0x0ff6,0x0222,0x06be,0x0a62,0x033e,0x0000,0x0000,0x013e,0x0fd4,0x0914,0x053e,0x0fea,
    0x012a,0x0fb6,0x0462,0x0fbe,0x0222,0x033e,0x0000,0x0000,0x009e,0x0f84,0x0044,0x0fde,
    0x0892,0x0a96,0x0ffa,0x0852,0x0a5e,0x0fd2,0x041e,0x0000,0x0000,0x02be,0x0294,0x0f94,
    0x027e,0x022a,0x0fea,0x0036,0x0fa2,0x08be,0x08a2,0x0fbe,0x0000,0x0000,0x04be,0x0454,
    0x0fd4,0x053e,0x052a,0x0cea,0x0736,0x04e2,0x04be,0x0322,0x0cfe,0x0000,0x0000,0x023e,
    0x0f94,0x0894,0x0fbe,0x08aa,0x0faa,0x02b6,0x0aa2,0x0abe,0x04a2,0x09be,0x0000,0x0000,
    0x013e,0x0fd4,0x0454,0x093e,0x0fea,0x092a,0x0ff6,0x0922,0x0ffe,0x0122,0x0f3e,0x0000,
    0x0000,0x023e,0x0fd4,0x0014,0x0fbe,0x08aa,0x0faa,0x0436,0x0222,0x0ffe,0x0222,0x033e,
    0x0000,0x0000,0x023e,0x0fd4,0x0494,0x04be,0x096a,0x092a,0x0236,0x0fe2,0x023e,0x0222,
    0x023e,0x0000,0x0000,0x04be,0x0fd4,0x0494,0x04be,0x0fea,0x002a,0x0fb6,0x08a2,0x0fbe,
    0x08a2,0x0fbe,0x0000,0x0000,0x0fbe,0x0894,0x0f94,0x08be,0x0faa,0x002a,0x0ff6,0x0222,
    0x0ebe,0x03a2,0x0c7e,0x0000,0x0000,0x0f5e,0x0944,0x09e4,0x0f5e,0x0952,0x09f6,0x0f1a,
    0x0912,0x091e,0x09f2,0x0c9e,0x0000,0x0000,0x0fbe,0x0894,0x0f94,0x08be,0x0faa,0x02aa,
    0x0fb6,0x0262,0x0fbe,0x0222,0x0fbe,0x0000,0x0000,0x022e,0x0a44,0x0704,0x023e,0x0f52,
    0x0216,0x077a,0x0ad2,0x025e,0x00d2,0x0f3e,0x0000,0x0000,0x04be,0x0fd4,0x0494,0x033e,
    0x04aa,0x086a,0x07b6,0x0222,0x07be,0x0222,0x0ffe,0x0000,0x0000,0x00be,0x0fe8,0x0928,
    0x0ffe,0x092a,0x092a,0x0ff6,0x0522,0x0dbe,0x0162,0x0f3e,0x0000,0x0000,0x0fbe,0x0a94,
    0x0d94,0x08be,0x0faa,0x002a,0x0ff6,0x0aa2,0x0abe,0x0aa2,0x0ffe,0x0000,0x0000,0x013e,
    0x0fd4,0x0114,0x0fbe,0x08ea,0x0faa,0x0036,0x0fa2,0x0abe,0x0aa2,0x0ffe,0x0000,0x0000,
    0x023e,0x0fe8,0x0a28,0x0ffe,0x0a2a,0x0faa,0x0236,0x0fa2,0x08be,0x08a2,0x0fbe,0x0000,
    0x0000,0x1ffe,0x1554,0x1b94,0x157e,0x112a,0x072a,0x08f6,0x1622,0x01be,0x0c22,0x03be,
    0x0000,0x0000,0x07be,0x0492,0x0fbe,0x04d2,0x032a,0x048a,0x0ffe,0x04a4,0x079c,0x0404,
    0x07fc,0x0000,0x0000,0x0f12,0x0ade,0x0510,0x0fde,0x0454,0x0492,0x0ffe,0x04a4,0x079c,
    0x0404,0x07fc,0x0000,0x0000,0x049e,0x0fc8,0x0248,0x0ffe,0x0252,0x0fda,0x0256,0x0fd2,
    0x001e,0x0ab2,0x0a9e,0x0000,0x0000,0x011e,0x0fe4,0x0104,0x049e,0x0ff2,0x0556,0x0d5a,
    0x0032,0x0fde,0x0a92,0x0ffe,0x0000,0x0000,0x02fe,0x0aa4,0x0544,0x022e,0x0f72,0x0556,
    0x0cfa,0x0792,0x057e,0x0652,0x09be,0x0000,0x0000,0x02be,0x0fe8,0x0aa8,0x0ffe,0x0aaa,
    0x0fea,0x08b6,0x0fa2,0x053e,0x0522,0x0ffe,0x0000,0x0000,0x073e,0x0108,0x0fe8,0x093e,
    0x07ea,0x012a,0x0f36,0x0ae2,0x073e,0x0ae2,0x033e,0x0000,0x0000,0x0fde,0x0108,0x0fe8,
    0x0b7e,0x092a,0x0fea,0x0136,0x0fe2,0x002e,0x0aa2,0x0abe,0x0000,0x0000,0x011e,0x0ff4,
    0x0aa4,0x0efe,0x0292,0x0ff6,0x029a,0x0ff2,0x0a9e,0x0472,0x09de,0x0000,0x0000,0x06ec,
    0x04a4,0x06ec,0x04a4,0x0ffe,0x08a2,0x079c,0x0404,0x0ffe,0x0a22,0x0398,0x0000,0x0000,
    0x07fc,0x0020,0x0444,0x0208,0x0100,0x0040,0x0ffe,0x0160,0x0258,0x0c46,0x0040,0x0000,
    0x0000,0x0230,0x020e,0x0fe8,0x0a5a,0x0a48,0x0a7e,0x0fc8,0x0a58,0x0a6c,0x0a4a,0x0fc8,
    0x0000,0x0000,0x0ff0,0x080e,0x0488,0x031a,0x0cc8,0x023e,0x0fc8,0x0208,0x021c,0x0fca,
    0x0208,0x0000,0x0000,0x0ff0,0x0aae,0x0fe8,0x011a,0x0fc8,0x04be,0x0488,0x0fe8,0x011c,
    0x0fea,0x0108,0x0000,0x0000,0x07fc,0x0444,0x07fc,0x0444,0x0444,0x07fc,0x0040,0x07fc,
    0x0040,0x0040,0x0ffe,0x0000,0x0000,0x07fc,0x0040,0x0ffe,0x0248,0x03f8,0x0248,0x03f8,
    0x0040,0x07fc,0x0040,0x0ffe,0x0000,0x0000,0x0fbe,0x082a,0x053e,0x022a,0x0fea,0x0a3e,
    0x0a08,0x063e,0x0208,0x0208,0x033e,0x0000,0x0000,0x03f8,0x0208,0x03f8,0x0208,0x0ffe,
    0x0248,0x03f8,0x0248,0x07fc,0x0040,0x0ffe,0x0000,0x0000,0x0088,0x0fbe,0x0408,0x02be,
    0x0fe8,0x0496,0x07f4,0x0494,0x07f2,0x0082,0x0ff8,0x0000,0x0000,0x00e0,0x0110,0x0208,
    0x05f4,0x0842,0x0040,0x07fc,0x0040,0x0444,0x0248,0x0ffe,0x0000,0x0000,0x0838,0x0944,
    0x0902,0x097e,0x0910,0x097e,0x0910,0x0952,0x0854,0x0810,0x0c7e,0x0000,0x0000,0x0f98,
    0x0424,0x0402,0x043e,0x0408,0x043e,0x0408,0x042a,0x042a,0x0408,0x073e,0x0000,0x0000,
    0x0318,0x0ca6,0x00e0,0x0318,0x0c06,0x03f8,0x0040,0x07fc,0x0248,0x0150,0x0ffe,0x0000,
    0x0000,0x0218,0x0224,0x0202,0x0fbe,0x0208,0x023e,0x0208,0x022a,0x022a,0x0208,0x023e,
    0x0000,0x0000,0x0098,0x0fa4,0x0842,0x085e,0x0808,0x08be,0x0908,0x082a,0x082a,0x0408,
    0x033e,0x0000,0x0000,0x0f98,0x08a4,0x0882,0x08be,0x0888,0x08be,0x0888,0x08aa,0x08aa,
    0x0888,0x0fbe,0x0000,0x0000,0x0898,0x0aa4,0x0a82,0x0abe,0x0a88,0x0abe,0x0a88,0x0a9a,
    0x0a8a,0x0848,0x085e,0x0000,0x0000,0x0fd8,0x0824,0x0882,0x093e,0x0808,0x04be,0x0508,
    0x021a,0x030a,0x04c8,0x083e,0x0000,0x0000,0x01d8,0x0104,0x0fe2,0x093e,0x0928,0x093e,
    0x0aa8,0x0c6a,0x082a,0x0828,0x0c3e,0x0000,0x0000,0x0118,0x0fc4,0x0102,0x091e,0x0948,
    0x095e,0x0fc8,0x011a,0x010a,0x0908,0x0f3e,0x0000,0x0000,0x0f98,0x00a4,0x0082,0x0fbe,
    0x0888,0x0abe,0x0a88,0x04aa,0x04aa,0x0a08,0x09be,0x0000,0x0000,0x0118,0x0104,0x0542,
    0x093e,0x0108,0x013e,0x0188,0x082a,0x042a,0x0308,0x00fe,0x0000,0x0000,0x07d8,0x0484,
    0x0482,0x049e,0x0488,0x0ffe,0x0448,0x045a,0x044a,0x0448,0x0ffe,0x0000,0x0000,0x0098,
    0x0fa4,0x0842,0x085e,0x0b88,0x083e,0x0808,0x0b1a,0x08ca,0x0408,0x033e,0x0000,0x0000,
    0x0fd8,0x0224,0x0202,0x0ebe,0x0288,0x02be,0x0f88,0x082a,0x082a,0x0808,0x063e,0x0000,
    0x0000,0x0718,0x0884,0x0042,0x0fde,0x0008,0x003e,0x0fc8,0x091a,0x090a,0x0d08,0x013e,
    0x0000,0x0000,0x0918,0x0fe4,0x0102,0x013e,0x0a88,0x0abe,0x0a88,0x044a,0x042a,0x0a08,
    0x09be,0x0000,0x0000,0x0218,0x0224,0x0fc2,0x0a5e,0x0a48,0x0a5e,0x0fc8,0x0a5a,0x0a4a,
    0x0a48,0x0fde,0x0000,0x0000,0x0fd8,0x0a64,0x0a42,0x0fde,0x0a48,0x0a7e,0x0fc8,0x022a,
    0x022a,0x0208,0x023e,0x0000,0x0000,0x0f98,0x00a4,0x0082,0x0fbe,0x0888,0x08be,0x0f88,
    0x00aa,0x00aa,0x0088,0x0fbe,0x0000,0x0000,0x0118,0x0fe4,0x0202,0x011e,0x0888,0x045e,
    0x0288,0x012a,0x08aa,0x0848,0x0fde,0x0000,0x0000,0x0098,0x0924,0x0802,0x04be,0x0488,
    0x02be,0x0aa8,0x09aa,0x008a,0x08c8,0x0f3e,0x0000,0x0000,0x0898,0x08a4,0x0fc2,0x08be,
    0x0888,0x08be,0x0f88,0x08aa,0x08aa,0x0888,0x0fbe,0x0000,0x0000,0x0498,0x04a4,0x0482,
    0x049e,0x0c48,0x001e,0x0f88,0x08aa,0x08aa,0x0888,0x0fbe,0x0000,0x0000,0x0098,0x0fa4,
    0x0842,0x085e,0x0b88,0x0abe,0x0a88,0x0baa,0x082a,0x0808,0x063e,0x0000,0x0000,0x0fd8,
    0x0224,0x0202,0x023e,0x0288,0x0ebe,0x0288,0x02aa,0x02aa,0x0288,0x0ffe,0x0000,0x0000,
    0x0090,0x0f92,0x0152,0x0212,0x0412,0x01f0,0x0248,0x07fc,0x0a4a,0x0150,0x0ffe,0x0000,
    0x0000,0x0118,0x0fe4,0x0002,0x04be,0x0848,0x003e,0x0488,0x052a,0x022a,0x0508,0x08de,
    0x0000,0x0000,0x0098,0x0fa4,0x0842,0x04be,0x0308,0x04be,0x0848,0x0fea,0x084a,0x0848,
    0x0fde,0x0000,0x0000,0x0f98,0x08a4,0x0f82,0x08be,0x0888,0x0fbe,0x0288,0x0aaa,0x0aaa,
    0x0488,0x09be,0x0000,0x0000,0x0118,0x0fe4,0x0082,0x049e,0x0448,0x0bfe,0x0a88,0x029a,
    0x028a,0x0a48,0x0e3e,0x0000,0x0000,0x0ff8,0x0824,0x0822,0x0bbe,0x0828,0x0bbe,0x0aa8,
    0x0aaa,0x0baa,0x0828,0x0c3e,0x0000,0x0000,0x03d8,0x0504,0x0882,0x005e,0x0fc8,0x023e,
    0x0208,0x0faa,0x022a,0x0208,0x0ffe,0x0000,0x0000,0x0258,0x0244,0x0fc2,0x023e,0x0208,
    0x0ffe,0x0208,0x032a,0x06aa,0x0a48,0x023e,0x0000,0x0000,0x0118,0x0f24,0x0882,0x08be,
    0x0548,0x023e,0x0f88,0x08ea,0x088a,0x0888,0x0fbe,0x0000,0x0000,0x0ec8,0x0124,0x0012,
    0x01f0,0x0e48,0x09f4,0x0846,0x0954,0x0954,0x0844,0x0df4,0x0000,0x0000,0x0118,0x0fe4,
    0x0842,0x095e,0x0108,0x0fde,0x0488,0x04aa,0x02aa,0x0308,0x0cde,0x0000,0x0000,0x0118,
    0x0fe4,0x0902,0x051e,0x0fe8,0x009e,0x0fc8,0x006a,0x0fda,0x0808,0x061e,0x0000,0x0000,
    0x0fd8,0x0864,0x0fc2,0x085e,0x0fc8,0x001e,0x0fc8,0x021a,0x0fca,0x0208,0x023e,0x0000,
    0x0000,0x0718,0x0424,0x0882,0x0fde,0x0888,0x08be,0x0f88,0x022a,0x032a,0x0a88,0x0e7e,
    0x0000,0x0000,0x0118,0x0944,0x0542,0x011e,0x0fc8,0x085e,0x0fc8,0x085a,0x0fca,0x0848,
    0x0c7e,0x0000,0x0000,0x0fd8,0x0864,0x0842,0x0fde,0x0108,0x009e,0x0fc8,0x085a,0x084a,
    0x0848,0x0fde,0x0000,0x0000,0x0218,0x0fe4,0x0482,0x04be,0x0288,0x0ffe,0x0208,0x022a,
    0x0faa,0x0208,0x023e,0x0000,0x0000,0x0118,0x0fe4,0x08a2,0x009e,0x0fe8,0x029e,0x0248,
    0x014a,0x052a,0x04a8,0x0bbe,0x0000,0x0000,0x0f98,0x0864,0x0482,0x079e,0x0a68,0x0fde,
    0x0208,0x0faa,0x022a,0x0fc8,0x023e,0x0000,0x0000,0x02e8,0x02a4,0x0fa2,0x0aee,0x0aa8,
    0x0abe,0x0ae8,0x0aaa,0x09aa,0x08a8,0x06fe,0x0000,0x0000,0x0918,0x0fe4,0x0102,0x0fde,
    0x0948,0x0fde,0x0948,0x0fda,0x094a,0x0948,0x0d5e,0x0000,0x0000,0x0fd8,0x0864,0x0fc2,
    0x025e,0x0fc8,0x027e,0x0248,0x0faa,0x08aa,0x0888,0x0fbe,0x0000,0x0000,0x0fe8,0x0824,
    0x0aa2,0x0aae,0x0fe8,0x08be,0x08a8,0x0aaa,0x0bea,0x0828,0x0c3e,0x0000,0x0000,0x0fd8,
    0x0444,0x07c2,0x021e,0x0fe8,0x091e,0x0568,0x030a,0x054a,0x0928,0x019e,0x0000,0x0000,
    0x0498,0x04a4,0x0fc2,0x025e,0x0fc8,0x027e,0x0248,0x0fda,0x024a,0x0248,0x0ffe,0x0000,
    0x0000,0x0fd8,0x0844,0x0fc2,0x085e,0x0fc8,0x025e,0x0248,0x0eda,0x024a,0x0a48,0x0efe,
    0x0000,0x0000,0x0fd8,0x0104,0x0fe2,0x055e,0x0fe8,0x055e,0x0548,0x0fea,0x010a,0x0108,
    0x0ffe,0x0000,0x0000,0x0a98,0x0aa4,0x0542,0x055e,0x0a88,0x0abe,0x0fc8,0x0a5a,0x0fca,
    0x0a48,0x0ffe,0x0000,0x0000,0x0fd8,0x0944,0x0542,0x003e,0x0fc8,0x0a1e,0x0fe8,0x0a1a,
    0x0fca,0x0208,0x03be,0x0000,0x0000,0x0118,0x0fe4,0x0822,0x001e,0x0fc8,0x013e,0x0108,
    0x0f5a,0x014a,0x01c8,0x0e3e,0x0000,0x0000,0x0118,0x0fe4,0x0282,0x045e,0x0828,0x0ffe,
    0x0408,0x05da,0x054a,0x05c8,0x063e,0x0000,0x0000,0x0898,0x0fe4,0x0482,0x0b1e,0x0cc8,
    0x027e,0x0fc8,0x045a,0x028a,0x0988,0x0e7e,0x0000,0x0000,0x0118,0x0fc4,0x0842,0x0fde,
    0x0848,0x0fde,0x0108,0x0fda,0x094a,0x0948,0x0d7e,0x0000,0x0000,0x0498,0x0fe4,0x0482,
    0x049e,0x0fc8,0x097e,0x0948,0x0fda,0x094a,0x0948,0x0ffe,0x0000,0x0000,0x07d8,0x0444,
    0x07c2,0x045e,0x07c8,0x005e,0x0fe8,0x0a8a,0x0a5a,0x0908,0x06be,0x0000,0x0000,0x0ff8,
    0x0924,0x0922,0x0ffe,0x0928,0x0bbe,0x0aa8,0x0aaa,0x0baa,0x0828,0x0ffe,0x0000,0x0000,
    0x0498,0x0fc4,0x0482,0x04be,0x0fc8,0x003e,0x0fc8,0x085a,0x0fca,0x0848,0x0ffe,0x0000,
    0x0000,0x07d8,0x0424,0x0202,0x013e,0x0fc8,0x013e,0x0108,0x0fea,0x0aaa,0x0aa8,0x0ffe,
    0x0000,0x0000,0x0118,0x0fe4,0x0102,0x0fde,0x0108,0x0ffe,0x0888,0x054a,0x026a,0x0448,
    0x09fe,0x0000,0x0000,0x0118,0x0fe4,0x0102,0x0ffe,0x0928,0x0d7e,0x0928,0x0fea,0x018a,
    0x0548,0x093e,0x0000,0x0000,0x07d8,0x0444,0x0742,0x055e,0x0548,0x0ffe,0x0828,0x0baa,
    0x0aaa,0x0ba8,0x0c3e,0x0000,0x0000,0x0118,0x0fe4,0x04a2,0x0ffe,0x04a8,0x07be,0x0028,
    0x07aa,0x04aa,0x0308,0x0cfe,0x0000,0x0000,0x08e8,0x0aa4,0x0ae2,0x0aae,0x0ae8,0x0abe,
    0x0aa8,0x0aea,0x080a,0x08a8,0x0d2e,0x0000,0x0000,0x07f8,0x0524,0x05e2,0x053e,0x0d28,
    0x00fe,0x0728,0x05ea,0x052a,0x0328,0x0cfe,0x0000,0x0000,0x0f58,0x0ae4,0x0a42,0x0afe,
    0x0948,0x0cfe,0x0148,0x0fea,0x028a,0x0448,0x083e,0x0000,0x0000,0x0398,0x0264,0x0a42,
    0x0a5e,0x0be8,0x025e,0x0248,0x056a,0x055a,0x08c8,0x085e,0x0000,0x0000,0x0218,0x0f64,
    0x0a42,0x0fde,0x0a28,0x0f7e,0x0248,0x0fda,0x024a,0x0068,0x0f9e,0x0000,0x0000,0x0fd8,
    0x0104,0x0fc2,0x095e,0x0fc8,0x097e,0x0fc8,0x011a,0x0fca,0x0108,0x0ffe,0x0000,0x0000,
    0x0498,0x0fe4,0x0202,0x0fde,0x0208,0x0ffe,0x0208,0x0fda,0x020a,0x0508,0x08de,0x0000,
    0x0000,0x0118,0x0fe4,0x0482,0x049e,0x0fe8,0x093e,0x0fc8,0x009a,0x0f8a,0x0848,0x065e,
    0x0000,0x0000,0x0298,0x0fe4,0x0282,0x0fde,0x0a88,0x0ffe,0x0a88,0x0fda,0x028a,0x06c8,
    0x0abe,0x0000,0x0000,0x0118,0x0fe4,0x0aa2,0x045e,0x0b28,0x049e,0x0848,0x0fea,0x085a,
    0x0848,0x0fde,0x0000,0x0000,0x0958,0x0544,0x0102,0x0fde,0x0848,0x0fde,0x0848,0x0fda,
    0x000a,0x0488,0x085e,0x0000,0x0000,0x0798,0x0844,0x0fe2,0x085e,0x0fc8,0x085e,0x0fc8,
    0x002a,0x0faa,0x0888,0x0fbe,0x0000,0x0000,0x0228,0x0f44,0x0902,0x0f2e,0x0148,0x0f1e,
    0x0968,0x095a,0x0f4a,0x00a8,0x0f1e,0x0000,0x0000,0x0488,0x0fe4,0x0482,0x031e,0x0488,
    0x085e,0x07a8,0x000a,0x0fda,0x0848,0x0fde,0x0000,0x0000,0x0098,0x07c4,0x0442,0x07de,
    0x0048,0x0fde,0x0048,0x0fda,0x080a,0x0948,0x0d5e,0x0000,0x0000,0x0958,0x0fc4,0x0002,
    0x0fde,0x0008,0x0ffe,0x0848,0x0fda,0x048a,0x0488,0x0ffe,0x0000,0x0000,0x0118,0x0fe4,
    0x0442,0x07de,0x0008,0x0ffe,0x0828,0x0baa,0x0aaa,0x0ba8,0x0c3e,0x0000,0x0000,0x0118,
    0x0fe4,0x0102,0x0fde,0x0848,0x0fde,0x0848,0x0fea,0x000a,0x0448,0x083e,0x0000,0x0000,
    0x0218,0x0fe4,0x0a82,0x0fbe,0x0a88,0x0fbe,0x0228,0x0fea,0x022a,0x0058,0x0f8e,0x0000,
    0x0000,0x0fe8,0x0aa4,0x0cc2,0x0aae,0x0888,0x039e,0x0468,0x0b0a,0x00da,0x0608,0x01de,
    0x0000,0x0000,0x0040,0x0ffe,0x010a,0x0f7a,0x010a,0x0ffe,0x024a,0x07fc,0x0a4a,0x0150,
    0x0ffe,0x0000,0x0000,0x0ff8,0x08a4,0x0be2,0x053e,0x05e8,0x0abe,0x0be8,0x021a,0x0fca,
    0x0208,0x0ffe,0x0000,0x0000,0x0e98,0x09a4,0x0aa2,0x04be,0x0be8,0x089e,0x0fe8,0x09aa,
    0x0aaa,0x08a8,0x0cbe,0x0000,0x0000,0x0558,0x0fe4,0x0822,0x0ffe,0x0448,0x045e,0x07c8,
    0x011a,0x07ca,0x0108,0x0ffe,0x0000,0x0000,0x0218,0x0fe4,0x0482,0x029e,0x0fc8,0x055e,
    0x0f48,0x045a,0x0f4a,0x0448,0x0f5e,0x0000,0x0000,0x0118,0x0fe4,0x0482,0x049e,0x0fc8,
    0x047e,0x07c8,0x045a,0x07ca,0x0288,0x0e7e,0x0000,0x0000,0x0ff8,0x0284,0x0fe2,0x0abe,
    0x0fe8,0x001e,0x0fe8,0x000a,0x0fea,0x0548,0x09be,0x0000,0x0000,0x0218,0x0fe4,0x0a42,
    0x0ffe,0x0a48,0x0fde,0x0a48,0x0fea,0x044a,0x0388,0x0c7e,0x0000,0x0000,0x0118,0x07c4,
    0x0502,0x0fde,0x0508,0x07de,0x0928,0x0d6a,0x0baa,0x0d68,0x093e,0x0000,0x0000,0x0118,
    0x0fe4,0x0102,0x0ffe,0x0448,0x0efe,0x0448,0x0fea,0x028a,0x0a88,0x0e7e,0x0000,0x0000,
    0x0118,0x0fe4,0x04a2,0x0fde,0x0848,0x0ffe,0x0848,0x0fda,0x010a,0x0528,0x099e,0x0000,
    0x0000,0x0118,0x0fe4,0x0482,0x049e,0x0fc8,0x097e,0x0fc8,0x095a,0x0fca,0x0108,0x0ffe,
    0x0000,0x0000,0x09d8,0x0504,0x0aa2,0x045e,0x0fc8,0x003e,0x0fc8,0x085a,0x0fca,0x0488,
    0x0ffe,0x0000,0x0000,0x0498,0x0fc4,0x0262,0x0fde,0x0248,0x0ffe,0x0008,0x0eea,0x0aaa,
    0x0ba8,0x0c3e,0x0000,0x0000,0x0118,0x0fe4,0x02a2,0x0ffe,0x0aa8,0x0ffe,0x0aa8,0x0fda,
    0x028a,0x06c8,0x0abe,0x0000,0x0000,0x0fe8,0x0aa4,0x0fe2,0x005e,0x0fe8,0x089e,0x0be8,
    0x0aaa,0x0bea,0x0a88,0x0dfe,0x0000,0x0000,0x0fd8,0x0104,0x0fe2,0x092e,0x0da8,0x011e,
    0x0fe8,0x092a,0x0fea,0x0928,0x0ffe,0x0000,0x0000,0x0a58,0x0ae4,0x0242,0x0ffe,0x02a8,
    0x0aae,0x0bf8,0x044a,0x04ea,0x0a48,0x09fe,0x0000,0x0000,0x0ff8,0x0aa4,0x0fe2,0x021e,
    0x0fc8,0x04be,0x0488,0x0fda,0x020a,0x0fc8,0x023e,0x0000,0x0000,0x0558,0x0fe4,0x0aa2,
    0x0abe,0x0388,0x001e,0x0fe8,0x092a,0x0fea,0x0928,0x0ffe,0x0000,0x0000,0x0118,0x0fe4,
    0x0102,0x0fee,0x0808,0x07de,0x0108,0x0fea,0x08aa,0x0aa8,0x0cfe,0x0000,0x0000,0x0488,
    0x0fe4,0x0482,0x0fce,0x0268,0x0fce,0x0248,0x0fea,0x044a,0x0388,0x0c6e,0x0000,0x0000,
    0x03f8,0x02a4,0x0fe2,0x013e,0x01e8,0x0ebe,0x0088,0x0fea,0x0aaa,0x0aa8,0x0ffe,0x0000,
    0x0000,0x00be,0x0f8a,0x007e,0x0fa2,0x0a9e,0x0ff2,0x0248,0x07fc,0x0a4a,0x0150,0x0ffe,
    0x0000,0x0000,0x0498,0x0be4,0x0652,0x0bee,0x0648,0x0bde,0x0108,0x0fea,0x018a,0x0548,
    0x093e,0x0000,0x0000,0x0118,0x0fe4,0x0aa2,0x0ffe,0x02a8,0x0fbe,0x02a8,0x0dda,0x000a,
    0x0aa8,0x0a9e,0x0000,0x0000,0x01f0,0x0e0e,0x05f4,0x0248,0x0ffe,0x0514,0x08a2,0x071c,
    0x0248,0x0aaa,0x0fbe,0x0000,0x0000,0x0398,0x0444,0x0822,0x0ffe,0x0aa8,0x0ffe,0x0008,
    0x0fea,0x0aaa,0x0fe8,0x0abe,0x0000,0x0000,0x0118,0x0fe4,0x0aa2,0x0efe,0x0288,0x0ffe,
    0x0288,0x0fea,0x0a8a,0x0468,0x09de,0x0000,0x0000,0x0fe8,0x0aa4,0x0fe2,0x055e,0x05a8,
    0x0f5e,0x0528,0x0fea,0x054a,0x05e8,0x0f5e,0x0000,0x0000,0x04a8,0x0fe4,0x0482,0x0fee,
    0x0548,0x0ffe,0x0448,0x07da,0x044a,0x07c8,0x0c3e,0x0000,0x0000,0x04e4,0x0a0a,0x04e4,
    0x0aaa,0x04a4,0x0df6,0x0248,0x07fc,0x0a4a,0x0150,0x0ffe,0x0000,0x0000,0x0754,0x05fe,
    0x0528,0x0cfe,0x0354,0x0dfc,0x0248,0x07fc,0x0a4a,0x0150,0x0ffe,0x0000,0x0000,0x0204,
    0x023c,0x0202,0x0fde,0x0208,0x0208,0x023e,0x0208,0x0208,0x0228,0x0218,0x0000,0x0000,
    0x0f84,0x043c,0x0402,0x041e,0x0408,0x0408,0x043e,0x0408,0x0408,0x0428,0x0718,0x0000,
    0x0000,0x0c04,0x03bc,0x0202,0x021e,0x0208,0x0fc8,0x021e,0x0208,0x0208,0x0228,0x0218,
    0x0000,0x0000,0x07c4,0x045c,0x0442,0x045e,0x04c4,0x0544,0x045e,0x0444,0x0444,0x0454,
    0x0c2c,0x0000,0x0000,0x0084,0x0fbc,0x0842,0x085e,0x0808,0x0888,0x093e,0x0808,0x0808,
    0x0428,0x0318,0x0000,0x0000,0x0fc4,0x021c,0x0202,0x0e5e,0x0244,0x0244,0x0fde,0x0804,
    0x0804,0x0834,0x060c,0x0000,0x0000,0x0104,0x0fdc,0x0102,0x091e,0x0944,0x0944,0x0fde,
    0x0104,0x0104,0x0914,0x0f0c,0x0000,0x0000,0x0104,0x011c,0x0542,0x095e,0x0124,0x0104,
    0x011e,0x0804,0x0404,0x0314,0x00ec,0x0000,0x0000,0x0204,0x021c,0x0fc2,0x0a5e,0x0a44,
    0x0a44,0x0fde,0x0204,0x0204,0x0234,0x020c,0x0000,0x0000,0x0104,0x0ffc,0x0922,0x092e,
    0x0924,0x0aa4,0x0c7e,0x0824,0x0824,0x0834,0x0c2c,0x0000,0x0000,0x0fc4,0x087c,0x0a42,
    0x0a5e,0x0a48,0x0a48,0x0a7e,0x0a48,0x0108,0x04a8,0x0858,0x0000,0x0000,0x0fe4,0x083c,
    0x0a22,0x0a6e,0x0aa4,0x0924,0x093e,0x0aa4,0x0c64,0x0834,0x0c2c,0x0000,0x0000,0x0f84,
    0x08bc,0x0882,0x0f9e,0x0888,0x0888,0x0fbe,0x0888,0x0888,0x08a8,0x0c58,0x0000,0x0000,
    0x0084,0x0fbc,0x0a82,0x0a5e,0x0a48,0x0208,0x023e,0x0508,0x0508,0x08a8,0x0858,0x0000,
    0x0000,0x0084,0x0f9c,0x0842,0x085e,0x0984,0x0a04,0x081e,0x0b04,0x08c4,0x0414,0x030c,
    0x0000,0x0000,0x0104,0x07dc,0x0442,0x045e,0x0644,0x0044,0x0fde,0x0804,0x0bc4,0x0814,
    0x060c,0x0000,0x0000,0x0044,0x0fdc,0x0822,0x08ae,0x0884,0x0884,0x0a5e,0x0a44,0x0bc4,
    0x0814,0x060c,0x0000,0x0000,0x0f84,0x093c,0x0902,0x091e,0x0904,0x0fc4,0x089e,0x0884,
    0x0884,0x08b4,0x0fcc,0x0000,0x0000,0x0484,0x089c,0x0fe2,0x009e,0x0fe4,0x0084,0x091e,
    0x0504,0x0204,0x0594,0x086c,0x0000,0x0000,0x0884,0x08bc,0x0fc2,0x089e,0x0888,0x0888,
    0x0fbe,0x0888,0x0888,0x08a8,0x0f98,0x0000,0x0000,0x0204,0x021c,0x0fc2,0x021e,0x0304,
    0x0684,0x0a5e,0x0224,0x0fc4,0x0214,0x020c,0x0000,0x0000,0x0104,0x013c,0x0f02,0x011e,
    0x0104,0x0104,0x0fde,0x0844,0x0844,0x0854,0x0fcc,0x0000,0x0000,0x0fc4,0x0a5c,0x0a42,
    0x0fde,0x0a44,0x0a44,0x0fde,0x0204,0x0204,0x0234,0x020c,0x0000,0x0000,0x0204,0x023c,
    0x0fc2,0x0a5e,0x0a44,0x0a44,0x0fde,0x0a44,0x0a44,0x0a54,0x0fcc,0x0000,0x0000,0x0244,
    0x025c,0x0fc2,0x025e,0x0204,0x0fc4,0x021e,0x0204,0x0504,0x0894,0x086c,0x0000,0x0000,
    0x0104,0x009c,0x0fc2,0x085e,0x0844,0x0844,0x0fde,0x0844,0x0844,0x0854,0x0fcc,0x0000,
    0x0000,0x0304,0x049c,0x0842,0x011e,0x0204,0x0004,0x0fde,0x0804,0x04c4,0x0314,0x040c,
    0x0000,0x0000,0x0784,0x049c,0x0482,0x045e,0x0c44,0x0004,0x0fde,0x0844,0x0844,0x0854,
    0x0fcc,0x0000,0x0000,0x0f84,0x0a7c,0x0a22,0x0aae,0x0aa4,0x0aa4,0x0abe,0x0ae4,0x0e84,
    0x0254,0x024c,0x0000,0x0000,0x0104,0x0fdc,0x0902,0x051e,0x0fe4,0x0084,0x0fde,0x0064,
    0x0fc4,0x0814,0x060c,0x0000,0x0000,0x0104,0x095c,0x0542,0x011e,0x0fc4,0x0804,0x081e,
    0x0fc4,0x0804,0x0814,0x0fcc,0x0000,0x0000,0x0fe4,0x083c,0x0822,0x0bae,0x0824,0x0ba4,
    0x0abe,0x0aa4,0x0ba4,0x0834,0x0c2c,0x0000,0x0000,0x0fc4,0x085c,0x0842,0x0fde,0x0004,
    0x0004,0x0fde,0x0844,0x0844,0x0854,0x0fcc,0x0000,0x0000,0x0924,0x092c,0x0fe2,0x001e,
    0x0fc4,0x0804,0x0fde,0x0044,0x0844,0x0854,0x0f8c,0x0000,0x0000,0x0be4,0x0a3c,0x0aa2,
    0x0aae,0x0aa4,0x0aa4,0x0abe,0x0aa4,0x0884,0x0954,0x0d2c,0x0000,0x0000,0x0244,0x025c,
    0x0fc2,0x025e,0x0204,0x0fc4,0x029e,0x0284,0x0284,0x0a54,0x0e2c,0x0000,0x0000,0x0084,
    0x079c,0x0442,0x02be,0x0104,0x0284,0x0c5e,0x07e4,0x0444,0x0454,0x07cc,0x0000,0x0000,
    0x0104,0x0f3c,0x0882,0x089e,0x0544,0x0204,0x0f9e,0x08e4,0x0884,0x0894,0x0f8c,0x0000,
    0x0000,0x0104,0x0fdc,0x0002,0x049e,0x0844,0x0004,0x049e,0x0504,0x0204,0x0594,0x086c,
    0x0000,0x0000,0x0104,0x0fdc,0x0102,0x011e,0x0a84,0x0a84,0x0ade,0x04a4,0x0484,0x0a94,
    0x09cc,0x0000,0x0000,0x0104,0x0fdc,0x0482,0x049e,0x0fc4,0x0044,0x005e,0x0044,0x0044,
    0x0054,0x002c,0x0000,0x0000,0x0fc4,0x085c,0x0fc2,0x085e,0x0844,0x0fc4,0x015e,0x0944,
    0x0a44,0x0454,0x09cc,0x0000,0x0000,0x0104,0x0ffc,0x0102,0x0fde,0x0084,0x0fe4,0x045e,
    0x0fc4,0x0424,0x0454,0x068c,0x0000,0x0000,0x0904,0x0fdc,0x0102,0x0fde,0x0944,0x0fc4,
    0x095e,0x0fc4,0x0944,0x0954,0x0d4c,0x0000,0x0000,0x0214,0x0fac,0x0102,0x02be,0x0fa4,
    0x0224,0x022e,0x0fa4,0x0224,0x0054,0x0f8c,0x0000,0x0000,0x0104,0x095c,0x0542,0x011e,
    0x0fc4,0x0844,0x0fde,0x0844,0x0fc4,0x0854,0x0c4c,0x0000,0x0000,0x0944,0x055c,0x0102,
    0x0fde,0x0844,0x0944,0x095e,0x0944,0x0104,0x0494,0x084c,0x0000,0x0000,0x02e4,0x02bc,
    0x0fa2,0x0aee,0x0aa4,0x0aa4,0x0afe,0x0aa4,0x09a4,0x08ac,0x06f4,0x0000,0x0000,0x07c4,
    0x045c,0x0442,0x07de,0x0104,0x0fe4,0x093e,0x0aa4,0x0c64,0x0834,0x0c2c,0x0000,0x0000,
    0x0fc4,0x011c,0x0fe2,0x019e,0x0544,0x0924,0x03de,0x0e84,0x0884,0x0854,0x062c,0x0000,
    0x0000,0x0104,0x055c,0x0542,0x054e,0x0ba4,0x0924,0x011e,0x0fc4,0x0104,0x0114,0x0fec,
    0x0000,0x0000,0x0f84,0x087c,0x0482,0x079e,0x0a64,0x0fc4,0x021e,0x0fc4,0x0204,0x0fd4,
    0x020c,0x0000,0x0000,0x0204,0x0fdc,0x0482,0x049e,0x0284,0x0fc4,0x021e,0x0204,0x0fc4,
    0x0214,0x020c,0x0000,0x0000,0x0484,0x029c,0x0fc2,0x085e,0x0844,0x0fc4,0x029e,0x0284,
    0x0284,0x0a54,0x0e2c,0x0000,0x0000,0x0484,0x029c,0x0fc2,0x091e,0x0fc4,0x0144,0x0fde,
    0x0904,0x0984,0x0754,0x012c,0x0000,0x0000,0x0104,0x0fdc,0x0902,0x051e,0x0fc4,0x0104,
    0x0f9e,0x08c4,0x0f84,0x0894,0x0f8c,0x0000,0x0000,0x0484,0x0fdc,0x0482,0x049e,0x0fc4,
    0x0004,0x0fde,0x0844,0x0fc4,0x0854,0x0fcc,0x0000,0x0000,0x0484,0x0ffc,0x0482,0x049e,
    0x0fc4,0x0a44,0x0a5e,0x0fc4,0x0a44,0x0a54,0x0fcc,0x0000,0x0000,0x07c4,0x045c,0x07c2,
    0x045e,0x07c4,0x0044,0x0ffe,0x0a84,0x0a44,0x0914,0x068c,0x0000,0x0000,0x0fe4,0x0abc,
    0x0aa2,0x0fee,0x0084,0x0f84,0x085e,0x0824,0x0484,0x0314,0x00ec,0x0000,0x0000,0x0fc4,
    0x011c,0x0fe2,0x054e,0x0fe4,0x0544,0x055e,0x0fe4,0x0104,0x0114,0x0fec,0x0000,0x0000,
    0x0484,0x049c,0x0fc2,0x025e,0x0fe4,0x0244,0x025e,0x0fc4,0x0244,0x0254,0x0fcc,0x0000,
    0x0000,0x0104,0x0fdc,0x0842,0x0fde,0x0844,0x0fc4,0x011e,0x0fc4,0x0944,0x0954,0x0d4c,
    0x0000,0x0000,0x0174,0x0f1c,0x0a92,0x0afe,0x0a54,0x0254,0x025e,0x0554,0x0554,0x08d4,
    0x084c,0x0000,0x0000,0x0104,0x0ffc,0x0822,0x001e,0x0fc4,0x0104,0x011e,0x0f44,0x0144,
    0x01d4,0x0e2c,0x0000,0x0000,0x0204,0x0f7c,0x0a42,0x0fde,0x0a24,0x0f64,0x025e,0x0fc4,
    0x0254,0x0064,0x0f9c,0x0000,0x0000,0x0fc4,0x085c,0x0fc2,0x025e,0x0fc4,0x0244,0x025e,
    0x0fa4,0x0884,0x0894,0x0f8c,0x0000,0x0000,0x07c4,0x041c,0x0202,0x011e,0x0fe4,0x0104,
    0x011e,0x0fe4,0x0aa4,0x0aac,0x0ff4,0x0000,0x0000,0x0384,0x027c,0x0a42,0x0a5e,0x0be4,
    0x0244,0x025e,0x0544,0x0564,0x08d4,0x084c,0x0000,0x0000,0x07e4,0x053c,0x05e2,0x052e,
    0x0d24,0x00e4,0x073e,0x05e4,0x0524,0x0334,0x0cec,0x0000,0x0000,0x0104,0x0ffc,0x04a2,
    0x0fee,0x04a4,0x07a4,0x003e,0x07a4,0x04a4,0x0314,0x0ccc,0x0000,0x0000,0x0484,0x0ffc,
    0x0202,0x0fde,0x0204,0x0fe4,0x021e,0x0fc4,0x0204,0x0594,0x086c,0x0000,0x0000,0x0104,
    0x0ffc,0x0102,0x0fde,0x0844,0x0fc4,0x085e,0x0fe4,0x0004,0x0494,0x084c,0x0000,0x0000,
    0x0fe4,0x045c,0x07c2,0x045e,0x0fe4,0x0404,0x0efe,0x0884,0x0aa4,0x0444,0x0aac,0x0000,
    0x0000,0x0104,0x0fdc,0x0842,0x0fde,0x0844,0x0fc4,0x085e,0x0fe4,0x0184,0x0554,0x092c,
    0x0000,0x0000,0x0104,0x0ffc,0x0442,0x07de,0x0004,0x0fe4,0x083e,0x0ba4,0x0aa4,0x0bb4,
    0x0c2c,0x0000,0x0000,0x0104,0x0ffc,0x0482,0x049e,0x0fe4,0x0924,0x0fde,0x0084,0x0f84,
    0x0854,0x064c,0x0000,0x0000,0x0fe4,0x029c,0x0fe2,0x0abe,0x0fe4,0x0004,0x0fee,0x0004,
    0x0fe4,0x0544,0x09ac,0x0000,0x0000,0x0104,0x0ffc,0x0482,0x049e,0x0fe4,0x0444,0x07de,
    0x0444,0x07c4,0x0294,0x0e6c,0x0000,0x0000,0x0104,0x0ffc,0x04a2,0x0fde,0x0844,0x0fe4,
    0x085e,0x0fc4,0x0104,0x0554,0x09ac,0x0000,0x0000,0x0fc4,0x011c,0x0fe2,0x092e,0x0da4,
    0x0104,0x0fee,0x0924,0x0fe4,0x0934,0x0fec,0x0000,0x0000,0x0104,0x0ffc,0x02a2,0x0fee,
    0x0aa4,0x0fe4,0x0abe,0x0fe4,0x0294,0x06c4,0x0aac,0x0000,0x0000,0x0104,0x0ffc,0x0aa2,
    0x0eee,0x0284,0x0fe4,0x029e,0x0fe4,0x0a84,0x0474,0x09cc,0x0000,0x0000,0x07f8,0x0008,
    0x03f8,0x0008,0x03f8,0x0008,0x0ffe,0x0448,0x0488,0x0308,0x0c7c,0x0000,0x0000,0x0408,
    0x0208,0x0188,0x0068,0x0008,0x0ffe,0x0088,0x0088,0x0108,0x0208,0x0c7c,0x0000,0x0000,
    0x0fbe,0x08a2,0x0fbe,0x08a2,0x0fbe,0x0802,0x0802,0x0802,0x0802,0x0802,0x0c02,0x0000,
    0x0000,0x0fbe,0x08a2,0x0fbe,0x08a2,0x0fbe,0x0802,0x0802,0x0bfa,0x0802,0x0802,0x0c02,
    0x0000,0x0000,0x0fbe,0x08a2,0x0fbe,0x08a2,0x0fbe,0x0802,0x0842,0x0842,0x08a2,0x0912,
    0x0c02,0x0000,0x0000,0x0fbe,0x08a2,0x0fbe,0x08a2,0x0fbe,0x0882,0x0bfa,0x08c2,0x08a2,
    0x089a,0x0cc2,0x0000,0x0000,0x0fbe,0x08a2,0x0fbe,0x08a2,0x0fbe,0x0802,0x0bfa,0x08a2,
    0x0bfa,0x08a2,0x0c92,0x0000,0x0000,0x0fbe,0x08a2,0x0fbe,0x08a2,0x0fbe,0x0822,0x0bfa,
    0x0822,0x0892,0x0a4a,0x0be2,0x0000,0x0000,0x0fbe,0x08a2,0x0fbe,0x08a2,0x0fbe,0x0802,
    0x0bfa,0x0842,0x09f2,0x0842,0x0bfa,0x0000,0x0000,0x0fbe,0x08a2,0x0fbe,0x08a2,0x0fbe,
    0x0842,0x0bfa,0x0842,0x08e2,0x0b5a,0x0c42,0x0000,0x0000,0x0fbe,0x08a2,0x0fbe,0x08a2,
    0x0ffe,0x0912,0x09f2,0x0912,0x09f2,0x0912,0x0d92,0x0000,0x0000,0x0fbe,0x08a2,0x0fbe,
    0x08a2,0x0fbe,0x0802,0x09f2,0x0912,0x09f2,0x0912,0x0df2,0x0000,0x0000,0x0fbe,0x08a2,
    0x0fbe,0x08a2,0x0fbe,0x0842,0x0bfa,0x08a2,0x08a2,0x0842,0x0db2,0x0000,0x0000,0x0fbe,
    0x08a2,0x0fbe,0x08a2,0x0ffe,0x0a4a,0x0bfa,0x0a4a,0x0bfa,0x0842,0x0c42,0x0000,0x0000,
    0x0fbe,0x08a2,0x0fbe,0x08a2,0x0fbe,0x0842,0x0bfa,0x0892,0x0a7a,0x0922,0x0ada,0x0000,
    0x0000,0x0fbe,0x08a2,0x0fbe,0x08a2,0x0ffe,0x0912,0x08ea,0x0912,0x0bfa,0x0912,0x0df2,
    0x0000,0x0000,0x0fbe,0x08a2,0x0fbe,0x08a2,0x0fbe,0x0912,0x0aea,0x0802,0x09f2,0x0912,
    0x0df2,0x0000,0x0000,0x0fbe,0x08a2,0x0fbe,0x08a2,0x0fbe,0x0842,0x0a52,0x0bea,0x088e,
    0x098a,0x0e6a,0x0000,0x0000,0x0fbe,0x08a2,0x0fbe,0x08a2,0x0ffe,0x0842,0x0bfa,0x0842,
    0x09f2,0x0842,0x0bfa,0x0000,0x0000,0x0fbe,0x08a2,0x0fbe,0x08a2,0x0fbe,0x0842,0x09f2,
    0x0952,0x09f2,0x0a42,0x0bfa,0x0000,0x0000,0x0fbe,0x08a2,0x0fbe,0x08a2,0x0ffe,0x0912,
    0x09f2,0x0822,0x0bfa,0x0a0a,0x0bfa,0x0000,0x0000,0x0fbe,0x08a2,0x0fbe,0x08a2,0x0fbe,
    0x0912,0x0bfa,0x0912,0x09f2,0x0aa2,0x0b9a,0x0000,0x0000,0x0fbe,0x08a2,0x0fbe,0x08a2,
    0x0ffe,0x0a4a,0x0ffe,0x0a4a,0x0bfa,0x0842,0x0b82,0x0000,0x0000,0x0fbe,0x08a2,0x0fbe,
    0x08a2,0x0ffe,0x0912,0x0bba,0x0a0e,0x0bba,0x0a0a,0x0bfa,0x0000,0x0000,0x0fbe,0x08a2,
    0x0fbe,0x08a2,0x0ffe,0x0912,0x09f2,0x0a42,0x0bfa,0x08a2,0x0b1a,0x0000,0x0000,0x0fbe,
    0x08a2,0x0fbe,0x08a2,0x0ffe,0x0912,0x09f2,0x0802,0x0bba,0x0aaa,0x0fba,0x0000,0x0000,
    0x0fbe,0x08a2,0x0fbe,0x08a2,0x0ffe,0x08a2,0x0bfa,0x0912,0x09f2,0x0912,0x0df2,0x0000,
    0x0000,0x0fbe,0x08a2,0x0fbe,0x08e2,0x0fbe,0x08e2,0x0b1a,0x09f2,0x084a,0x0bfa,0x0842,
    0x0000,0x0000,0x0fbe,0x08a2,0x0fbe,0x08a2,0x0ffe,0x088a,0x0be6,0x088a,0x0be2,0x0a2a,
    0x0fe6,0x0000,0x0000,0x0fbe,0x08a2,0x0fbe,0x08a2,0x0ffe,0x0aaa,0x09f2,0x0a4a,0x0bfa,
    0x08a2,0x0b1a,0x0000,0x0000,0x0fbe,0x08a2,0x0fbe,0x08a2,0x0ffe,0x0842,0x0bfa,0x0a4a,
    0x0bfa,0x0952,0x0a4a,0x0000,0x0000,0x0f1e,0x0912,0x0f1e,0x0952,0x0ffe,0x0912,0x09f2,
    0x0912,0x0bfa,0x0912,0x0a0a,0x0000,0x0000,0x0fbe,0x08a2,0x0fbe,0x08a2,0x0ffe,0x0842,
    0x0bfa,0x0922,0x0bfa,0x0952,0x0bfa,0x0000,0x0000,0x0fbe,0x08a2,0x0fbe,0x08a2,0x0fbe,
    0x0892,0x0bbe,0x094a,0x092a,0x0abe,0x0c4a,0x0000,0x0000,0x0fbe,0x08a2,0x0fbe,0x08a2,
    0x0ffe,0x084a,0x0bfa,0x084a,0x0bfa,0x0a02,0x0aaa,0x0000,0x0000,0x0fbe,0x08a2,0x0fbe,
    0x08a2,0x0fbe,0x0912,0x0aaa,0x0952,0x0aaa,0x0bba,0x0c92,0x0000,0x0000,0x0fbe,0x08a2,
    0x0fbe,0x08a2,0x0ffe,0x0a4a,0x0bfa,0x0952,0x0952,0x0bfa,0x0c42,0x0000,0x0000,0x0fbe,
    0x08a2,0x0fbe,0x08a2,0x0ffe,0x0aaa,0x0aba,0x0bca,0x093a,0x0bea,0x0d3a,0x0000,0x0000,
    0x0fbe,0x08a2,0x0fbe,0x08a2,0x0ffe,0x088a,0x0be2,0x094e,0x0bea,0x089a,0x0fe6,0x0000,
    0x0000,0x0ff2,0x0804,0x0800,0x0802,0x0802,0x0802,0x0802,0x0802,0x0802,0x0802,0x0e02,
    0x0000,0x0000,0x0ff2,0x0804,0x0840,0x0842,0x0842,0x0842,0x08a2,0x0912,0x0a0a,0x0802,
    0x0e02,0x0000,0x0000,0x0ff2,0x0804,0x0880,0x0882,0x0bfa,0x0882,0x08c2,0x08a2,0x089a,
    0x08c2,0x0e02,0x0000,0x0000,0x0ff2,0x0804,0x0800,0x09f2,0x0912,0x0912,0x0912,0x0912,
    0x09f2,0x0802,0x0e02,0x0000,0x0000,0x0ff2,0x0804,0x09f0,0x0902,0x0912,0x0892,0x0bf2,
    0x0a02,0x0afa,0x0a02,0x0982,0x0000,0x0000,0x0ff2,0x0804,0x0800,0x09f2,0x0842,0x0842,
    0x09f2,0x0842,0x0842,0x09f2,0x0c02,0x0000,0x0000,0x0ff2,0x0804,0x0840,0x0842,0x0bfa,
    0x0842,0x0862,0x0952,0x0a4a,0x0842,0x0c02,0x0000,0x0000,0x0ff2,0x0804,0x0800,0x09f2,
    0x0912,0x09f2,0x0912,0x0912,0x09f2,0x0802,0x0e02,0x0000,0x0000,0x0ff2,0x0804,0x0840,
    0x0bfa,0x0882,0x0892,0x08a2,0x0842,0x08a2,0x091a,0x0c02,0x0000,0x0000,0x0ff2,0x0804,
    0x0820,0x0842,0x0802,0x0922,0x0a2a,0x082a,0x0922,0x09c2,0x0c02,0x0000,0x0000,0x0ff2,
    0x0804,0x0800,0x0bfa,0x0a4a,0x0bfa,0x0a4a,0x0bfa,0x0842,0x0842,0x0c42,0x0000,0x0000,
    0x0ff2,0x0804,0x0840,0x0bfa,0x0842,0x0bfa,0x0a4a,0x0a4a,0x0b4a,0x0842,0x0c02,0x0000,
    0x0000,0x0ff2,0x0804,0x0840,0x09f2,0x0842,0x0bfa,0x0842,0x09f2,0x0842,0x0bfa,0x0c02,
    0x0000,0x0000,0x0ff2,0x0804,0x0800,0x0bfa,0x0912,0x09f2,0x0912,0x09f2,0x0b12,0x09f2,
    0x0d1a,0x0000,0x0000,0x0ff2,0x0804,0x0840,0x0bfa,0x0a4a,0x0a4a,0x0bfa,0x0842,0x0a42,
    0x0bfa,0x0c02,0x0000,0x0000,0x0ff2,0x0804,0x0a90,0x0c92,0x0bea,0x0c8e,0x0a8a,0x090a,
    0x098a,0x0a6a,0x0c02,0x0000,0x0000,0x0ff2,0x0804,0x0820,0x09e2,0x091a,0x08e2,0x0912,
    0x0bfa,0x0912,0x0912,0x0df2,0x0000,0x0000,0x0ff2,0x0804,0x0840,0x0bfa,0x0922,0x089a,
    0x0a62,0x091a,0x08c2,0x0b3a,0x0c02,0x0000,0x0000,0x0ff2,0x0804,0x0920,0x08a2,0x09f2,
    0x0912,0x09f2,0x08a2,0x0a92,0x0b8a,0x0c02,0x0000,0x0000,0x0ff2,0x0844,0x0bf8,0x0912,
    0x0bfa,0x0e4e,0x0bfa,0x0a4a,0x0bfa,0x0842,0x0dc2,0x0000,0x0000,0x0fe2,0x0804,0x09e0,
    0x0912,0x0882,0x0b32,0x0a0a,0x0bba,0x0a0a,0x0bfa,0x0c02,0x0000,0x0000,0x0ff2,0x0924,
    0x08a0,0x0bfa,0x0a4a,0x0bfa,0x0a4a,0x0bfa,0x0842,0x0bfa,0x0c42,0x0000,0x0000,0x0ff2,
    0x0844,0x0bf8,0x0842,0x0bfa,0x0a4a,0x0b5a,0x0a4a,0x0bfa,0x0952,0x0a4a,0x0000,0x0000,
    0x0ff2,0x0804,0x0b00,0x08ca,0x0892,0x0bc6,0x088a,0x0bc2,0x0a52,0x0bca,0x0c02,0x0000,
    0x0000,0x0020,0x03f8,0x0208,0x03f8,0x0008,0x07f8,0x0408,0x07f8,0x0040,0x0ffe,0x0040,
    0x0000,0x0000,0x011e,0x0112,0x010a,0x0106,0x010a,0x0112,0x0292,0x028e,0x0442,0x0422,
    0x0812,0x0000,0x0000,0x0e1e,0x01f2,0x010a,0x0106,0x010a,0x0ff2,0x0112,0x0112,0x010e,
    0x0102,0x0102,0x0000,0x0000,0x0fee,0x002a,0x002a,0x0fa6,0x08aa,0x08aa,0x0eaa,0x00aa,
    0x08a6,0x0892,0x0f92,0x0000,0x0000,0x0fce,0x004a,0x004a,0x07c6,0x044a,0x044a,0x052a,
    0x052a,0x0206,0x0582,0x0862,0x0000,0x0000,0x0fee,0x000a,0x000a,0x0006,0x0ffa,0x024a,
    0x024a,0x024a,0x0a46,0x0a22,0x0e1a,0x0000,0x0000,0x010e,0x010a,0x010a,0x0126,0x0f2a,
    0x012a,0x012a,0x0126,0x0122,0x0122,0x0ffa,0x0000,0x0000,0x044e,0x044a,0x0fea,0x0446,
    0x044a,0x044a,0x0fea,0x044a,0x0446,0x0422,0x0422,0x0000,0x0000,0x010e,0x0ffa,0x008a,
    0x0086,0x0f8a,0x084a,0x084a,0x082a,0x0826,0x0402,0x0302,0x0000,0x0000,0x0fde,0x0852,
    0x084a,0x0846,0x084a,0x0fd2,0x0852,0x0852,0x084e,0x0842,0x0fc2,0x0000,0x0000,0x0fde,
    0x0852,0x084a,0x0fc6,0x084a,0x0852,0x0fd2,0x0852,0x084e,0x0822,0x0c22,0x0000,0x0000,
    0x008e,0x0fea,0x004a,0x0126,0x012a,0x0fea,0x010a,0x010a,0x0fe6,0x0102,0x0102,0x0000,
    0x0000,0x038e,0x044a,0x082a,0x0006,0x044a,0x044a,0x044a,0x044a,0x0446,0x0422,0x0422,
    0x0000,0x0000,0x07de,0x0452,0x044a,0x07c6,0x044a,0x0452,0x07d2,0x0452,0x044e,0x0442,
    0x0ff2,0x0000,0x0000,0x0fee,0x040a,0x040a,0x04e6,0x04aa,0x04aa,0x04aa,0x04ea,0x0406,
    0x0402,0x0702,0x0000,0x0000,0x010e,0x0fea,0x082a,0x0826,0x004a,0x064a,0x01ca,0x004a,
    0x0046,0x0842,0x0fc2,0x0000,0x0000,0x010e,0x0fea,0x092a,0x0126,0x07ea,0x042a,0x04aa,
    0x0516,0x0212,0x0582,0x0862,0x0000,0x0000,0x044e,0x044a,0x0faa,0x0436,0x042a,0x04aa,
    0x052a,0x042a,0x0426,0x0422,0x0622,0x0000,0x0000,0x07ce,0x000a,0x000a,0x0006,0x0fea,
    0x010a,0x054a,0x054a,0x0926,0x0922,0x0182,0x0000,0x0000,0x010e,0x0fea,0x010a,0x0106,
    0x010a,0x0ffa,0x010a,0x010a,0x0926,0x0922,0x0fe2,0x0000,0x0000,0x048e,0x088a,0x0fea,
    0x0286,0x0a8a,0x0a8a,0x064a,0x024a,0x0b26,0x0aa2,0x0e12,0x0000,0x0000,0x008e,0x0fea,
    0x004a,0x0126,0x012a,0x0fea,0x010a,0x014a,0x0526,0x0912,0x0182,0x0000,0x0000,0x0fce,
    0x020a,0x020a,0x0fa6,0x0aaa,0x0aaa,0x0daa,0x08aa,0x0ca6,0x0022,0x0fe2,0x0000,0x0000,
    0x0fde,0x0212,0x010a,0x0fc6,0x084a,0x0852,0x0fd2,0x0852,0x084e,0x0842,0x0fc2,0x0000,
    0x0000,0x0f9e,0x0872,0x048a,0x0386,0x0c6a,0x0212,0x0fd2,0x0252,0x024e,0x0ff2,0x0202,
    0x0000,0x0000,0x0fde,0x0852,0x0fca,0x0846,0x084a,0x0fd2,0x0152,0x0952,0x0a4e,0x0442,
    0x09c2,0x0000,0x0000,0x010e,0x0fea,0x010a,0x0926,0x054a,0x010a,0x0fea,0x010a,0x0286,
    0x0442,0x0832,0x0000,0x0000,0x022e,0x0eea,0x022a,0x0a26,0x0eea,0x010a,0x010a,0x0fea,
    0x0106,0x0102,0x0fe2,0x0000,0x0000,0x010e,0x0fea,0x010a,0x0766,0x054a,0x054a,0x0baa,
    0x0916,0x0282,0x0442,0x0832,0x0000,0x0000,0x05ee,0x048a,0x0fea,0x0486,0x044a,0x052a,
    0x010a,0x0fea,0x0106,0x0102,0x0fe2,0x0000,0x0000,0x014e,0x074a,0x014a,0x0ff6,0x010a,
    0x014a,0x092a,0x098a,0x0406,0x0302,0x00e2,0x0000,0x0000,0x010e,0x0fea,0x010a,0x0106,
    0x0fea,0x010a,0x012a,0x0f2a,0x0126,0x01d2,0x0e12,0x0000,0x0000,0x010e,0x0fea,0x082a,
    0x0fc6,0x000a,0x000a,0x0fea,0x028a,0x0286,0x0a42,0x0e32,0x0000,0x0000,0x010e,0x0fea,
    0x010a,0x0fe6,0x092a,0x0fea,0x092a,0x0fea,0x0106,0x0ff2,0x0102,0x0000,0x0000,0x03ce,
    0x042a,0x081a,0x0fe6,0x010a,0x010a,0x0ffa,0x010a,0x0526,0x0912,0x0182,0x0000,0x0000,
    0x0fee,0x082a,0x0fea,0x0006,0x0fea,0x082a,0x092a,0x092a,0x0926,0x02c2,0x0c32,0x0000,
    0x0000,0x038e,0x044a,0x082a,0x07c6,0x000a,0x088a,0x092a,0x094a,0x0446,0x0402,0x0ff2,
    0x0000,0x0000,0x010e,0x0fea,0x048a,0x0486,0x0fea,0x000a,0x000a,0x0fca,0x0846,0x0842,
    0x0fc2,0x0000,0x0000,0x0ffe,0x00aa,0x0fea,0x08a6,0x0aaa,0x0aea,0x0aaa,0x04aa,0x04e6,
    0x0ab2,0x0982,0x0000,0x0000,0x038e,0x044a,0x082a,0x07d6,0x000a,0x07ca,0x020a,0x0fea,
    0x0046,0x0822,0x0fe2,0x0000,0x0000,0x0fee,0x010a,0x0fea,0x0946,0x0ffa,0x094a,0x094a,
    0x0fea,0x0106,0x0102,0x0fe2,0x0000,0x0000,0x010e,0x0fea,0x010a,0x0fe6,0x092a,0x0fea,
    0x092a,0x0fea,0x0186,0x0542,0x0932,0x0000,0x0000,0x008e,0x0fea,0x092a,0x0fe6,0x092a,
    0x092a,0x0fea,0x0286,0x0242,0x0ff2,0x0202,0x0000,0x0000,0x010e,0x0fea,0x010a,0x0ff6,
    0x028a,0x0c6a,0x078a,0x046a,0x0246,0x0382,0x0c72,0x0000,0x0000,0x004e,0x0fca,0x082a,
    0x0be6,0x088a,0x0bea,0x088a,0x0aaa,0x0be6,0x0802,0x0602,0x0000,0x0000,0x0f9e,0x0852,
    0x042a,0x0106,0x0cca,0x0852,0x0852,0x0dd2,0x084e,0x0842,0x0fc2,0x0000,0x0000,0x010e,
    0x0fea,0x010a,0x0fe6,0x028a,0x0a8a,0x0e6a,0x010a,0x0fe6,0x0102,0x0ff2,0x0000,0x0000,
    0x07ee,0x042a,0x07ea,0x0426,0x0fea,0x002a,0x0ffa,0x0a4a,0x0926,0x0892,0x0642,0x0000,
    0x0000,0x0fee,0x092a,0x0fea,0x0926,0x0fea,0x010a,0x0fea,0x08aa,0x0aa6,0x0be2,0x0c22,
    0x0000,0x0000,0x07ce,0x043a,0x024a,0x0386,0x0c7a,0x012a,0x0fea,0x0116,0x07d2,0x0102,
    0x0ff2,0x0000,0x0000,0x0fee,0x092a,0x0fea,0x0926,0x0fea,0x000a,0x0ffa,0x092a,0x0526,
    0x0222,0x0cf2,0x0000,0x0000,0x048e,0x028a,0x0fea,0x0106,0x098a,0x066a,0x030a,0x068a,
    0x0a76,0x0a02,0x0182,0x0000,0x0000,0x010e,0x0fea,0x008a,0x0fc6,0x022a,0x0fda,0x084a,
    0x0fca,0x0846,0x0fc2,0x0842,0x0000,0x0000,0x008e,0x0fea,0x082a,0x0fe6,0x082a,0x0fea,
    0x010a,0x0fea,0x0106,0x0102,0x0fe2,0x0000,0x0000,0x022e,0x0eea,0x022a,0x0226,0x0eea,
    0x010a,0x0fea,0x082a,0x0fe6,0x0822,0x0fe2,0x0000,0x0000,0x010e,0x0fda,0x012a,0x0f86,
    0x08da,0x0faa,0x088a,0x0fba,0x08a6,0x0052,0x0f8a,0x0000,0x0000,0x07ce,0x042a,0x021a,
    0x0fe6,0x080a,0x0ffa,0x080a,0x0fea,0x0146,0x0452,0x0b8a,0x0000,0x0000,0x0fee,0x000a,
    0x07ca,0x0446,0x07ca,0x000a,0x0fea,0x0aaa,0x0c66,0x0ba2,0x0922,0x0000,0x0000,0x0fee,
    0x082a,0x0fea,0x0006,0x0fea,0x082a,0x0fea,0x082a,0x0fe6,0x0442,0x0832,0x0000,0x0000,
    0x008e,0x0fea,0x092a,0x0fe6,0x092a,0x092a,0x0fea,0x0546,0x0d42,0x0122,0x0f1a,0x0000,
    0x0000,0x044e,0x024a,0x0fea,0x0246,0x024a,0x042a,0x0ffa,0x0aaa,0x0aa6,0x0aa2,0x0ff2,
    0x0000,0x0000,0x054e,0x092a,0x008a,0x0fe6,0x082a,0x0fea,0x082a,0x0fea,0x0106,0x0522,
    0x0992,0x0000,0x0000,0x0eee,0x089a,0x05aa,0x02a6,0x044a,0x0baa,0x000a,0x0fea,0x0106,
    0x0522,0x0992,0x0000,0x0000,0x010e,0x0fea,0x048a,0x0fe6,0x082a,0x0fea,0x082a,0x0fea,
    0x0106,0x0fe2,0x0102,0x0000,0x0000,0x051e,0x0faa,0x010a,0x02d6,0x0b2a,0x06ca,0x0b3a,
    0x0aea,0x0326,0x0052,0x0f8a,0x0000,0x0000,0x011e,0x0fea,0x008a,0x0fd6,0x022a,0x0fca,
    0x08ba,0x0faa,0x08a6,0x0052,0x0f8a,0x0000,0x0000,0x07ce,0x082a,0x0fda,0x0006,0x0eea,
    0x0aaa,0x0aaa,0x0eea,0x0446,0x0aa2,0x0912,0x0000,0x0000,0x0fee,0x082a,0x0fea,0x0826,
    0x0fea,0x054a,0x0aaa,0x0fea,0x0006,0x0552,0x0a8a,0x0000,0x0000,0x0bee,0x092a,0x054a,
    0x0ff6,0x080a,0x0fea,0x080a,0x0fea,0x0146,0x0452,0x0b8a,0x0000,0x0000,0x024e,0x0efa,
    0x02aa,0x0ea6,0x09fa,0x0eaa,0x02ea,0x0eaa,0x02e6,0x0aa2,0x0ea2,0x0000,0x0000,0x0040,
    0x07fc,0x0440,0x0ffe,0x0440,0x0ffc,0x0444,0x02c8,0x0150,0x0248,0x0c66,0x0000,0x0000,
    0x0108,0x0ffe,0x090c,0x0fea,0x0908,0x0fde,0x0900,0x05be,0x0348,0x052a,0x099a,0x0000,
    0x0000,0x0110,0x0110,0x0ff8,0x0088,0x07fc,0x008a,0x0088,0x07f8,0x0088,0x0088,0x0ff8,
    0x0000,0x0000,0x0110,0x07f8,0x0088,0x07fc,0x008a,0x07f8,0x0088,0x07fc,0x0210,0x01e0,
    0x0e1e,0x0000,0x0000,0x0110,0x0ff8,0x008c,0x07fa,0x0088,0x07f8,0x0088,0x0088,0x0ffe,
    0x0080,0x0080,0x0000,0x0000,0x0480,0x049e,0x0fd0,0x0250,0x0ff2,0x0254,0x0248,0x0fc8,
    0x0254,0x0254,0x0fc2,0x0000,0x0000,0x0040,0x0248,0x0464,0x0982,0x0070,0x008e,0x0ff8,
    0x0088,0x07f8,0x0088,0x0ff8,0x0000,0x0000,0x0ffc,0x0524,0x0524,0x0f94,0x049c,0x0fd4,
    0x04b4,0x0f94,0x0492,0x0492,0x0f90,0x0000,0x0000,0x0488,0x0488,0x0ffe,0x0248,0x0fe8,
    0x0244,0x0254,0x0fd4,0x0252,0x024a,0x0ff8,0x0000,0x0000,0x04be,0x0494,0x0fd4,0x0254,
    0x0ff4,0x025e,0x0250,0x0fd8,0x0254,0x0252,0x0fd8,0x0000,0x0000,0x0090,0x07f8,0x004c,
    0x03fa,0x0048,0x03f8,0x0040,0x0ffe,0x0160,0x0258,0x0c46,0x0000,0x0000,0x0ffc,0x0004,
    0x07fc,0x0404,0x07fc,0x0124,0x0ff4,0x011c,0x07f4,0x0112,0x0ff2,0x0000,0x0000,0x0482,
    0x049e,0x0fca,0x024a,0x0fe8,0x025e,0x0248,0x0fd4,0x0254,0x0262,0x0fc2,0x0000,0x0000,
    0x0504,0x053c,0x0fa2,0x04a2,0x0fee,0x04aa,0x04aa,0x0fae,0x04a0,0x0490,0x0f8c,0x0000,
    0x0000,0x0110,0x07f8,0x008c,0x07fa,0x0088,0x07f8,0x0000,0x0fbe,0x08a2,0x08e2,0x0c02,
    0x0000,0x0000,0x0528,0x0528,0x0fa8,0x04aa,0x0ffa,0x04aa,0x04aa,0x0faa,0x04aa,0x04ba,
    0x0fe6,0x0000,0x0000,0x0040,0x0ffe,0x0488,0x0fc4,0x0262,0x0fce,0x0244,0x0fd2,0x025e,
    0x0248,0x0fc6,0x0000,0x0000,0x0480,0x049e,0x0fd2,0x025e,0x0ff2,0x0252,0x025e,0x0fd2,
    0x0252,0x027a,0x0fc6,0x0000,0x0000,0x0484,0x049c,0x0fd2,0x0248,0x0ffe,0x0250,0x0250,
    0x0fde,0x0250,0x0250,0x0fde,0x0000,0x0000,0x0504,0x053c,0x0fa2,0x0494,0x0fc8,0x0494,
    0x04a2,0x0ffe,0x04a2,0x04a2,0x0fbe,0x0000,0x0000,0x0a7e,0x0a4a,0x0f5e,0x054a,0x0fde,
    0x0542,0x055e,0x0f52,0x055e,0x0542,0x0f62,0x0000,0x0000,0x053e,0x0522,0x0fbe,0x0488,
    0x0ffe,0x04aa,0x04aa,0x0fbe,0x0488,0x04a8,0x0fbe,0x0000,0x0000,0x0528,0x0ffc,0x04a6,
    0x0ffc,0x04a4,0x0ffc,0x0000,0x07fc,0x0210,0x01e0,0x0e1e,0x0000,0x0000,0x0504,0x053c,
    0x0faa,0x04be,0x0fe8,0x04a4,0x049c,0x0faa,0x04be,0x04a4,0x0fb2,0x0000,0x0000,0x0508,
    0x057e,0x0f94,0x04d4,0x0faa,0x0488,0x04be,0x0f88,0x049c,0x04aa,0x0f88,0x0000,0x0000,
    0x053e,0x052a,0x0f88,0x0494,0x0fca,0x04be,0x0488,0x0fbe,0x0488,0x0494,0x0fa2,0x0000,
    0x0000,0x0510,0x057e,0x0fa8,0x0492,0x0faa,0x04fe,0x0490,0x0ffe,0x048a,0x04ba,0x0fc2,
    0x0000,0x0000,0x0514,0x057e,0x0f94,0x04be,0x0fea,0x04be,0x0488,0x0fbe,0x0488,0x0494,
    0x0fa2,0x0000,0x0000,0x0ffe,0x0040,0x0040,0x0ffe,0x0842,0x094a,0x0a52,0x0842,0x094a,
    0x0a52,0x0c42,0x0000,0x0000,0x07fc,0x0040,0x0ffe,0x0952,0x07fc,0x0000,0x0ffe,0x0008,
    0x07fc,0x0400,0x0380,0x0000,0x0000,0x07fc,0x0040,0x0ffe,0x094a,0x0a52,0x0040,0x07fc,
    0x0400,0x0ffe,0x0400,0x07fc,0x0000,0x0000,0x07fc,0x0040,0x0ffe,0x094a,0x0a52,0x0040,
    0x0ffe,0x0110,0x0110,0x00e0,0x0f1e,0x0000,0x0000,0x07fc,0x0040,0x0ffe,0x094a,0x0a52,
    0x0040,0x07fc,0x0000,0x0ffe,0x0208,0x05fc,0x0000,0x0000,0x07fc,0x0040,0x0ffe,0x094a,
    0x0a52,0x07fc,0x0084,0x0ff4,0x0844,0x0822,0x061a,0x0000,0x0000,0x07fc,0x0040,0x0ffe,
    0x094a,0x0af2,0x0318,0x0df6,0x0000,0x07fc,0x0420,0x0320,0x0000,0x0000,0x07fc,0x0040,
    0x0ffe,0x094a,0x0a52,0x0040,0x07fc,0x0444,0x07fc,0x0444,0x07fc,0x0000,0x0000,0x07fc,
    0x0040,0x0ffe,0x094a,0x0a52,0x0048,0x07f8,0x048c,0x06fa,0x0808,0x0ff8,0x0000,0x0000,
    0x07fc,0x0040,0x0ffe,0x0952,0x07fc,0x0444,0x07fc,0x0444,0x07fc,0x0840,0x0fc0,0x0000,
    0x0000,0x07fc,0x0040,0x0ffe,0x094a,0x07f0,0x020c,0x03f8,0x0c46,0x07f8,0x0410,0x030c,
    0x0000,0x0000,0x07fc,0x0040,0x0ffe,0x094a,0x0250,0x0ffe,0x0020,0x07fc,0x04a4,0x04a4,
    0x06a4,0x0000,0x0000,0x07fc,0x0040,0x0ffe,0x094a,0x0a52,0x03f8,0x060c,0x0bfa,0x0208,
    0x03f8,0x0208,0x0000,0x0000,0x07fc,0x0040,0x0ffe,0x094a,0x0040,0x0fee,0x0108,0x0fe4,
    0x010e,0x0108,0x0ff6,0x0000,0x0000,0x07fc,0x0040,0x0ffe,0x094a,0x0a52,0x0ffc,0x0004,
    0x0ffc,0x0494,0x0312,0x0c7a,0x0000,0x0000,0x07fc,0x0040,0x0ffe,0x0a52,0x0104,0x0ff8,
    0x0102,0x0ff4,0x0910,0x0914,0x0d12,0x0000,0x0000,0x07fc,0x0040,0x0ffe,0x094a,0x0250,
    0x0ffc,0x048a,0x0ffe,0x0444,0x0ffe,0x0200,0x0000,0x0000,0x07fc,0x0040,0x0ffe,0x094a,
    0x0a52,0x0088,0x07fc,0x0046,0x07fc,0x0044,0x0ffc,0x0000,0x0000,0x07fc,0x0040,0x0ffe,
    0x094a,0x0250,0x07fc,0x0110,0x0ffe,0x0210,0x01f0,0x060c,0x0000,0x0000,0x07fc,0x0040,
    0x0ffe,0x0a52,0x00a0,0x0fbe,0x00a0,0x07bc,0x00a0,0x0f9e,0x0090,0x0000,0x0000,0x07fc,
    0x0040,0x0ffe,0x094a,0x0a52,0x0088,0x0792,0x0084,0x0ff0,0x0814,0x0ff2,0x0000,0x0000,
    0x07fc,0x0040,0x0ffe,0x094a,0x0a52,0x0020,0x079c,0x0404,0x07fc,0x0890,0x0f8e,0x0000,
    0x0000,0x07fc,0x0040,0x0ffe,0x094a,0x0a52,0x0208,0x0fbe,0x0308,0x069c,0x0a4a,0x0208,
    0x0000,0x0000,0x07fc,0x0040,0x0ffe,0x094a,0x0a52,0x0048,0x0fbe,0x0888,0x0f9c,0x08aa,
    0x0f88,0x0000,0x0000,0x07fc,0x0040,0x0ffe,0x094a,0x0250,0x0fbe,0x0822,0x0ffe,0x0482,
    0x033e,0x0cc2,0x0000,0x0000,0x07fc,0x0040,0x0ffe,0x094a,0x0250,0x0fbe,0x0902,0x0ca6,
    0x07fc,0x0444,0x07fc,0x0000,0x0000,0x07fc,0x0040,0x0ffe,0x094a,0x0a52,0x0fbc,0x04d0,
    0x033e,0x0dd8,0x0496,0x0658,0x0000,0x0000,0x07fc,0x0040,0x0ffe,0x0a52,0x0044,0x0bf0,
    0x0892,0x0524,0x0fe0,0x0104,0x0ff2,0x0000,0x0000,0x07fc,0x0040,0x0ffe,0x094a,0x0094,
    0x0fbe,0x0454,0x057e,0x0522,0x033e,0x0ce2,0x0000,0x0000,0x07fc,0x0040,0x0ffe,0x094a,
    0x0a52,0x0f9e,0x04f2,0x031e,0x0ce8,0x048a,0x07be,0x0000,0x0000,0x07fc,0x0040,0x0ffe,
    0x094a,0x0250,0x0ffe,0x0894,0x0fbe,0x08aa,0x0ffe,0x0888,0x0000,0x0000,0x07fc,0x0040,
    0x0ffe,0x094a,0x023c,0x0fe4,0x04bc,0x0fc2,0x023e,0x0fe4,0x023c,0x0000,0x0000,0x07fc,
    0x0040,0x0ffe,0x094a,0x0250,0x0ffe,0x0554,0x0b5a,0x0404,0x07fc,0x0406,0x0000,0x0000,
    0x07fc,0x0040,0x0ffe,0x0a52,0x0016,0x0fc8,0x0a56,0x0a58,0x0fd6,0x0210,0x0fcc,0x0000,
    0x0000,0x07fc,0x0040,0x0ffe,0x0a52,0x07fc,0x0224,0x0774,0x0aac,0x0794,0x0092,0x0ffe,
    0x0000,0x0000,0x07fc,0x0040,0x0ffe,0x0842,0x0fde,0x0440,0x07de,0x0440,0x0fde,0x0972,
    0x0dde,0x0000,0x0000,0x07fc,0x0040,0x0ffe,0x094a,0x0250,0x07fc,0x04a4,0x0ffe,0x0248,
    0x0554,0x0ffe,0x0000,0x0000,0x0ffe,0x0a88,0x053e,0x0fea,0x0aaa,0x0080,0x0f3e,0x04c0,
    0x053e,0x0324,0x0cde,0x0000,0x0000,0x0040,0x0ffe,0x0040,0x03f8,0x0040,0x0ffe,0x0208,
    0x03f8,0x0208,0x03f8,0x0208,0x0000,0x0000,0x0104,0x0fe4,0x011e,0x0fc8,0x010a,0x0fea,
    0x084a,0x0fca,0x0848,0x0fde,0x0840,0x0000,0x0000,0x0788,0x047e,0x0208,0x0fbe,0x0a08,
    0x0ffe,0x0a22,0x0fbe,0x0222,0x023e,0x0322,0x0000,0x0000,0x0f88,0x08be,0x0f88,0x08be,
    0x0f88,0x08be,0x0fa2,0x023e,0x0322,0x0abe,0x0e62,0x0000,0x0000,0x0108,0x0ffe,0x0828,
    0x001e,0x0fc8,0x011e,0x0152,0x0f5e,0x0152,0x01de,0x0e32,0x0000,0x0000,0x0fc8,0x097e,
    0x0548,0x003e,0x0f88,0x0a3e,0x0fe2,0x0a3e,0x0fa2,0x023e,0x0322,0x0000,0x0000,0x0120,
    0x0f3e,0x0120,0x0120,0x0f3c,0x0120,0x0120,0x013e,0x0f20,0x0110,0x010c,0x0000,0x0000,
    0x0048,0x07f8,0x0044,0x0ffe,0x0208,0x0ffe,0x00a0,0x07bc,0x00a0,0x0f9e,0x0090,0x0000,
    0x0000,0x0080,0x0ffc,0x0224,0x0ffc,0x0aa4,0x0a2c,0x0144,0x0f7c,0x0142,0x0f3a,0x0120,
    0x0000,0x0000,0x0ffe,0x0040,0x0020,0x0ffe,0x0912,0x09f2,0x0912,0x09f2,0x0912,0x0912,
    0x0ffe,0x0000,0x0000,0x0fbe,0x0884,0x0f84,0x08be,0x0faa,0x08ae,0x0faa,0x052e,0x052a,
    0x04aa,0x0c7e,0x0000,0x0000,0x0ffe,0x0a52,0x0f7a,0x024a,0x057a,0x094a,0x0ffe,0x094a,
    0x09ca,0x094a,0x0ff8,0x0000,0x0000,0x0110,0x0ffe,0x0110,0x01f0,0x0040,0x07fc,0x0444,
    0x07fc,0x0040,0x0ffe,0x0040,0x0000,0x0000,0x0c14,0x03be,0x0094,0x009c,0x0f88,0x04be,
    0x04aa,0x04be,0x0488,0x047e,0x0448,0x0000,0x0000,0x0294,0x02be,0x0294,0x0adc,0x0688,
    0x02be,0x02aa,0x02be,0x0a88,0x0abe,0x0e88,0x0000,0x0000,0x0fd4,0x097e,0x0954,0x095c,
    0x0948,0x0ffe,0x004a,0x007e,0x0848,0x087e,0x0f88,0x0000,0x0000,0x0114,0x0ffe,0x0114,
    0x011c,0x0fc8,0x013e,0x012a,0x03be,0x0548,0x093e,0x0108,0x0000,0x0000,0x0f94,0x08be,
    0x0894,0x0f9c,0x0888,0x08be,0x08aa,0x0fbe,0x0008,0x003e,0x0fc8,0x0000,0x0000,0x0214,
    0x0ffe,0x0a54,0x025c,0x0fc8,0x087e,0x094a,0x057e,0x0608,0x093e,0x08c8,0x0000,0x0000,
    0x0224,0x0ffe,0x0aa4,0x0abc,0x0a88,0x0abe,0x0fea,0x023e,0x0208,0x053e,0x08c8,0x0000,
    0x0000,0x0214,0x0fbe,0x0214,0x021c,0x0fc8,0x023e,0x022a,0x0fbe,0x0208,0x023e,0x0fc8,
    0x0000,0x0000,0x0114,0x0ffe,0x0854,0x095c,0x0108,0x0ffe,0x04aa,0x04be,0x0288,0x033e,
    0x0cc8,0x0000,0x0000,0x07de,0x0488,0x05b8,0x0c46,0x0110,0x0ffe,0x0110,0x03f8,0x0248,
    0x0ffe,0x0040,0x0000,0x0000,0x0224,0x0abe,0x06a4,0x023c,0x0f88,0x08be,0x0faa,0x08be,
    0x0f88,0x08fe,0x0c88,0x0000,0x0000,0x0054,0x0ffe,0x0854,0x0abc,0x0a88,0x08be,0x0fea,
    0x09be,0x0ac8,0x08be,0x0608,0x0000,0x0000,0x07d4,0x023e,0x0114,0x0ffc,0x0948,0x053e,
    0x012a,0x0ffe,0x0188,0x055e,0x0928,0x0000,0x0000,0x0394,0x027e,0x0a54,0x0a5c,0x0be8,
    0x025e,0x024a,0x057e,0x0548,0x08fe,0x0848,0x0000,0x0000,0x07d4,0x047e,0x07d4,0x045c,
    0x07c8,0x005e,0x0fea,0x093e,0x0aa8,0x09fe,0x0608,0x0000,0x0000,0x0094,0x0fbe,0x0854,
    0x0bdc,0x0808,0x0bbe,0x082a,0x0bbe,0x0a88,0x0bbe,0x0c08,0x0000,0x0000,0x0fd4,0x027e,
    0x0fd4,0x0abc,0x0fa8,0x0abe,0x0faa,0x02be,0x0328,0x053e,0x08e8,0x0000,0x0000,0x0494,
    0x0ffe,0x0494,0x031c,0x0488,0x087e,0x07aa,0x003e,0x0fc8,0x087e,0x0fc8,0x0000,0x0000,
    0x0494,0x0ffe,0x0494,0x0fdc,0x0048,0x0fde,0x096a,0x0fde,0x0948,0x0ffe,0x0948,0x0000,
    0x0000,0x0fd4,0x0abe,0x0f94,0x0a9c,0x0f88,0x003e,0x0fea,0x0abe,0x0f88,0x0abe,0x0fc8,
    0x0000,0x0000,0x0454,0x0fbe,0x0414,0x0f5c,0x0a88,0x0f3e,0x04ea,0x0fbe,0x0488,0x01be,
    0x0e48,0x0000,0x0000,0x0f94,0x027e,0x0f94,0x0adc,0x0f88,0x053e,0x0eea,0x02be,0x0e88,
    0x01be,0x0e48,0x0000,0x0000,0x0494,0x0ffe,0x0494,0x0fec,0x0aa8,0x0ffe,0x00aa,0x0fbe,
    0x0828,0x095e,0x0d48,0x0000,0x0000,0x0040,0x07fc,0x0420,0x0ffe,0x0208,0x03f8,0x0040,
    0x07fc,0x0044,0x0ffe,0x0040,0x0000,0x0000,0x0fc8,0x093e,0x0928,0x09be,0x0924,0x0b3c,
    0x0d08,0x08be,0x088a,0x043e,0x0308,0x0000,0x0000,0x0208,0x0fde,0x0908,0x0ffe,0x08a2,
    0x0fbe,0x0222,0x0ffe,0x0248,0x0ffe,0x0208,0x0000,0x0000,0x0fc8,0x095e,0x0554,0x003e,
    0x0112,0x0cde,0x0848,0x0dde,0x084a,0x087e,0x0fc8,0x0000,0x0000,0x0040,0x07fc,0x0040,
    0x0040,0x07fc,0x0040,0x0040,0x0ffe,0x0840,0x0840,0x0e40,0x0000,0x0000,0x0f84,0x0a3e,
    0x0a04,0x0a84,0x0a9e,0x0a44,0x0904,0x093e,0x08a4,0x08a4,0x0634,0x0000,0x0000,0x0108,
    0x0fde,0x0108,0x013e,0x0fe2,0x013e,0x0122,0x0ffe,0x0908,0x093e,0x0d08,0x0000,0x0000,
    0x00a0,0x0fbe,0x00a0,0x00a0,0x07bc,0x00a0,0x00a0,0x07bc,0x00a0,0x00a0,0x0ffe,0x0000,
    0x0000,0x0040,0x07fc,0x0110,0x0110,0x0ffe,0x0000,0x03f8,0x0208,0x03f8,0x0208,0x03f8,
    0x0000,0x0000,0x0088,0x0fbe,0x0854,0x0854,0x0bbe,0x0800,0x083e,0x0b22,0x08fe,0x0422,
    0x033e,0x0000,0x0000,0x0fc8,0x093e,0x0914,0x0894,0x067e,0x0000,0x0fbe,0x08a2,0x08be,
    0x08a2,0x0fbe,0x0000,0x0000,0x0fc8,0x085e,0x0fd4,0x0014,0x0ffe,0x0840,0x0fde,0x0852,
    0x0fde,0x0492,0x087e,0x0000,0x0000,0x0ee4,0x0aaa,0x06e4,0x0aaa,0x0f6e,0x0248,0x07fc,
    0x0110,0x0ffe,0x0208,0x03f8,0x0000,0x0000,0x0ffe,0x0040,0x03f8,0x0208,0x03f8,0x0208,
    0x03f8,0x0208,0x03f8,0x0208,0x0c06,0x0000,0x0000,0x0fee,0x0104,0x0fe4,0x0824,0x0fe4,
    0x0824,0x0fe4,0x0824,0x0fe4,0x0444,0x0836,0x0000,0x0000,0x0fe0,0x0102,0x0fc2,0x085e,
    0x0fc2,0x0842,0x0fc2,0x0852,0x0fdc,0x0480,0x0860,0x0000,0x0000,0x0ff0,0x010e,0x0fe4,
    0x0824,0x0fe4,0x0824,0x0fe4,0x0824,0x0fee,0x0440,0x0830,0x0000,0x0000,0x0fc4,0x0114,
    0x0fd4,0x0854,0x0fd4,0x0854,0x0fd4,0x0854,0x0fd4,0x0482,0x0862,0x0000,0x0000,0x0fbe,
    0x0208,0x0f88,0x0888,0x0f88,0x08be,0x0f88,0x0888,0x0f88,0x0508,0x08c8,0x0000,0x0000,
    0x0fe8,0x0104,0x0fc2,0x0840,0x0fc8,0x0844,0x0fc2,0x0840,0x0fc8,0x0484,0x0862,0x0000,
    0x0000,0x0fdc,0x0110,0x0fd4,0x0864,0x0fc2,0x084a,0x0fc8,0x0844,0x0fd4,0x0492,0x086e,
    0x0000,0x0000,0x0fde,0x0110,0x0fca,0x0844,0x0fde,0x0854,0x0fd4,0x084c,0x0fc4,0x0484,
    0x0866,0x0000,0x0000,0x0fe0,0x011e,0x0fc0,0x0840,0x0fde,0x0854,0x0fd4,0x0854,0x0ff2,
    0x0482,0x0860,0x0000,0x0000,0x0fcc,0x0110,0x0fd2,0x0842,0x0fde,0x0854,0x0fd4,0x0852,
    0x0fd2,0x0490,0x086c,0x0000,0x0000,0x0fc8,0x023e,0x0fc8,0x0848,0x0fca,0x084a,0x0ffe,
    0x0848,0x0fc8,0x0488,0x0870,0x0000,0x0000,0x0f88,0x023e,0x0faa,0x088a,0x0fbe,0x08a2,
    0x0faa,0x08aa,0x0f92,0x0498,0x0866,0x0000,0x0000,0x0fcc,0x0112,0x0fc0,0x085e,0x0fc0,
    0x085e,0x0fd4,0x0854,0x0fcc,0x0484,0x0864,0x0000,0x0000,0x0fe4,0x011e,0x0fc4,0x0844,
    0x0fde,0x0840,0x0fc0,0x085e,0x0fd2,0x0492,0x087e,0x0000,0x0000,0x0ffe,0x0112,0x0fd2,
    0x087a,0x0fca,0x084a,0x0ffa,0x0852,0x0fd2,0x04be,0x0840,0x0000,0x0000,0x0f94,0x0214,
    0x0fd6,0x08b4,0x0f94,0x0894,0x0fb6,0x08d4,0x0f94,0x0514,0x08f2,0x0000,0x0000,0x0fde,
    0x0100,0x0fde,0x0852,0x0fd2,0x0852,0x0fde,0x0844,0x0fd4,0x0494,0x087e,0x0000,0x0000,
    0x0f90,0x027e,0x0f90,0x0894,0x0fb4,0x08da,0x0f92,0x0890,0x0fa8,0x0544,0x0882,0x0000,
    0x0000,0x0fec,0x0112,0x0fce,0x0840,0x0fde,0x0850,0x0fc8,0x085e,0x0fd2,0x0492,0x087e,
    0x0000,0x0000,0x0ffe,0x0114,0x0fca,0x0854,0x0fd4,0x0840,0x0ffe,0x0848,0x0fc8,0x0498,
    0x0866,0x0000,0x0000,0x0fde,0x0108,0x0ffe,0x0848,0x0fdc,0x086a,0x0fc0,0x0854,0x0fd4,
    0x0492,0x0872,0x0000,0x0000,0x0fc8,0x023a,0x0f8a,0x08be,0x0f88,0x08aa,0x0faa,0x08ac,
    0x0f90,0x0508,0x08c6,0x0000,0x0000,0x0fbe,0x022a,0x0fbe,0x08aa,0x0faa,0x08be,0x0f88,
    0x08fe,0x0f88,0x052c,0x08ca,0x0000,0x0000,0x0fbe,0x0222,0x0fbe,0x08a2,0x0fbe,0x0880,
    0x0fbe,0x0508,0x08ba,0x000e,0x0ff2,0x0000,0x0000,0x0f90,0x027e,0x0faa,0x08aa,0x0f94,
    0x08a8,0x0fc4,0x08be,0x0fa4,0x04a4,0x087c,0x0000,0x0000,0x0fbe,0x022a,0x0fbe,0x0880,
    0x0fbe,0x0880,0x0fbe,0x0884,0x0fbe,0x0522,0x08d8,0x0000,0x0000,0x0fc8,0x023e,0x0f94,
    0x08aa,0x0fbe,0x0892,0x0f8e,0x08b2,0x0f8e,0x0530,0x08ce,0x0000,0x0000,0x0faa,0x022a,
    0x0fbe,0x0880,0x0fbe,0x0884,0x0fbe,0x08aa,0x0faa,0x052a,0x08f2,0x0000,0x0000,0x0fbe,
    0x0212,0x0fbe,0x08a2,0x0fbe,0x08a2,0x0fbe,0x0892,0x0fb4,0x0512,0x08d8,0x0000,0x0000,
    0x0fc8,0x023e,0x0f88,0x08be,0x0fa2,0x08be,0x0fa2,0x08fe,0x0f80,0x0494,0x0862,0x0000,
    0x0000,0x0faa,0x0208,0x0fbe,0x0898,0x0fac,0x088a,0x0fa8,0x08be,0x0f88,0x0514,0x08a2,
    0x0000,0x0000,0x0f44,0x04fe,0x0f44,0x097c,0x0f10,0x09fe,0x0f12,0x0976,0x0f5a,0x05b2,
    0x0912,0x0000,0x0000,0x0fbe,0x0222,0x0fbe,0x08a2,0x0fbe,0x0888,0x0fbe,0x08a4,0x0fbc,
    0x0552,0x089a,0x0000,0x0000,0x0fbe,0x0202,0x0fbe,0x08a2,0x0fbe,0x0892,0x0fbe,0x0892,
    0x0fbe,0x0492,0x087e,0x0000,0x0000,0x0f90,0x027e,0x0faa,0x08ba,0x0f82,0x08fe,0x0fa4,
    0x08bc,0x0fa4,0x0524,0x08fe,0x0000,0x0000,0x0fbe,0x0222,0x0fbe,0x08a2,0x0fbe,0x0894,
    0x0faa,0x08be,0x0f80,0x0554,0x08aa,0x0000,0x0000,0x0fda,0x010a,0x0ffe,0x0848,0x0fee,
    0x0498,0x0846,0x03f8,0x0228,0x0ffe,0x0040,0x0000,0x0000,0x0fb8,0x0208,0x0ffe,0x0892,
    0x0fbe,0x0892,0x0ffe,0x08aa,0x0ffc,0x0454,0x08fe,0x0000,0x0000,0x0ffe,0x0224,0x0fbc,
    0x08a4,0x0ffe,0x08aa,0x0fbe,0x08aa,0x0fbe,0x052a,0x08e8,0x0000,0x0000,0x0ffe,0x0040,
    0x03f8,0x0208,0x0248,0x0248,0x0248,0x0248,0x0248,0x01b0,0x0e0e,0x0000,0x0000,0x0fee,
    0x0104,0x0fe4,0x0824,0x0924,0x0924,0x0924,0x0924,0x0924,0x02c4,0x0c36,0x0000,0x0000,
    0x0fe0,0x0202,0x0fc2,0x085e,0x0a42,0x0a42,0x0a42,0x0a42,0x0a5a,0x0586,0x0860,0x0000,
    0x0000,0x0ff0,0x010e,0x0fe4,0x0824,0x0924,0x0924,0x0924,0x0924,0x092e,0x02c0,0x0c30,
    0x0000,0x0000,0x0fc4,0x0214,0x0fd4,0x0854,0x0a54,0x0a54,0x0a54,0x0a54,0x0a54,0x0582,
    0x0862,0x0000,0x0000,0x0fe8,0x0204,0x0fc2,0x0840,0x0a48,0x0a44,0x0a42,0x0a40,0x0a48,
    0x0584,0x0862,0x0000,0x0000,0x0fe0,0x021e,0x0fc0,0x0840,0x0a5e,0x0a54,0x0a54,0x0a54,
    0x0a72,0x0582,0x0860,0x0000,0x0000,0x0fbe,0x0202,0x0f82,0x08ba,0x0aaa,0x0aaa,0x0aba,
    0x0a8a,0x0a8a,0x052a,0x089a,0x0000,0x0000,0x0fc8,0x023e,0x0fc8,0x0848,0x0a4a,0x0a4a,
    0x0a7e,0x0a48,0x0a48,0x0588,0x0878,0x0000,0x0000,0x0fc8,0x0212,0x0fd2,0x0840,0x0a5e,
    0x0a54,0x0a54,0x0a52,0x0a52,0x0590,0x086c,0x0000,0x0000,0x0fd4,0x0214,0x0fd4,0x0862,
    0x0a42,0x0a48,0x0a48,0x0a44,0x0a54,0x0592,0x086e,0x0000,0x0000,0x0fde,0x0210,0x0fca,
    0x0844,0x0a5e,0x0a54,0x0a54,0x0a4c,0x0a44,0x0584,0x0866,0x0000,0x0000,0x0f84,0x023c,
    0x0f84,0x08be,0x0aa2,0x0aa2,0x0abe,0x0a82,0x0202,0x0582,0x0862,0x0000,0x0000,0x0fcc,
    0x0212,0x0fc0,0x0844,0x0a48,0x0a40,0x0a5e,0x0a50,0x0a4a,0x0584,0x0868,0x0000,0x0000,
    0x0f88,0x023e,0x0faa,0x088a,0x0abe,0x0aa2,0x0aaa,0x0aaa,0x0212,0x0598,0x0866,0x0000,
    0x0000,0x0fde,0x0210,0x0fc8,0x0854,0x0a62,0x0a40,0x0a7e,0x0a48,0x0a48,0x0598,0x0866,
    0x0000,0x0000,0x0fc8,0x023e,0x0fc8,0x086a,0x0a5c,0x0a48,0x0a7e,0x0a48,0x0a48,0x0594,
    0x0862,0x0000,0x0000,0x0ffe,0x0212,0x0fd2,0x087a,0x0a4a,0x0a4a,0x0a7a,0x0a52,0x0a52,
    0x053e,0x08c0,0x0000,0x0000,0x0fc8,0x023a,0x0f8a,0x08be,0x0a88,0x0aac,0x0aaa,0x0aaa,
    0x0210,0x0588,0x0866,0x0000,0x0000,0x0fde,0x0208,0x0ffe,0x0848,0x0a5c,0x0a6a,0x0a40,
    0x0a5c,0x0a54,0x0592,0x0872,0x0000,0x0000,0x0fe2,0x021e,0x0fc2,0x085e,0x0a40,0x0a5e,
    0x0a48,0x0a7e,0x0a48,0x059c,0x086a,0x0000,0x0000,0x0fbe,0x022a,0x0fbe,0x08aa,0x0aaa,
    0x0abe,0x0a88,0x0afe,0x0a88,0x052c,0x08ca,0x0000,0x0000,0x0fbe,0x0222,0x0fbe,0x08a2,
    0x0abe,0x0a80,0x0abe,0x0508,0x08ba,0x000e,0x0ff2,0x0000,0x0000,0x0fc8,0x023e,0x0f94,
    0x0894,0x0abe,0x0a92,0x0a8e,0x0ab2,0x0a8e,0x0530,0x08ce,0x0000,0x0000,0x0f90,0x027e,
    0x0faa,0x08aa,0x0a94,0x0aa8,0x0ac4,0x0abe,0x0aa4,0x0524,0x08fc,0x0000,0x0000,0x0fc8,
    0x023e,0x0f88,0x08be,0x0aa2,0x0abe,0x0aa2,0x0afe,0x0a80,0x0514,0x08a2,0x0000,0x0000,
    0x0f90,0x027e,0x0faa,0x08ba,0x0a82,0x0afe,0x0aa4,0x0abc,0x0aa4,0x0524,0x08fe,0x0000,
    0x0000,0x0fa8,0x027e,0x0faa,0x08ee,0x0a94,0x0afc,0x0a96,0x0afc,0x0a94,0x0514,0x08fc,
    0x0000,0x0000,0x07fc,0x0404,0x07fc,0x0444,0x05f4,0x0554,0x0554,0x05f4,0x0844,0x0a42,
    0x0bfa,0x0000,0x0000,0x0fe4,0x0824,0x0ffe,0x08a8,0x0bea,0x0aaa,0x0aaa,0x0bea,0x08a8,
    0x0a9e,0x0bd0,0x0000,0x0000,0x027e,0x0242,0x097e,0x0f4a,0x007e,0x0f4a,0x094a,0x097e,
    0x0f4a,0x00a8,0x0f3e,0x0000,0x0000,0x0c7e,0x03c2,0x027e,0x0fca,0x027e,0x0f4a,0x094a,
    0x097e,0x0f4a,0x00a8,0x0f3e,0x0000,0x0000,0x0f7e,0x0942,0x0f7e,0x094a,0x097e,0x0fca,
    0x004a,0x057e,0x094a,0x00a8,0x0f3e,0x0000,0x0000,0x0f7e,0x0942,0x0f7e,0x094a,0x0ffe,
    0x014a,0x0fca,0x0a7e,0x094a,0x04a8,0x0f3e,0x0000,0x0000,0x027e,0x0ec2,0x0a7e,0x0eca,
    0x0a7e,0x0fca,0x094a,0x067e,0x094a,0x00a8,0x0f3e,0x0000,0x0000,0x0ffe,0x0828,0x0ffe,
    0x08aa,0x0bfe,0x0aa0,0x0abe,0x0be0,0x08be,0x0a94,0x0bda,0x0000,0x0000,0x0fc8,0x087e,
    0x0fc8,0x0954,0x0fe2,0x0954,0x0954,0x0ffe,0x0154,0x092a,0x0faa,0x0000,0x0000,0x03fc,
    0x0204,0x0204,0x0294,0x02a4,0x0244,0x02a4,0x0294,0x0a02,0x0a02,0x0c02,0x0000,0x0000,
    0x07e4,0x0424,0x053e,0x0568,0x05aa,0x052a,0x052a,0x06aa,0x04a8,0x085e,0x0810,0x0000,
    0x0000,0x07fe,0x0428,0x053e,0x056a,0x05be,0x0520,0x053e,0x06a0,0x04be,0x0854,0x081a,
    0x0000,0x0000,0x09fc,0x0500,0x0350,0x054e,0x0948,0x0448,0x03fe,0x0548,0x0948,0x0244,
    0x0c44,0x0000,0x0000,0x01fe,0x0900,0x0500,0x0300,0x0500,0x0900,0x0100,0x0100,0x0a00,
    0x0a00,0x0400,0x0000,0x0000,0x00e0,0x0110,0x0248,0x07fc,0x0a0a,0x03f8,0x0208,0x0bf8,
    0x0488,0x0308,0x0c3e,0x0000,0x0000,0x079c,0x04a2,0x0488,0x04be,0x04a2,0x04be,0x04a2,
    0x04be,0x0492,0x04a2,0x0c5e,0x0000,0x0000,0x0384,0x045c,0x0934,0x07d2,0x0456,0x07da,
    0x0450,0x07c8,0x0a48,0x0444,0x09e2,0x0000,0x0000,0x011c,0x0fe2,0x0108,0x091e,0x0952,
    0x095e,0x0fd2,0x011e,0x010a,0x0912,0x0f2e,0x0000,0x0000,0x0c1c,0x03a2,0x0208,0x023e,
    0x0222,0x0ffe,0x0222,0x023e,0x020a,0x0212,0x0fae,0x0000,0x0000,0x061c,0x01e2,0x0108,
    0x011e,0x0112,0x0ffe,0x0112,0x011e,0x0282,0x044a,0x0836,0x0000,0x0000,0x009c,0x0fa2,
    0x0148,0x013e,0x0fa2,0x093e,0x0922,0x093e,0x088a,0x0892,0x062e,0x0000,0x0000,0x0f9c,
    0x00a2,0x0088,0x0fbe,0x08a2,0x0abe,0x0aa2,0x04be,0x048a,0x0a12,0x09ae,0x0000,0x0000,
    0x009c,0x0fa2,0x0a88,0x0abe,0x0aa2,0x023e,0x0222,0x053e,0x050a,0x0892,0x086e,0x0000,
    0x0000,0x011c,0x0122,0x0888,0x08be,0x0fa2,0x003e,0x0022,0x0fbe,0x0882,0x0892,0x0fae,
    0x0000,0x0000,0x0fcc,0x0812,0x0808,0x0bde,0x0812,0x0bde,0x0a52,0x0a5e,0x0bc2,0x0812,
    0x0c2e,0x0000,0x0000,0x009c,0x0fa2,0x0848,0x0bbe,0x0aa2,0x0abe,0x0ba2,0x04be,0x0082,
    0x0892,0x0fae,0x0000,0x0000,0x009c,0x0fa2,0x0248,0x023e,0x0fa2,0x0abe,0x0aa2,0x0abe,
    0x0a82,0x0e92,0x022e,0x0000,0x0000,0x011c,0x0fe2,0x0008,0x04be,0x0862,0x003e,0x04a2,
    0x053e,0x020a,0x0512,0x08ee,0x0000,0x0000,0x049c,0x02a2,0x0fc8,0x04be,0x04a2,0x04be,
    0x0fe2,0x04be,0x0492,0x04a2,0x045e,0x0000,0x0000,0x011c,0x00a2,0x0fc8,0x085e,0x0bd2,
    0x0a5e,0x0a52,0x0bde,0x084a,0x0852,0x0c6e,0x0000,0x0000,0x0110,0x0ffe,0x0040,0x07fc,
    0x0110,0x03f8,0x0e0e,0x03f8,0x0648,0x0188,0x0e3e,0x0000,0x0000,0x0fdc,0x04a2,0x0488,
    0x07be,0x04a2,0x04be,0x07a2,0x04be,0x0c8a,0x07d2,0x042e,0x0000,0x0000,0x0fbc,0x0804,
    0x053c,0x0326,0x0cf8,0x0208,0x07fe,0x0a08,0x03f8,0x0488,0x0f3e,0x0000,0x0000,0x0bdc,
    0x0882,0x0528,0x045e,0x0012,0x011e,0x0ff2,0x049e,0x04ca,0x0392,0x0c6e,0x0000,0x0000,
    0x0aec,0x0a52,0x0248,0x0ffe,0x0252,0x0a5e,0x0ad2,0x047e,0x044a,0x0b52,0x08ee,0x0000,
    0x0000,0x039c,0x0442,0x0828,0x0fde,0x0112,0x011e,0x0ff2,0x011e,0x0542,0x092a,0x0196,
    0x0000,0x0000,0x0cdc,0x0302,0x0cc8,0x011e,0x0ff2,0x009e,0x0fd2,0x08be,0x0f8a,0x0892,
    0x0cae,0x0000,0x0000,0x0fdc,0x0862,0x0fc8,0x085e,0x0fd2,0x025e,0x0252,0x0ede,0x024a,
    0x0a52,0x0eee,0x0000,0x0000,0x089c,0x0fe2,0x0488,0x0b1e,0x0cd2,0x025e,0x0ff2,0x045e,
    0x028a,0x0992,0x0e6e,0x0000,0x0000,0x0f9c,0x0842,0x0428,0x011e,0x0cd2,0x085e,0x0852,
    0x0dde,0x084a,0x0852,0x0fee,0x0000,0x0000,0x011c,0x0fc2,0x0848,0x0fbe,0x04a2,0x07be,
    0x00a2,0x0fbe,0x088a,0x0892,0x0fae,0x0000,0x0000,0x0f4c,0x0942,0x09f4,0x0f4e,0x094a,
    0x09ee,0x0f2a,0x092e,0x0922,0x09ea,0x0c96,0x0000,0x0000,0x077e,0x08a4,0x022a,0x0910,
    0x07ee,0x0208,0x07fc,0x0a0a,0x03f8,0x0488,0x0f3e,0x0000,0x0000,0x0fdc,0x0a42,0x0fc8,
    0x0a5e,0x0fd2,0x001e,0x0ff2,0x025e,0x0a42,0x0452,0x09ee,0x0000,0x0000,0x009c,0x0fc2,
    0x0948,0x0fde,0x0952,0x095e,0x0fd2,0x051e,0x0d8a,0x0152,0x0f2e,0x0000,0x0000,0x0f6c,
    0x0a22,0x0aa8,0x09ae,0x0d72,0x001e,0x0fd2,0x095e,0x0fc2,0x0952,0x0fee,0x0000,0x0000,
    0x031c,0x0ec2,0x0a48,0x0ede,0x0a52,0x0ede,0x0212,0x0fde,0x048a,0x0312,0x0cee,0x0000,
    0x0000,0x07dc,0x0442,0x07c8,0x045e,0x0fe2,0x0abe,0x0fe2,0x045e,0x048a,0x0392,0x0c6e,
    0x0000,0x0000,0x048c,0x0fd2,0x0204,0x0fde,0x0212,0x0fde,0x0512,0x0f9e,0x04e2,0x048a,
    0x0fd6,0x0000,0x0000,0x049c,0x0fe2,0x0488,0x0fde,0x0a52,0x0a5e,0x0fd2,0x021e,0x0fca,
    0x0212,0x0fee,0x0000,0x0000,0x011c,0x0fe2,0x0928,0x0ffe,0x0112,0x0ffe,0x0452,0x07de,
    0x0442,0x07ca,0x0c36,0x0000,0x0000,0x0eec,0x0aa2,0x0ee4,0x022e,0x0eea,0x048e,0x0fea,
    0x048e,0x0fe2,0x048a,0x0876,0x0000,0x0000,0x054c,0x0b22,0x0544,0x0aae,0x0fea,0x050e,
    0x0fea,0x022e,0x0ae2,0x062a,0x0996,0x0000,0x0000,0x010c,0x0fe2,0x0104,0x0fee,0x044a,
    0x0eee,0x044a,0x0fee,0x0282,0x0a4a,0x0e36,0x0000,0x0000,0x0fbc,0x00a4,0x0ffe,0x0aa4,
    0x07fa,0x0208,0x07fc,0x0a0a,0x03f8,0x0488,0x0f3e,0x0000,0x0000,0x0ee4,0x0aaa,0x06e4,
    0x0aaa,0x0f6e,0x0248,0x07fc,0x0a0a,0x03f8,0x0488,0x0f3e,0x0000,0x0000,0x0ffe,0x0a52,
    0x0f7a,0x024a,0x057a,0x094a,0x07fa,0x0a16,0x03f2,0x0490,0x0f7c,0x0000,0x0000,0x07ec,
    0x0212,0x0fe4,0x022e,0x0eea,0x022e,0x0ffa,0x092e,0x0fe2,0x028a,0x0e76,0x0000,0x0000,
    0x07c4,0x045c,0x0452,0x0440,0x0444,0x0444,0x0444,0x0444,0x0444,0x0454,0x0c2c,0x0000,
    0x0000,0x0104,0x0fdc,0x0112,0x0900,0x0944,0x0944,0x0fc4,0x0104,0x0104,0x0914,0x0f0c,
    0x0000,0x0000,0x0e04,0x01dc,0x0052,0x07c0,0x0444,0x0444,0x0524,0x0524,0x0204,0x0594,
    0x086c,0x0000,0x0000,0x0044,0x0fdc,0x0952,0x0940,0x0524,0x0104,0x0104,0x0284,0x0284,
    0x0454,0x082c,0x0000,0x0000,0x0484,0x089c,0x0fd2,0x0080,0x0fe4,0x0084,0x0904,0x0504,
    0x0204,0x0594,0x086c,0x0000,0x0000,0x0044,0x0fdc,0x0132,0x0100,0x0fc4,0x0944,0x0944,
    0x0944,0x0944,0x0d54,0x010c,0x0000,0x0000,0x0044,0x0fdc,0x0832,0x0be0,0x0a44,0x0a44,
    0x0bc4,0x0444,0x0044,0x0854,0x0fcc,0x0000,0x0000,0x0fc4,0x081c,0x0812,0x0bc0,0x0804,
    0x0bc4,0x0a44,0x0a44,0x0bc4,0x0814,0x0c0c,0x0000,0x0000,0x0fe4,0x045c,0x07d2,0x0440,
    0x0444,0x07c4,0x0444,0x0c44,0x07c4,0x0474,0x040c,0x0000,0x0000,0x0084,0x0e9c,0x01d2,
    0x0480,0x0304,0x0ce4,0x0004,0x0fe4,0x0284,0x0a54,0x0e2c,0x0000,0x0000,0x0104,0x0fdc,
    0x0012,0x0440,0x0824,0x0004,0x0444,0x0284,0x0104,0x0294,0x0c6c,0x0000,0x0000,0x0484,
    0x029c,0x0fd2,0x0480,0x0484,0x0484,0x0fe4,0x0484,0x0484,0x0454,0x044c,0x0000,0x0000,
    0x0ae4,0x0a5c,0x0252,0x0fe0,0x0244,0x0a44,0x0ac4,0x0474,0x0444,0x0b54,0x08ec,0x0000,
    0x0000,0x0bc4,0x089c,0x0532,0x0450,0x0004,0x0104,0x0fe4,0x0484,0x04c4,0x0394,0x0c6c,
    0x0000,0x0000,0x0fc4,0x085c,0x0fd2,0x0840,0x0fc4,0x0244,0x0a44,0x06c4,0x0244,0x0a54,
    0x0eec,0x0000,0x0000,0x0f84,0x085c,0x0412,0x0100,0x0cc4,0x0844,0x0844,0x0dc4,0x0844,
    0x0854,0x0fcc,0x0000,0x0000,0x0104,0x0ffc,0x0812,0x0fc0,0x0444,0x07c4,0x0044,0x0fc4,
    0x0844,0x0854,0x0fcc,0x0000,0x0000,0x0104,0x0ffc,0x0922,0x0fe0,0x0104,0x0ff4,0x0444,
    0x0544,0x0544,0x0294,0x0c6c,0x0000,0x0000,0x0784,0x025c,0x07f2,0x0520,0x07e4,0x0a84,
    0x0e64,0x0184,0x0204,0x00d4,0x070c,0x0000,0x0000,0x0484,0x0ffc,0x0492,0x0fc0,0x0844,
    0x0fc4,0x0844,0x0fe4,0x0104,0x0494,0x086c,0x0000,0x0000,0x0f64,0x0a3c,0x0aa2,0x09a0,
    0x0d64,0x0004,0x0fc4,0x0944,0x0fc4,0x0954,0x0fcc,0x0000,0x0000,0x07c4,0x045c,0x07d2,
    0x0440,0x0fe4,0x0aa4,0x0fe4,0x0444,0x0484,0x0394,0x0c6c,0x0000,0x0000,0x0210,0x0110,
    0x0ffe,0x0020,0x03f8,0x0208,0x03f8,0x0208,0x03f8,0x0208,0x03f8,0x0000,0x0000,0x0244,
    0x0fe4,0x0104,0x0fde,0x0854,0x0fd4,0x0854,0x0854,0x0fd4,0x0012,0x0fe2,0x0000,0x0000,
    0x0a0a,0x0fea,0x021e,0x0a04,0x0bde,0x0552,0x05de,0x0412,0x0afe,0x0912,0x08de,0x0000,
    0x0000,0x07fc,0x0040,0x0ffe,0x0150,0x0248,0x0446,0x0bf8,0x0208,0x03f8,0x0208,0x03f8,
    0x0000,0x0000,0x013e,0x0f88,0x08fe,0x0f88,0x08ac,0x0fca,0x00be,0x0fe2,0x08be,0x0722,
    0x08fe,0x0000,0x0000,0x0790,0x04fe,0x0c54,0x0354,0x0cfc,0x0042,0x0ffe,0x0248,0x07fc,
    0x0a0a,0x03f8,0x0000,0x0000,0x07fc,0x0044,0x03fc,0x0044,0x03fc,0x0044,0x0ffc,0x0800,
    0x0954,0x0952,0x0600,0x0000,0x0000,0x0fbe,0x080a,0x083e,0x088a,0x04be,0x050a,0x053e,
    0x0220,0x022a,0x0522,0x08d8,0x0000,0x0000,0x0ff0,0x0092,0x07f4,0x0090,0x07f0,0x0090,
    0x0ff0,0x0804,0x0954,0x0952,0x0602,0x0000,0x0000,0x013e,0x010a,0x0ffe,0x010a,0x013e,
    0x010a,0x02be,0x02a0,0x046a,0x0422,0x0818,0x0000,0x0000,0x013e,0x0d4a,0x0b5e,0x09ca,
    0x097e,0x094a,0x0d5e,0x0150,0x0056,0x0850,0x0f8c,0x0000,0x0000,0x08be,0x0a8a,0x0abe,
    0x0a8a,0x0abe,0x0a8a,0x0abe,0x0aa0,0x0aaa,0x0862,0x0858,0x0000,0x0000,0x08be,0x050a,
    0x023e,0x050a,0x08be,0x000a,0x08be,0x0520,0x022a,0x0522,0x0898,0x0000,0x0000,0x013e,
    0x020a,0x0fbe,0x020a,0x023e,0x020a,0x0fbe,0x0220,0x022a,0x0222,0x0f98,0x0000,0x0000,
    0x0f88,0x087e,0x0524,0x0318,0x0ca6,0x07fc,0x0044,0x0ffc,0x0800,0x0954,0x0d52,0x0000,
    0x0000,0x00be,0x0f8a,0x085e,0x084a,0x0b9e,0x0a8a,0x0abe,0x0ba0,0x082a,0x0422,0x0318,
    0x0000,0x0000,0x0f08,0x097e,0x0948,0x0ffc,0x004a,0x07f8,0x0048,0x0ff8,0x0800,0x0954,
    0x0d52,0x0000,0x0000,0x013e,0x088a,0x08be,0x0f8a,0x003e,0x000a,0x0fbe,0x08a0,0x08aa,
    0x08a2,0x0f98,0x0000,0x0000,0x049e,0x048a,0x0f5e,0x046a,0x045e,0x054a,0x065e,0x0450,
    0x0456,0x0450,0x064c,0x0000,0x0000,0x023e,0x0fca,0x0a5e,0x0a4a,0x0a5e,0x0fca,0x023e,
    0x02a0,0x012a,0x02a2,0x0c58,0x0000,0x0000,0x013e,0x0fca,0x085e,0x084a,0x009e,0x0c8a,
    0x03be,0x00a0,0x00aa,0x08a2,0x0f98,0x0000,0x0000,0x0ffe,0x0aaa,0x0abe,0x0aaa,0x0abe,
    0x0aaa,0x0e7e,0x0820,0x082a,0x0822,0x0fd8,0x0000,0x0000,0x04be,0x028a,0x0fde,0x048a,
    0x049e,0x048a,0x0ffe,0x0490,0x0496,0x0450,0x044c,0x0000,0x0000,0x023e,0x0fca,0x013e,
    0x088a,0x053e,0x020a,0x093e,0x04a0,0x022a,0x0522,0x08d8,0x0000,0x0000,0x013e,0x0f0a,
    0x08be,0x054a,0x023e,0x050a,0x08be,0x0fe0,0x08aa,0x08a2,0x0f98,0x0000,0x0000,0x049e,
    0x044a,0x0ffe,0x028a,0x0a9e,0x0c6a,0x079e,0x0470,0x0256,0x0390,0x0c6c,0x0000,0x0000,
    0x011e,0x0fca,0x095e,0x0fca,0x095e,0x0fea,0x009e,0x0fd0,0x0856,0x0810,0x060c,0x0000,
    0x0000,0x053e,0x050a,0x0fbe,0x04ca,0x0fbe,0x048a,0x04be,0x0fa0,0x04aa,0x04a2,0x0f98,
    0x0000,0x0000,0x011e,0x0fea,0x029e,0x044a,0x083e,0x0fea,0x081e,0x09d0,0x0956,0x09d0,
    0x0c0c,0x0000,0x0000,0x00be,0x0f90,0x057e,0x0314,0x0cfe,0x0044,0x07fc,0x0044,0x0ffc,
    0x0804,0x0d52,0x0000,0x0000,0x0fbe,0x008a,0x0fbe,0x088a,0x0fbe,0x008a,0x0fbe,0x0ae0,
    0x0faa,0x0aa2,0x0a98,0x0000,0x0000,0x0040,0x0ffe,0x0912,0x07fc,0x0110,0x0ffe,0x0248,
    0x0ffc,0x0402,0x04a8,0x06a4,0x0000,0x0000,0x054e,0x0fea,0x028a,0x0fee,0x054a,0x0fea,
    0x012e,0x0fea,0x080a,0x0aaa,0x0eaa,0x0000,0x0000,0x0fde,0x0a8a,0x055e,0x030a,0x0cde,
    0x010a,0x0fde,0x0950,0x07d6,0x0910,0x0fec,0x0000,0x0000,0x0fde,0x094a,0x0fde,0x094a,
    0x0fde,0x048a,0x025e,0x0ff0,0x0116,0x0550,0x092c,0x0000,0x0000,0x0110,0x0ffe,0x0208,
    0x03f8,0x0208,0x0ffe,0x0248,0x0ffc,0x0402,0x04a8,0x06a4,0x0000,0x0000,0x0088,0x0fbe,
    0x0448,0x053e,0x0208,0x07fc,0x084a,0x07f8,0x0400,0x0554,0x06a2,0x0000,0x0000,0x0ffe,
    0x028a,0x0ffe,0x0aaa,0x0ffe,0x000a,0x0fde,0x0010,0x0ff6,0x0550,0x09ac,0x0000,0x0000,
    0x0fbe,0x008a,0x0ebe,0x0a8a,0x0ebe,0x008a,0x0fbe,0x0aa0,0x0faa,0x00a2,0x0f18,0x0000,
    0x0000,0x049e,0x0fea,0x049e,0x0fea,0x055e,0x0fea,0x055e,0x0ff0,0x0116,0x0ff0,0x010c,
    0x0000,0x0000,0x011e,0x0fea,0x011e,0x0fea,0x045e,0x0eea,0x045e,0x0ff0,0x0296,0x0a50,
    0x0e2c,0x0000,0x0000,0x0fde,0x010a,0x0fde,0x028a,0x06de,0x0baa,0x003e,0x0fe0,0x0aaa,
    0x0ba2,0x0818,0x0000,0x0000,0x07de,0x082a,0x0fde,0x000a,0x0fde,0x0a4a,0x0a5e,0x0fd0,
    0x0496,0x0a50,0x092c,0x0000,0x0000,0x0094,0x0ffe,0x0554,0x035c,0x0ca0,0x07fc,0x0044,
    0x0ffc,0x0800,0x0954,0x0d52,0x0000,0x0000,0x0ffe,0x0aaa,0x0abe,0x0fea,0x011e,0x0fca,
    0x049e,0x0ff0,0x0116,0x0fd0,0x010c,0x0000,0x0000,0x0ffe,0x08aa,0x0aee,0x0aaa,0x06fe,
    0x09aa,0x051e,0x0550,0x0556,0x0bb0,0x090c,0x0000,0x0000,0x073e,0x010a,0x0fde,0x0a4a,
    0x07de,0x024a,0x0ffe,0x0520,0x0faa,0x0aa2,0x0fd8,0x0000,0x0000,0x011e,0x0fea,0x0abe,
    0x0eea,0x029e,0x0fea,0x029e,0x0ff0,0x0a96,0x0470,0x09cc,0x0000,0x0000,0x0a9e,0x06ea,
    0x029e,0x0fea,0x095e,0x0fca,0x095e,0x0fd0,0x0496,0x0ff0,0x084c,0x0000,0x0000,0x0efe,
    0x000a,0x0efe,0x0aaa,0x011e,0x0fea,0x0abe,0x0fe0,0x02aa,0x0ba2,0x0e58,0x0000,0x0000,
    0x03fc,0x0200,0x0210,0x0110,0x0108,0x0ff8,0x0800,0x0800,0x09fe,0x0800,0x0600,0x0000,
    0x0000,0x0fbe,0x0820,0x0824,0x0894,0x0492,0x053e,0x0522,0x0228,0x0226,0x0520,0x08dc,
    0x0000,0x0000,0x013e,0x0120,0x0fe4,0x0114,0x0112,0x013e,0x02a2,0x02a8,0x0466,0x0420,
    0x081c,0x0000,0x0000,0x08be,0x0aa0,0x0aa4,0x0a94,0x0a92,0x0abe,0x0aa2,0x0aa8,0x0aa6,
    0x0860,0x085c,0x0000,0x0000,0x011e,0x0d50,0x0b54,0x09d4,0x096a,0x095e,0x0d52,0x0158,
    0x0056,0x0850,0x0f8c,0x0000,0x0000,0x0fde,0x0050,0x0454,0x04d4,0x034a,0x025e,0x0552,
    0x0958,0x08d6,0x0050,0x0fcc,0x0000,0x0000,0x08be,0x0520,0x0224,0x0514,0x0892,0x003e,
    0x08a2,0x0528,0x0226,0x0520,0x089c,0x0000,0x0000,0x011e,0x0210,0x0fd4,0x0854,0x084a,
    0x0fde,0x0052,0x0058,0x0056,0x0050,0x002c,0x0000,0x0000,0x021e,0x0fd0,0x0a54,0x0a54,
    0x0a4a,0x0fde,0x0212,0x0298,0x0116,0x0290,0x0c6c,0x0000,0x0000,0x009e,0x0f90,0x0854,
    0x0854,0x0b8a,0x0a9e,0x0a92,0x0b98,0x0816,0x0410,0x030c,0x0000,0x0000,0x011e,0x0210,
    0x0fd4,0x0214,0x020a,0x021e,0x0fd2,0x0218,0x0216,0x0210,0x0fcc,0x0000,0x0000,0x011e,
    0x0fd0,0x0854,0x0854,0x008a,0x0c9e,0x0392,0x0098,0x0096,0x0890,0x0f8c,0x0000,0x0000,
    0x0f08,0x097e,0x0948,0x0f64,0x0002,0x03fc,0x0208,0x0ff8,0x0800,0x08fe,0x0600,0x0000,
    0x0000,0x0fbe,0x08a2,0x08a2,0x0fbe,0x0000,0x03fc,0x0208,0x0ff8,0x0800,0x08fe,0x0600,
    0x0000,0x0000,0x061e,0x01d0,0x0114,0x0ff4,0x028a,0x045e,0x0832,0x0498,0x0496,0x0450,
    0x044c,0x0000,0x0000,0x009e,0x0790,0x0454,0x02b4,0x010a,0x029e,0x0c52,0x07f8,0x0456,
    0x0450,0x07cc,0x0000,0x0000,0x011e,0x0ff0,0x0114,0x0894,0x044a,0x029e,0x0912,0x04d8,
    0x0216,0x0590,0x086c,0x0000,0x0000,0x011e,0x0fd0,0x0954,0x0fd4,0x094a,0x0ffe,0x0092,
    0x0fd8,0x0816,0x0810,0x060c,0x0000,0x0000,0x039e,0x0450,0x0834,0x07d4,0x000a,0x089e,
    0x0932,0x0958,0x0456,0x0410,0x0fec,0x0000,0x0000,0x049e,0x0450,0x0ff4,0x0294,0x044a,
    0x08be,0x0792,0x0478,0x0256,0x0390,0x0c6c,0x0000,0x0000,0x011e,0x0ff0,0x0294,0x0454,
    0x082a,0x0ffe,0x0812,0x09d8,0x0956,0x09d0,0x0c0c,0x0000,0x0000,0x023e,0x0fa0,0x08a4,
    0x0f94,0x0092,0x0fbe,0x0ae2,0x0fa8,0x0aa6,0x0aa0,0x0a9c,0x0000,0x0000,0x0fde,0x0a10,
    0x0494,0x0314,0x0cca,0x011e,0x0fd2,0x0958,0x07d6,0x0910,0x0fec,0x0000,0x0000,0x0fde,
    0x0950,0x0fd4,0x0954,0x0fca,0x049e,0x0252,0x0ff8,0x0116,0x0550,0x09ac,0x0000,0x0000,
    0x0fee,0x08a8,0x0aea,0x0aaa,0x06ea,0x09be,0x0712,0x01d8,0x0b36,0x0550,0x092c,0x0000,
    0x0000,0x03f8,0x0208,0x03c8,0x0248,0x0ffe,0x0a0a,0x0bfa,0x0208,0x03f8,0x0208,0x0308,
    0x0000,0x0000,0x013c,0x0fe4,0x0034,0x0024,0x07fe,0x0482,0x04bc,0x04a4,0x04bc,0x04a4,
    0x0c74,0x0000,0x0000,0x07bc,0x04a4,0x04b4,0x04a4,0x0c7e,0x0042,0x0fbc,0x08a4,0x04bc,
    0x0324,0x0ce4,0x0000,0x0000,0x023c,0x0224,0x0fb4,0x0224,0x027e,0x0242,0x0fbc,0x08a4,
    0x08bc,0x08a4,0x0fb4,0x0000,0x0000,0x013c,0x0fe4,0x0134,0x08a4,0x057e,0x0242,0x093c,
    0x04e4,0x023c,0x0524,0x08f4,0x0000,0x0000,0x013c,0x0f24,0x08b4,0x0524,0x027e,0x0542,
    0x08bc,0x0fe4,0x08bc,0x08a4,0x0fb4,0x0000,0x0000,0x011c,0x0fd4,0x095c,0x0fd4,0x097e,
    0x0942,0x0fdc,0x0294,0x025c,0x0ff4,0x0214,0x0000,0x0000,0x0fbc,0x0aa4,0x0fb4,0x0aa4,
    0x0afe,0x0f82,0x023c,0x0fe4,0x033c,0x06a4,0x0a74,0x0000,0x0000,0x095c,0x0594,0x0fdc,
    0x0114,0x05be,0x0942,0x0fdc,0x0494,0x04dc,0x0314,0x0cf4,0x0000,0x0000,0x011c,0x0fd4,
    0x095c,0x0fd4,0x097e,0x0fc2,0x095c,0x0ff4,0x045c,0x0394,0x0c74,0x0000,0x0000,0x0fdc,
    0x0954,0x0fdc,0x0054,0x0ffe,0x08a2,0x0bdc,0x0ad4,0x0bdc,0x0a94,0x0dd4,0x0000,0x0000,
    0x049c,0x0ff4,0x049c,0x0fd4,0x02be,0x0aa2,0x0e7c,0x0494,0x0ffc,0x0494,0x0474,0x0000,
    0x0000,0x021c,0x0fb4,0x015c,0x0f94,0x04be,0x0f62,0x091c,0x0f74,0x095c,0x00d4,0x0f34,
    0x0000,0x0000,0x029c,0x0ff4,0x0a9c,0x0ff4,0x0a9e,0x0fe2,0x045c,0x07d4,0x029c,0x0294,
    0x0ff4,0x0000,0x0000,0x011c,0x0ff4,0x0a9c,0x0fd4,0x087e,0x0fc2,0x085c,0x0fd4,0x029c,
    0x0a54,0x0e34,0x0000,0x0000,0x0040,0x0ffe,0x0110,0x01f0,0x0000,0x0ffe,0x0802,0x09f2,
    0x0912,0x09f2,0x0c02,0x0000,0x0000,0x0c7c,0x0304,0x007c,0x0c04,0x037e,0x0024,0x0ffe,
    0x0090,0x0090,0x0888,0x0f06,0x0000,0x0000,0x0c7c,0x0304,0x0c7c,0x0304,0x0cfe,0x0724,
    0x04ce,0x0478,0x064e,0x0808,0x0ff8,0x0000,0x0000,0x0c7c,0x0304,0x00fe,0x0c24,0x035e,
    0x0040,0x0ffe,0x0020,0x07e0,0x0410,0x038c,0x0000,0x0000,0x0c7c,0x0304,0x0c7c,0x0304,
    0x00fe,0x0c24,0x03c4,0x0c3c,0x03e0,0x083e,0x0fe0,0x0000,0x0000,0x0c7c,0x0304,0x007c,
    0x0c04,0x037e,0x0024,0x0ffe,0x0810,0x0ffc,0x0408,0x07f8,0x0000,0x0000,0x0c7c,0x0304,
    0x0c7c,0x0304,0x0cfe,0x0324,0x015c,0x0f10,0x0174,0x0914,0x0f7e,0x0000,0x0000,0x0c7c,
    0x0304,0x0c7c,0x0304,0x0cfe,0x0324,0x0444,0x0ffe,0x0428,0x03c6,0x0c38,0x0000,0x0000,
    0x0c7c,0x0304,0x0c7c,0x0304,0x0cfe,0x0324,0x0044,0x07fc,0x0444,0x0ffe,0x0404,0x0000,
    0x0000,0x0c7c,0x0304,0x007c,0x0c04,0x037e,0x0044,0x0ffe,0x0040,0x07fc,0x0208,0x03f8,
    0x0000,0x0000,0x0c7c,0x0304,0x0cfe,0x0244,0x0ffe,0x0802,0x07fc,0x0000,0x0ffe,0x0444,
    0x0862,0x0000,0x0000,0x0c7c,0x0304,0x0c7c,0x0304,0x00fe,0x0748,0x045e,0x0928,0x092c,
    0x048a,0x0fe8,0x0000,0x0000,0x0c7c,0x0304,0x0c7c,0x0304,0x00fe,0x0f88,0x08be,0x0f88,
    0x08be,0x0fa2,0x08be,0x0000,0x0000,0x0c7c,0x0304,0x0c7e,0x0224,0x0ffe,0x080a,0x03f8,
    0x0108,0x0ffe,0x0208,0x0c06,0x0000,0x0000,0x0c7c,0x0304,0x007c,0x0c04,0x03fe,0x0208,
    0x0ffe,0x0912,0x0fbe,0x00e0,0x0f1e,0x0000,0x0000,0x0c7c,0x0304,0x0c7c,0x0384,0x027e,
    0x0fc0,0x0858,0x0fc6,0x0840,0x0fd8,0x0866,0x0000,0x0000,0x0c7c,0x0304,0x007c,0x0c04,
    0x07fc,0x04a4,0x0ffe,0x0210,0x03f0,0x048e,0x0f38,0x0000,0x0000,0x0c7c,0x0304,0x0c7e,
    0x0324,0x0044,0x0ffe,0x0a4a,0x03f8,0x020e,0x03f8,0x0c06,0x0000,0x0000,0x0c7c,0x0304,
    0x007c,0x0c04,0x07fe,0x04a4,0x07fc,0x0444,0x05dc,0x0844,0x0bee,0x0000,0x0000,0x0bba,
    0x0912,0x0bba,0x0912,0x0bba,0x0802,0x0802,0x0802,0x0802,0x0802,0x0c02,0x0000,0x0000,
    0x0bba,0x0912,0x0bba,0x0912,0x0bba,0x0842,0x0bfa,0x0842,0x0bfa,0x0a4a,0x0b4a,0x0000,
    0x0000,0x0bba,0x0912,0x0bba,0x0912,0x0bba,0x0802,0x08a2,0x0bfa,0x08a2,0x0bfa,0x0912,
    0x0000,0x0000,0x0bba,0x0912,0x0bba,0x0912,0x0bba,0x0a0a,0x0bba,0x0a0a,0x0bfa,0x08a2,
    0x0b9a,0x0000,0x0000,0x0248,0x0912,0x08a2,0x0a4a,0x08a2,0x0ffe,0x0004,0x0704,0x00fc,
    0x0404,0x07f8,0x0000,0x0000,0x02e8,0x0f5e,0x06ec,0x0a4a,0x0ffe,0x0a6a,0x09d6,0x0664,
    0x019c,0x0c44,0x037c,0x0000,0x0000,0x0ffe,0x0000,0x03f8,0x0208,0x03f8,0x0000,0x0ffe,
    0x0912,0x0f0e,0x09f2,0x0c42,0x0000,0x0000,0x0d56,0x0864,0x05f2,0x0c46,0x0954,0x0ffe,
    0x0208,0x0ffe,0x0912,0x0eee,0x0842,0x0000,0x0000,0x0020,0x07fc,0x0444,0x07fc,0x0444,
    0x07fc,0x0250,0x0550,0x0750,0x0848,0x0f86,0x0000,0x0000,0x0908,0x0a7e,0x084a,0x097e,
    0x0a4a,0x084a,0x0f7e,0x0854,0x01d4,0x0812,0x0ff2,0x0000,0x0000,0x0080,0x0fee,0x0920,
    0x0fe0,0x093e,0x0924,0x0fe2,0x054a,0x0d4e,0x0120,0x0f18,0x0000,0x0000,0x0904,0x0ffe,
    0x012a,0x0b3e,0x0aaa,0x04aa,0x04be,0x0a54,0x09d4,0x0012,0x0fe2,0x0000,0x0000,0x0084,
    0x0fe4,0x092e,0x0fea,0x092a,0x092e,0x0fea,0x054a,0x0d4a,0x012e,0x0f20,0x0000,0x0000,
    0x0204,0x0fbe,0x022a,0x0ffe,0x022a,0x072a,0x0abe,0x0254,0x02d4,0x0812,0x0ff2,0x0000,
    0x0000,0x0fc4,0x0a7e,0x0aca,0x097e,0x0fca,0x094a,0x0ffe,0x0954,0x0b54,0x0012,0x0fe2,
    0x0000,0x0000,0x013e,0x0fc8,0x0a7e,0x0fc8,0x0a5c,0x0a6a,0x0fc8,0x053e,0x0d94,0x014c,
    0x0e32,0x0000,0x0000,0x0104,0x0ffe,0x02aa,0x093e,0x0fea,0x012a,0x0ffe,0x0954,0x0b54,
    0x0012,0x0fe2,0x0000,0x0000,0x0080,0x0ffc,0x0224,0x0f7c,0x0ab4,0x0aac,0x07f4,0x0494,
    0x07f2,0x0942,0x0f38,0x0000,0x0000,0x0ffe,0x0a52,0x0ffa,0x024a,0x057a,0x094a,0x07fe,
    0x0444,0x07fc,0x0890,0x0f8e,0x0000,0x0000,0x03f0,0x0108,0x07fc,0x0446,0x07fc,0x0444,
    0x0444,0x07fc,0x0000,0x0494,0x0922,0x0000,0x0000,0x021c,0x0fd2,0x0208,0x0a3e,0x0aaa,
    0x0abe,0x0faa,0x023e,0x0200,0x0a2a,0x0e2a,0x0000,0x0000,0x01f8,0x0084,0x07fe,0x0444,
    0x07fc,0x0494,0x0bfa,0x0404,0x07fc,0x0404,0x07fc,0x0000,0x0000,0x051c,0x0912,0x0fc8,
    0x013e,0x012a,0x033e,0x02aa,0x02be,0x0a80,0x0a4a,0x0e2a,0x0000,0x0000,0x009c,0x0f92,
    0x0848,0x0bfe,0x0aaa,0x0abe,0x0baa,0x0cbe,0x0080,0x08aa,0x0faa,0x0000,0x0000,0x011c,
    0x0fd2,0x0108,0x0fbe,0x08ea,0x0fbe,0x08aa,0x0fbe,0x0880,0x08aa,0x0caa,0x0000,0x0000,
    0x021c,0x0f92,0x0208,0x023e,0x0fea,0x023e,0x022a,0x0fbe,0x0200,0x022a,0x0fea,0x0000,
    0x0000,0x049c,0x0292,0x0fc8,0x023e,0x022a,0x0fbe,0x022a,0x023e,0x0fc0,0x022a,0x022a,
    0x0000,0x0000,0x0fdc,0x0112,0x0088,0x047e,0x02aa,0x013e,0x08aa,0x0ffe,0x0100,0x054a,
    0x092a,0x0000,0x0000,0x0f9c,0x0a92,0x0f88,0x0abe,0x0aaa,0x0fbe,0x022a,0x0fbe,0x0200,
    0x022a,0x0faa,0x0000,0x0000,0x0544,0x0928,0x0182,0x0c04,0x03f0,0x0108,0x07fe,0x0444,
    0x07fc,0x0494,0x0922,0x0000,0x0000,0x021c,0x0fd2,0x0208,0x0fbe,0x022a,0x0ffe,0x08aa,
    0x0fbe,0x0880,0x0faa,0x08aa,0x0000,0x0000,0x0fec,0x092a,0x0ba4,0x093e,0x0baa,0x083e,
    0x0baa,0x0abe,0x0a80,0x0baa,0x0c2a,0x0000,0x0000,0x021c,0x0fd2,0x0008,0x0fbe,0x08aa,
    0x08be,0x0faa,0x023e,0x0680,0x0a4a,0x032a,0x0000,0x0000,0x071c,0x0892,0x0048,0x0fbe,
    0x002a,0x0fbe,0x082a,0x053e,0x0200,0x08aa,0x0baa,0x0000,0x0000,0x0eec,0x0aaa,0x0aa4,
    0x0afe,0x0aaa,0x0abe,0x0aea,0x0a3e,0x0aa0,0x0eaa,0x036a,0x0000,0x0000,0x0a9c,0x0fd2,
    0x0a88,0x0ebe,0x00aa,0x0fbe,0x022a,0x0ffe,0x0300,0x06aa,0x0a6a,0x0000,0x0000,0x039c,
    0x0272,0x0a48,0x0a5e,0x0bea,0x025e,0x024a,0x057e,0x0540,0x08aa,0x08aa,0x0000,0x0000,
    0x011c,0x0f92,0x08c8,0x0fbe,0x08aa,0x0ffe,0x00aa,0x0ffe,0x0880,0x072a,0x08ea,0x0000,
    0x0000,0x0fdc,0x0a52,0x0fc8,0x0a7e,0x0a4a,0x0ffe,0x014a,0x047e,0x0880,0x00aa,0x072a,
    0x0000,0x0000,0x0fec,0x0aaa,0x0aa4,0x0ffe,0x012a,0x097e,0x05aa,0x013e,0x0580,0x094a,
    0x012a,0x0000,0x0000,0x091c,0x0fd2,0x0508,0x0ffe,0x092a,0x05be,0x0f6a,0x08be,0x0f80,
    0x08aa,0x0faa,0x0000,0x0000,0x0088,0x0fbe,0x0448,0x057e,0x0324,0x0cf2,0x0088,0x07fc,
    0x0444,0x07fc,0x0922,0x0000,0x0000,0x0fec,0x08aa,0x0be4,0x053e,0x05ea,0x0abe,0x0bea,
    0x023e,0x0f80,0x022a,0x0fea,0x0000,0x0000,0x079c,0x0492,0x0788,0x04be,0x0fea,0x0abe,
    0x0fea,0x04be,0x0480,0x032a,0x0cea,0x0000,0x0000,0x0ffc,0x0292,0x0fe8,0x0abe,0x0fea,
    0x001e,0x0fea,0x001e,0x0fe0,0x054a,0x09aa,0x0000,0x0000,0x0fdc,0x0112,0x0fe8,0x093e,
    0x0daa,0x003e,0x0fea,0x083e,0x0f80,0x082a,0x0fea,0x0000,0x0000,0x00aa,0x0f88,0x047e,
    0x052a,0x03fa,0x0c84,0x07fe,0x0444,0x07fc,0x0494,0x0922,0x0000,0x0000,0x029c,0x0ff2,
    0x0288,0x0ffe,0x0aaa,0x0e7e,0x082a,0x0ffe,0x0800,0x08aa,0x0d2a,0x0000,0x0000,0x049c,
    0x0fd2,0x0208,0x0ffe,0x022a,0x0ffe,0x04aa,0x0ffe,0x0880,0x08aa,0x0faa,0x0000,0x0000,
    0x0ffc,0x0222,0x0f68,0x0abe,0x09ea,0x04be,0x04aa,0x05fe,0x0a80,0x0a4a,0x092a,0x0000,
    0x0000,0x095c,0x0552,0x0fc8,0x053e,0x094a,0x05fe,0x0f4a,0x057e,0x0f80,0x04aa,0x046a,
    0x0000,0x0000,0x0ffc,0x0aa2,0x0aa8,0x0efe,0x022a,0x0ffe,0x0aaa,0x0abe,0x0ec0,0x022a,
    0x0fea,0x0000,0x0000,0x071c,0x0112,0x0fc8,0x0a7e,0x07ca,0x027e,0x0fca,0x057e,0x0f80,
    0x0aaa,0x0fea,0x0000,0x0000,0x03f0,0x0108,0x07fc,0x0446,0x0444,0x07fc,0x0444,0x0444,
    0x07fc,0x0000,0x0ffe,0x0000,0x0000,0x01f8,0x0084,0x07fe,0x0444,0x07fc,0x0444,0x0ffe,
    0x0208,0x03f8,0x0208,0x03f8,0x0000,0x0000,0x009c,0x0f92,0x0848,0x0bfe,0x0aaa,0x0abe,
    0x0baa,0x0cbe,0x0080,0x08b0,0x0f8e,0x0000,0x0000,0x049c,0x0292,0x0fc8,0x023e,0x022a,
    0x0fbe,0x022a,0x023e,0x0fc0,0x0218,0x0206,0x0000,0x0000,0x0f9c,0x0a92,0x0f88,0x0abe,
    0x0aaa,0x0fbe,0x022a,0x0fbe,0x0200,0x0218,0x0fc6,0x0000,0x0000,0x0544,0x0928,0x0102,
    0x0c04,0x03f0,0x0108,0x07fe,0x0444,0x07fc,0x0000,0x0ffe,0x0000,0x0000,0x0eec,0x0aaa,
    0x0aa4,0x0afe,0x0aaa,0x0abe,0x0aea,0x0a3e,0x0aa0,0x0eb8,0x0366,0x0000,0x0000,0x0fdc,
    0x0852,0x0fc8,0x087e,0x0fca,0x027e,0x024a,0x0ffe,0x0240,0x0a58,0x0ee6,0x0000,0x0000,
    0x021c,0x0fd2,0x0008,0x0fbe,0x08aa,0x08be,0x0faa,0x023e,0x0680,0x0a58,0x0306,0x0000,
    0x0000,0x0fdc,0x0a52,0x0fc8,0x0a7e,0x0a4a,0x0ffe,0x014a,0x047e,0x0880,0x00b0,0x070e,
    0x0000,0x0000,0x0eec,0x0aaa,0x0ee4,0x003e,0x0fea,0x003e,0x0fea,0x00be,0x0fc0,0x0818,
    0x0606,0x0000,0x0000,0x091c,0x0fd2,0x0508,0x0ffe,0x092a,0x05be,0x0f6a,0x08be,0x0f80,
    0x08b0,0x0f8e,0x0000,0x0000,0x0c1c,0x03d2,0x0948,0x057e,0x00aa,0x0fbe,0x022a,0x0fbe,
    0x0200,0x0a58,0x0fc6,0x0000,0x0000,0x00aa,0x0f88,0x047e,0x052a,0x03fa,0x0c84,0x07fe,
    0x0444,0x07fc,0x0000,0x0ffe,0x0000,0x0000,0x095c,0x0552,0x0fc8,0x053e,0x094a,0x05fe,
    0x0f4a,0x057e,0x0f80,0x04b0,0x044e,0x0000,0x0000,0x0020,0x03f8,0x0208,0x03f8,0x0208,
    0x0ff8,0x0008,0x0ff8,0x0800,0x0954,0x0d52,0x0000,0x0000,0x0020,0x07fc,0x0404,0x07fc,
    0x0004,0x0ffc,0x0aa4,0x0c92,0x01f0,0x0910,0x0f0e,0x0000,0x0000,0x0084,0x07c4,0x045e,
    0x07d4,0x0454,0x0fd4,0x0054,0x0fd4,0x0814,0x0aa2,0x0ea2,0x0000,0x0000,0x07fc,0x0444,
    0x05f4,0x0514,0x05f4,0x0514,0x05f4,0x0414,0x0bf4,0x0a02,0x0b52,0x0000,0x0000,0x0080,
    0x07ee,0x042a,0x07ea,0x042a,0x0fea,0x002a,0x0fea,0x080e,0x0950,0x0d50,0x0000,0x0000,
    0x0240,0x0ffe,0x0090,0x03f8,0x0e08,0x03f8,0x0208,0x0ff8,0x0800,0x0954,0x0d52,0x0000,
    0x0000,0x0104,0x0ffe,0x0922,0x093e,0x0922,0x0ffe,0x0102,0x013e,0x02a0,0x04aa,0x086a,
    0x0000,0x0000,0x0082,0x07c2,0x045e,0x07c2,0x0452,0x0fde,0x0044,0x0fc4,0x081e,0x0aa4,
    0x0ea4,0x0000,0x0000,0x00be,0x07d4,0x0454,0x07d4,0x045e,0x0fd0,0x0050,0x0fd8,0x0814,
    0x0952,0x0d58,0x0000,0x0000,0x008c,0x07d2,0x0440,0x07de,0x0440,0x0fde,0x0054,0x0fd4,
    0x080c,0x0aa4,0x0ea4,0x0000,0x0000,0x0104,0x0ffe,0x0822,0x083e,0x00a2,0x0cbe,0x0382,
    0x00be,0x00a0,0x08aa,0x0fba,0x0000,0x0000,0x0fbc,0x08a4,0x0eaa,0x0090,0x0bf8,0x0e0e,
    0x03f8,0x0208,0x0ff8,0x0804,0x0d52,0x0000,0x0000,0x009e,0x07ca,0x044a,0x07ca,0x045e,
    0x0fca,0x004a,0x0fd2,0x0816,0x0940,0x0d5e,0x0000,0x0000,0x0084,0x07c4,0x045e,0x07c4,
    0x0444,0x0fc4,0x005e,0x0fd2,0x0812,0x0952,0x0d5e,0x0000,0x0000,0x0040,0x07fc,0x0444,
    0x0ffe,0x0110,0x0e4e,0x03f8,0x0208,0x0ff8,0x0804,0x0d52,0x0000,0x0000,0x0100,0x07be,
    0x04aa,0x07aa,0x04be,0x0faa,0x00aa,0x0fbe,0x0808,0x0aa8,0x0ea8,0x0000,0x0000,0x0080,
    0x07c2,0x047c,0x07d0,0x0452,0x0fd4,0x0078,0x0fc0,0x0808,0x0954,0x0d52,0x0000,0x0000,
    0x008c,0x07d2,0x0440,0x07de,0x0440,0x0fc0,0x005e,0x0fd2,0x0812,0x0952,0x0d5e,0x0000,
    0x0000,0x009e,0x07d2,0x045e,0x07c0,0x045e,0x0fd2,0x005e,0x0fd2,0x081e,0x0952,0x0d5a,
    0x0000,0x0000,0x0124,0x0794,0x04be,0x07a8,0x04be,0x0f8a,0x00be,0x0fa8,0x082c,0x094a,
    0x0d28,0x0000,0x0000,0x015e,0x0fd4,0x0894,0x0ffe,0x0894,0x0f94,0x00dc,0x0fa6,0x0824,
    0x0954,0x0d4e,0x0000,0x0000,0x008a,0x07ca,0x045e,0x07ca,0x0448,0x0fde,0x0040,0x0fde,
    0x0812,0x0952,0x0d5e,0x0000,0x0000,0x0156,0x07d0,0x0490,0x07fe,0x04a8,0x0fa8,0x00b8,
    0x0faa,0x082a,0x097a,0x0d46,0x0000,0x0000,0x0108,0x07fe,0x04a4,0x07ca,0x04be,0x0faa,
    0x00be,0x0faa,0x083e,0x0948,0x0d58,0x0000,0x0000,0x02ee,0x07aa,0x04aa,0x07ee,0x04aa,
    0x0faa,0x00ee,0x0faa,0x08aa,0x09aa,0x0caa,0x0000,0x0000,0x0104,0x0fbe,0x08aa,0x0fbe,
    0x08aa,0x0faa,0x00be,0x0f94,0x0812,0x097e,0x0d50,0x0000,0x0000,0x017e,0x07c2,0x0452,
    0x07fe,0x0452,0x0ffe,0x0042,0x0ffa,0x082a,0x0aaa,0x0eba,0x0000,0x0000,0x0094,0x07fe,
    0x0454,0x07d4,0x047e,0x0fc0,0x005e,0x0fd2,0x081e,0x0952,0x0d5e,0x0000,0x0000,0x0108,
    0x0fbe,0x0888,0x0fbe,0x08aa,0x0fbe,0x00aa,0x0fbe,0x0808,0x0aac,0x0eaa,0x0000,0x0000,
    0x0088,0x07fe,0x0440,0x07de,0x0452,0x0fde,0x0050,0x0fc8,0x083e,0x0aa8,0x0eac,0x0000,
    0x0000,0x02e4,0x0fa4,0x08ae,0x0fe4,0x08a4,0x0fa4,0x00ee,0x0faa,0x08aa,0x0baa,0x0cae,
    0x0000,0x0000,0x00be,0x0f90,0x0448,0x057e,0x0314,0x0c92,0x03f8,0x0208,0x0ff8,0x0804,
    0x0d52,0x0000,0x0000,0x0954,0x0552,0x02a8,0x0444,0x0ffe,0x0a0a,0x0bfa,0x0208,0x0ff8,
    0x0804,0x0d52,0x0000,0x0000,0x0134,0x0fa4,0x08ca,0x0fa4,0x08be,0x0f80,0x00fe,0x0fca,
    0x082c,0x095a,0x0d6c,0x0000,0x0000,0x0108,0x07fe,0x044a,0x07d4,0x045e,0x0fca,0x005e,
    0x0fca,0x081e,0x094a,0x0d5e,0x0000,0x0000,0x00b6,0x07c4,0x0476,0x07c4,0x044a,0x0ffe,
    0x0052,0x0fde,0x0812,0x095e,0x0d52,0x0000,0x0000,0x009e,0x07d2,0x045a,0x07d2,0x047e,
    0x0fc2,0x005e,0x0fd2,0x081e,0x0952,0x0d5a,0x0000,0x0000,0x0108,0x0fbe,0x0882,0x0faa,
    0x08fe,0x0faa,0x00aa,0x0fba,0x0800,0x0954,0x0d52,0x0000,0x0000,0x013e,0x0782,0x04ba,
    0x07aa,0x04ba,0x0f82,0x00be,0x0faa,0x083e,0x0942,0x0d7c,0x0000,0x0000,0x0208,0x0924,
    0x0fbe,0x0104,0x0fbe,0x0208,0x0bfe,0x0204,0x0ffc,0x0404,0x06aa,0x0000,0x0000,0x0094,
    0x07fe,0x044a,0x07de,0x044a,0x0fde,0x004a,0x0ffe,0x0800,0x0954,0x0d52,0x0000,0x0000,
    0x0088,0x07fe,0x0454,0x07de,0x0472,0x0fde,0x0052,0x0fde,0x0808,0x0aaa,0x0eaa,0x0000,
    0x0000,0x0910,0x0ffe,0x0244,0x037c,0x0a90,0x0e54,0x03fa,0x0208,0x0ff8,0x0804,0x0d52,
    0x0000,0x0000,0x013e,0x0f90,0x08be,0x0f94,0x0892,0x0fbe,0x00aa,0x0fb2,0x082e,0x0aaa,
    0x0aae,0x0000,0x0000,0x0080,0x0ffc,0x04a4,0x0fd4,0x029c,0x0ff4,0x0414,0x0412,0x0ff2,
    0x0800,0x0d54,0x0000,0x0000,0x079e,0x0472,0x029e,0x0fa8,0x04fa,0x048a,0x07fe,0x0204,
    0x0ffc,0x0404,0x06aa,0x0000,0x0000,0x013e,0x0faa,0x08be,0x0faa,0x08be,0x0f94,0x00aa,
    0x0ffe,0x0814,0x094c,0x0d72,0x0000,0x0000,0x0114,0x0ffe,0x08aa,0x0fbe,0x0894,0x0fbe,
    0x008a,0x0fbe,0x080a,0x0aaa,0x0ebe,0x0000,0x0000,0x026e,0x0f80,0x08ee,0x0faa,0x0890,
    0x0ffe,0x00aa,0x0ffe,0x084a,0x0a4a,0x0eda,0x0000,0x0000,0x04e4,0x0a0a,0x04e4,0x0a0a,
    0x0eee,0x04a4,0x03f8,0x0208,0x0ff8,0x0804,0x0d52,0x0000,0x0000,0x0020,0x03f8,0x0208,
    0x0228,0x0348,0x0008,0x0ff8,0x0800,0x09fe,0x0800,0x0600,0x0000,0x0000,0x0084,0x07c4,
    0x045e,0x0554,0x0654,0x0054,0x0fd4,0x0814,0x0bd4,0x0832,0x0602,0x0000,0x0000,0x0100,
    0x07de,0x0450,0x0550,0x0652,0x0054,0x0fc8,0x0808,0x0bd4,0x0804,0x0602,0x0000,0x0000,
    0x0080,0x07ee,0x042a,0x046a,0x06aa,0x002a,0x0fea,0x080a,0x0bea,0x080e,0x0600,0x0000,
    0x0000,0x013e,0x07c2,0x0452,0x0556,0x064a,0x004a,0x0fca,0x0816,0x0bd2,0x0802,0x063e,
    0x0000,0x0000,0x013e,0x07d0,0x0452,0x0552,0x067e,0x0050,0x0fd0,0x0818,0x0bd4,0x0812,
    0x0618,0x0000,0x0000,0x0100,0x07be,0x04aa,0x05aa,0x06be,0x00aa,0x0faa,0x083e,0x0bc8,
    0x0808,0x0608,0x0000,0x0000,0x0040,0x07fc,0x0444,0x0ffe,0x0248,0x0c26,0x03f8,0x0248,
    0x0ff8,0x0800,0x0dfe,0x0000,0x0000,0x0fbc,0x08a4,0x0eaa,0x0090,0x0bf8,0x0e2e,0x0348,
    0x0008,0x0ff8,0x0800,0x0dfe,0x0000,0x0000,0x0108,0x0ffe,0x0822,0x082a,0x00b2,0x0c82,
    0x03be,0x00a0,0x00ae,0x08a0,0x0f98,0x0000,0x0000,0x008c,0x07d2,0x0440,0x055e,0x0640,
    0x0040,0x0fde,0x0812,0x0bd2,0x0812,0x061e,0x0000,0x0000,0x0080,0x07c2,0x047c,0x0550,
    0x0652,0x0054,0x0ff8,0x0800,0x0be8,0x0804,0x0602,0x0000,0x0000,0x009e,0x07d2,0x045e,
    0x0540,0x065e,0x0052,0x0fde,0x0812,0x0bde,0x0812,0x061a,0x0000,0x0000,0x015e,0x0fd4,
    0x0894,0x0afe,0x0c94,0x0094,0x0fdc,0x0826,0x0ba4,0x0854,0x0e4e,0x0000,0x0000,0x0156,
    0x07d0,0x0490,0x05fe,0x06a8,0x00a8,0x0fba,0x082a,0x0baa,0x087a,0x0646,0x0000,0x0000,
    0x0094,0x07fe,0x0454,0x0554,0x067e,0x0040,0x0fde,0x0812,0x0bde,0x0812,0x061e,0x0000,
    0x0000,0x02ee,0x0faa,0x08aa,0x0aee,0x0caa,0x00aa,0x0fee,0x08aa,0x0baa,0x08aa,0x0eaa,
    0x0000,0x0000,0x0108,0x07fe,0x044a,0x0554,0x065e,0x004a,0x0fde,0x080a,0x0bde,0x080a,
    0x061e,0x0000,0x0000,0x0136,0x0faa,0x08aa,0x0aaa,0x0caa,0x0094,0x0faa,0x083e,0x0bd4,
    0x080c,0x0632,0x0000,0x0000,0x0080,0x0ffc,0x04a4,0x0fd4,0x029c,0x0ff4,0x0454,0x0492,
    0x0ff2,0x0800,0x0dfc,0x0000,0x0000,0x0fc0,0x0040,0x0ffe,0x0822,0x0a4a,0x0912,0x0ce6,
    0x0912,0x0a4a,0x0882,0x0ffe,0x0000,0x0000,0x0a1c,0x0fe4,0x023e,0x03e2,0x0a36,0x0baa,
    0x0ab6,0x07aa,0x0436,0x0a22,0x09be,0x0000,0x0000,0x079c,0x0844,0x0fbe,0x0022,0x0ef6,
    0x0aaa,0x0ab6,0x0eea,0x04b6,0x0a62,0x093e,0x0000,0x0000,0x00be,0x0f8a,0x027e,0x0fa2,
    0x0abe,0x0d8a,0x0a8a,0x0ffe,0x04a4,0x04a4,0x0ffe,0x0000,0x0000,0x0080,0x0ffc,0x0124,
    0x0ffc,0x0924,0x0ffc,0x0114,0x0f74,0x0112,0x09d2,0x0f38,0x0000,0x0000,0x0080,0x0ffc,
    0x0924,0x0ffc,0x0114,0x0774,0x0914,0x0ffc,0x0122,0x0922,0x0f18,0x0000,0x0000,0x0080,
    0x0ffc,0x0124,0x0ffc,0x0114,0x0954,0x0ffc,0x0082,0x07f2,0x0080,0x0ffc,0x0000,0x0000,
    0x0080,0x0ffc,0x0924,0x0ffc,0x0114,0x0f7c,0x0494,0x02a4,0x0ffa,0x0492,0x0888,0x0000,
    0x0000,0x0040,0x0ffe,0x0112,0x0ffe,0x0112,0x0e0a,0x03ba,0x020a,0x03fa,0x0920,0x0f1e,
    0x0000,0x0000,0x0488,0x0ffe,0x048a,0x07be,0x04aa,0x07be,0x048a,0x0ffe,0x000a,0x052a,
    0x08be,0x0000,0x0000,0x0110,0x0ffe,0x0594,0x0952,0x0ffc,0x0924,0x0ffc,0x010a,0x0f7a,
    0x0108,0x0f7c,0x0000,0x0000,0x0fbe,0x0000,0x0fbe,0x0aaa,0x0040,0x0ffc,0x0924,0x0ffc,
    0x0114,0x09d2,0x0f3a,0x0000,0x0000,0x0080,0x0ffc,0x0124,0x0ffc,0x0112,0x0f7e,0x0824,
    0x0fbc,0x0826,0x08b8,0x0d26,0x0000,0x0000,0x0948,0x057e,0x0fca,0x057e,0x094a,0x05fe,
    0x0f52,0x057e,0x0f92,0x0492,0x0476,0x0000,0x0000,0x0040,0x0ffe,0x0248,0x0358,0x0ce6,
    0x0358,0x0c46,0x03f0,0x020c,0x01e0,0x0e1e,0x0000,0x0000,0x0040,0x0ffe,0x0040,0x03f8,
    0x0040,0x0ffe,0x0010,0x03f8,0x0216,0x01e0,0x0e1c,0x0000,0x0000,0x0208,0x0fbe,0x022a,
    0x021c,0x0faa,0x020a,0x0238,0x0526,0x08a8,0x0018,0x0fe6,0x0000,0x0000,0x0088,0x0fbe,
    0x086a,0x0d9c,0x092a,0x0fca,0x0938,0x0ba6,0x0568,0x0018,0x0fe6,0x0000,0x0000,0x0fc8,
    0x011e,0x0fea,0x0abc,0x0baa,0x0aaa,0x0bb8,0x0aa6,0x0fe8,0x0018,0x0fe6,0x0000,0x0000,
    0x0208,0x0fbe,0x0208,0x023e,0x0fc8,0x023e,0x0214,0x0514,0x08ca,0x0018,0x0fe6,0x0000,
    0x0000,0x0048,0x0ffe,0x0848,0x0abe,0x0888,0x0ffe,0x0994,0x0ad4,0x0c8a,0x0018,0x0fe6,
    0x0000,0x0000,0x0080,0x0ffc,0x0224,0x0224,0x0ffc,0x0224,0x0aa4,0x0ab4,0x0aaa,0x0aa2,
    0x0220,0x0000,0x0000,0x0080,0x0ffc,0x0224,0x0ffc,0x0224,0x0ab4,0x0aac,0x0224,0x0112,
    0x04a2,0x0ff8,0x0000,0x0000,0x0080,0x0ffc,0x0224,0x0ffc,0x0224,0x0ab4,0x0aac,0x0124,
    0x0092,0x0442,0x0ff8,0x0000,0x0000,0x0080,0x0ffc,0x0124,0x0ffc,0x05b4,0x0d6c,0x0384,
    0x0c74,0x03c4,0x087a,0x0f82,0x0000,0x0000,0x0110,0x07fc,0x0110,0x01f0,0x0000,0x0ffe,
    0x0248,0x03f8,0x0248,0x03f8,0x0c06,0x0000,0x0000,0x0110,0x07fc,0x0110,0x0ffe,0x0040,
    0x03f8,0x0248,0x03f8,0x0248,0x03f8,0x0c06,0x0000,0x0000,0x064c,0x04a4,0x0444,0x0ffe,
    0x0912,0x07fc,0x0110,0x0ffe,0x0248,0x03f8,0x0c06,0x0000,0x0000,0x0780,0x007c,0x0040,
    0x0ffe,0x0248,0x04a4,0x0318,0x0c46,0x0150,0x0248,0x0c66,0x0000,0x0000,0x00be,0x0f88,
    0x0abe,0x0a48,0x091c,0x04ea,0x0358,0x0c46,0x02e8,0x0358,0x0c66,0x0000,0x0000,0x013e,
    0x0108,0x0f7e,0x0118,0x012c,0x010a,0x0fd4,0x086a,0x085c,0x086a,0x0fcc,0x0000,0x0000,
    0x07fc,0x0554,0x0444,0x07fc,0x0040,0x07fc,0x0040,0x0ffe,0x0000,0x0494,0x0922,0x0000,
    0x0000,0x073e,0x08aa,0x0076,0x0fa2,0x002a,0x003e,0x0f88,0x083e,0x0800,0x042a,0x032a,
    0x0000,0x0000,0x0a7e,0x0a4a,0x026e,0x0fda,0x024a,0x027e,0x0208,0x057e,0x0500,0x08aa,
    0x08aa,0x0000,0x0000,0x0888,0x0ff4,0x0106,0x03fc,0x0e48,0x03f8,0x0248,0x0ffe,0x0000,
    0x0494,0x0922,0x0000,0x0000,0x023e,0x0aaa,0x0ab6,0x0aa2,0x0faa,0x023e,0x0208,0x0abe,
    0x0a80,0x0aaa,0x0faa,0x0000,0x0000,0x025e,0x024a,0x0f36,0x0aa2,0x0aaa,0x0a5e,0x0a48,
    0x095e,0x0920,0x08aa,0x06ea,0x0000,0x0000,0x013e,0x012a,0x0f36,0x0122,0x012a,0x013e,
    0x0f88,0x08be,0x0880,0x08aa,0x0faa,0x0000,0x0000,0x023e,0x0fea,0x0236,0x0222,0x0faa,
    0x003e,0x0008,0x0fbe,0x0880,0x08aa,0x0faa,0x0000,0x0000,0x013e,0x04aa,0x0ff6,0x02a2,
    0x0eaa,0x007e,0x0f08,0x08fe,0x0480,0x032a,0x0cea,0x0000,0x0000,0x023e,0x0fea,0x0036,
    0x0fa2,0x08aa,0x08be,0x0f88,0x023e,0x0a80,0x0a4a,0x032a,0x0000,0x0000,0x0248,0x0ffe,
    0x0912,0x07fc,0x0554,0x0444,0x07fc,0x0040,0x0ffe,0x0494,0x0922,0x0000,0x0000,0x023e,
    0x0fea,0x04b6,0x04a2,0x0fea,0x003e,0x0f88,0x08be,0x0f80,0x08aa,0x0faa,0x0000,0x0000,
    0x0250,0x0e54,0x0bf2,0x0800,0x0bf8,0x0a54,0x0bf6,0x0444,0x05f4,0x0a04,0x0954,0x0000,
    0x0000,0x04a4,0x02a8,0x0ffe,0x0248,0x0444,0x0ffe,0x0444,0x0554,0x0554,0x054c,0x0644,
    0x0000,0x0000,0x0936,0x0f94,0x017e,0x0128,0x0aca,0x0abe,0x0aaa,0x04be,0x046a,0x0a2a,
    0x09aa,0x0000,0x0000,0x0a36,0x0f94,0x027e,0x0fa8,0x0aca,0x0fbe,0x0aaa,0x0fbe,0x0aaa,
    0x0aaa,0x0aaa,0x0000,0x0000,0x05f4,0x0514,0x05f4,0x0514,0x0514,0x07fc,0x00a0,0x0fbe,
    0x04a8,0x04a8,0x04a6,0x0000,0x0000,0x0208,0x0fbe,0x0208,0x023e,0x0f80,0x083e,0x08a2,
    0x04be,0x0514,0x0314,0x0cfe,0x0000,0x0000,0x0208,0x0fbe,0x0208,0x0ffe,0x04a4,0x03bc,
    0x0c48,0x03fe,0x0228,0x0ffe,0x0040,0x0000,0x0000,0x079c,0x0404,0x079c,0x0404,0x07fc,
    0x0444,0x05dc,0x0444,0x05dc,0x0844,0x0bde,0x0000,0x0000,0x0276,0x0fc2,0x0a76,0x0a42,
    0x0ffe,0x0a4a,0x0a5e,0x0fca,0x005e,0x084a,0x0f9a,0x0000,0x0000,0x0ff6,0x0142,0x07f6,
    0x0542,0x0ffe,0x004a,0x07de,0x044a,0x07de,0x084a,0x0f9a,0x0000,0x0000,0x0ff6,0x0942,
    0x0f76,0x0942,0x0ffe,0x094a,0x075e,0x08ca,0x0f5e,0x004a,0x0f9a,0x0000,0x0000,0x0020,
    0x03f8,0x0208,0x03f8,0x0208,0x07fc,0x0444,0x07fc,0x0444,0x0ffe,0x0108,0x0000,0x0000,
    0x0f88,0x027c,0x0244,0x027c,0x0244,0x0ffe,0x0292,0x02fe,0x0292,0x02fe,0x0224,0x0000,
    0x0000,0x0108,0x0f7c,0x08c4,0x087c,0x0b44,0x0afe,0x0a92,0x0afe,0x0b92,0x087e,0x0624,
    0x0000,0x0000,0x0040,0x0ffe,0x00a0,0x0f5e,0x0554,0x084a,0x07f8,0x0408,0x07f8,0x0404,
    0x0404,0x0000,0x0000,0x0040,0x0ffe,0x00a0,0x0f5e,0x0554,0x0bfa,0x0408,0x07f8,0x0448,
    0x0554,0x0654,0x0000,0x0000,0x0040,0x0ffe,0x00a0,0x0f5e,0x0554,0x0bfa,0x0528,0x05e8,
    0x0528,0x05e4,0x0614,0x0000,0x0000,0x0040,0x0ffe,0x0110,0x00e0,0x0318,0x0c06,0x0110,
    0x0110,0x0110,0x0108,0x0108,0x0000,0x0000,0x07c8,0x0048,0x0ffe,0x0110,0x0aaa,0x0802,
    0x0ffe,0x0912,0x0aaa,0x0802,0x0ffe,0x0000,0x0000,0x00ba,0x008a,0x0cfe,0x03aa,0x00b6,
    0x00a2,0x00be,0x00aa,0x08b6,0x08a2,0x0fbe,0x0000,0x0000,0x029a,0x02aa,0x02be,0x0aaa,
    0x07b6,0x02a2,0x02be,0x02aa,0x0ab6,0x0ba2,0x0e7e,0x0000,0x0000,0x073a,0x088a,0x007e,
    0x0faa,0x0036,0x0022,0x0fbe,0x092a,0x0936,0x0d22,0x013e,0x0000,0x0000,0x00ba,0x0f8a,
    0x087e,0x082a,0x0bb6,0x0aa2,0x0abe,0x0baa,0x0836,0x0422,0x033e,0x0000,0x0000,0x0fba,
    0x088a,0x0ffe,0x08aa,0x08b6,0x0fa2,0x02be,0x0aaa,0x0ab6,0x04a2,0x09be,0x0000,0x0000,
    0x0fc8,0x0a3e,0x0948,0x07de,0x0048,0x0ffe,0x0554,0x07fc,0x04a4,0x0554,0x07fc,0x0000,
    0x0000,0x0fba,0x020a,0x0ffe,0x0aaa,0x0fb6,0x0222,0x0fbe,0x0aaa,0x0eb6,0x08a2,0x0cbe,
    0x0000,0x0000,0x0040,0x07c8,0x0048,0x0ffe,0x0000,0x0444,0x0444,0x04a4,0x0514,0x0404,
    0x07fc,0x0000,0x0000,0x0308,0x04ba,0x084a,0x013e,0x0200,0x002a,0x0fea,0x082a,0x04f6,
    0x0322,0x043e,0x0000,0x0000,0x0f88,0x023a,0x0f8a,0x0abe,0x0f80,0x022a,0x0faa,0x0aaa,
    0x0eb6,0x08a2,0x0cbe,0x0000,0x0000,0x0088,0x0fbe,0x0092,0x0fbe,0x0800,0x0fbe,0x00a2,
    0x0fbe,0x00a2,0x08be,0x0fa2,0x0000,0x0000,0x0080,0x0ffc,0x0224,0x0efc,0x0854,0x0efc,
    0x0294,0x0ef4,0x0292,0x0af2,0x0e90,0x0000,0x0000,0x0108,0x0f7e,0x0124,0x0ffe,0x0824,
    0x0fbc,0x00a4,0x0ffe,0x0110,0x0ffe,0x0404,0x0000,0x0000,0x03f8,0x0404,0x0bfa,0x0208,
    0x0ffe,0x00a4,0x0fbe,0x0822,0x0fbe,0x00a2,0x0fb2,0x0000,0x0000,0x0220,0x0420,0x0ffe,
    0x00a0,0x0490,0x0290,0x0188,0x0088,0x08c4,0x08a4,0x0f02,0x0000,0x0000,0x0120,0x0ffe,
    0x0290,0x0988,0x0e46,0x0110,0x0ffe,0x0110,0x0ffe,0x0208,0x0c06,0x0000,0x0000,0x01f8,
    0x0084,0x07fe,0x04a4,0x07be,0x00a8,0x0fbe,0x0aa8,0x0ffe,0x00a8,0x0fee,0x0000,0x0000,
    0x01f0,0x0108,0x0084,0x07fe,0x0444,0x07fc,0x0444,0x07fc,0x0040,0x0840,0x0f80,0x0000,
    0x0000,0x03f8,0x0404,0x0ffe,0x0aaa,0x0eee,0x0000,0x0ffe,0x0912,0x0ffe,0x0912,0x0d12,
    0x0000,0x0000,0x0000,0x00c0,0x00c0,0x0000,0x0000,0x0000,0x0000,0x0000,0x00c0,0x00c0,
    0x0000,0x0000,0x0000,0x0004,0x0002,0x0002,0x0004,0x0004,0x0002,0x0004,0x0004,0x0002,
    0x0002,0x0004,0x0000,0x0000,0x0000,0x0000,0x0000,0x0000,0x0000,0x0000,0x01f0,0x060c,
    0x0802,0x1001,0x0000,0x0000,0x0000,0x0000,0x1001,0x0802,0x060c,0x01f0,0x0000,0x0000,
    0x0000,0x0000,0x0000,0x0000,0x0000,0x0000,0x0000,0x0000,0x0000,0x0000,0x0000,0x0040,
    0x0040,0x0fbe,0x1001,0x1001,0x0000,0x0000,0x0000,0x0000,0x1001,0x1001,0x0fbe,0x0040,
    0x0040,0x0000,0x0000,0x0000,0x0000,0x0000,0x0000,0x0000,0x0000,0x0000,0x0000,0x0000,
    0x0000,0x0000,0x0000,0x07fc,0x0802,0x1001,0x0000,0x0000,0x0000,0x0000,0x1001,0x0802,
    0x07fc,0x0000,0x0000,0x0000,0x0000,0x0000,0x0000,0x0000,0x0000,0x0000,0x0000,0x0000,
    0x0000,0x0000,0x0000,0x0000,0x1fff,0x1e0f,0x1803,0x1001,0x0000,0x0000,0x0000,0x0000,
    0x1001,0x1803,0x1e0f,0x1fff,0x0000,0x0000,0x0000,0x0000,0x0000,0x0000,0x0000,0x0000,
    0x0000,0x0000,0x0000,0x0000,0x0000,0x00e0,0x0318,0x0c06,0x00e0,0x0318,0x0c06,0x0000,
    0x0000,0x0c06,0x0318,0x00e0,0x0c06,0x0318,0x00e0,0x0000,0x0000,0x0000,0x0000,0x0000,
    0x0000,0x0000,0x0000,0x0000,0x0000,0x0000,0x0000,0x0000,0x0000,0x00e0,0x0318,0x0c06,
    0x0000,0x0000,0x0000,0x0000,0x0c06,0x0318,0x00e0,0x0000,0x0000,0x0000,0x0000,0x0000,
    0x0000,0x0000,0x0000,0x0000,0x0000,0x0000,0x0000,0x0000,0x0000,0x0000,0x1fe0,0x1000,
    0x1000,0x1000,0x0000,0x0000,0x0000,0x0000,0x0001,0x0001,0x0001,0x00ff,0x0000,0x0000,
    0x0000,0x0000,0x0000,0x0000,0x0000,0x0000,0x0000,0x0000,0x0000,0x0000,0x1ff0,0x1010,
    0x17f0,0x1400,0x1400,0x1c00,0x0000,0x0000,0x0000,0x0000,0x0007,0x0005,0x0005,0x01fd,
    0x0101,0x01ff,0x0000,0x0000,0x0000,0x0000,0x0000,0x0000,0x0040,0x0040,0x0040,0x0040,
    0x0040,0x0040,0x0040,0x0000,0x0000,0x0040,0x0040,0x0000,0x0000,0x0120,0x0120,0x0120,
    0x07f8,0x0120,0x0120,0x07f8,0x0120,0x0120,0x0120,0x0000,0x0000,0x0000,0x0040,0x01f0,
    0x0248,0x0048,0x01f0,0x0240,0x0240,0x0248,0x01f0,0x0040,0x0000,0x0000,0x0000,0x0118,
    0x0124,0x00a4,0x00a4,0x0058,0x0340,0x04a0,0x04a0,0x0490,0x0310,0x0000,0x0000,0x0000,
    0x0060,0x0090,0x0090,0x0090,0x0760,0x0250,0x0288,0x0108,0x0288,0x0470,0x0000,0x0000,
    0x0400,0x0200,0x0100,0x0100,0x0080,0x0080,0x0080,0x0080,0x0080,0x0100,0x0100,0x0200,
    0x0400,0x0004,0x0008,0x0010,0x0010,0x0020,0x0020,0x0020,0x0020,0x0020,0x0010,0x0010,
    0x0008,0x0004,0x0000,0x0040,0x0248,0x0150,0x00e0,0x0150,0x0248,0x0040,0x0000,0x0000,
    0x0000,0x0000,0x0000,0x0000,0x0000,0x0040,0x0040,0x0040,0x0040,0x07fc,0x0040,0x0040,
    0x0040,0x0040,0x0000,0x0000,0x0000,0x0000,0x0000,0x0000,0x0000,0x0000,0x0060,0x0060,
    0x0030,0x0000,0x0000,0x0000,0x0000,0x0000,0x0000,0x0000,0x0000,0x0000,0x0000,0x07fc,
    0x0000,0x0000,0x0000,0x0000,0x0000,0x0000,0x0000,0x0000,0x0000,0x0000,0x0000,0x0000,
    0x0060,0x0060,0x0000,0x0000,0x0000,0x0000,0x0000,0x0000,0x0800,0x0400,0x0200,0x0100,
    0x0080,0x0040,0x0020,0x0010,0x0008,0x0004,0x0002,0x0000,0x0000,0x00e0,0x0110,0x0208,
    0x0208,0x0208,0x0208,0x0208,0x0208,0x0110,0x00e0,0x0000,0x0000,0x0000,0x0040,0x0060,
    0x0050,0x0048,0x0040,0x0040,0x0040,0x0040,0x0040,0x0040,0x0000,0x0000,0x0000,0x00e0,
    0x0110,0x0208,0x0200,0x0100,0x0080,0x0040,0x0020,0x0010,0x03f8,0x0000,0x0000,0x0000,
    0x03f8,0x0100,0x0080,0x0040,0x00e0,0x0100,0x0200,0x0208,0x0110,0x00e0,0x0000,0x0000,
    0x0000,0x00c0,0x00a0,0x00a0,0x0090,0x0090,0x0088,0x0088,0x03fc,0x0080,0x0080,0x0000,
    0x0000,0x0000,0x03f8,0x0008,0x0008,0x00e8,0x0118,0x0200,0x0200,0x0200,0x0108,0x00f0,
    0x0000,0x0000,0x0000,0x01e0,0x0010,0x0008,0x00e8,0x0118,0x0208,0x0208,0x0208,0x0110,
    0x00e0,0x0000,0x0000,0x0000,0x03f8,0x0200,0x0100,0x0100,0x0080,0x0080,0x0040,0x0040,
    0x0020,0x0020,0x0000,0x0000,0x0000,0x00e0,0x0110,0x0208,0x0110,0x00e0,0x0110,0x0208,
    0x0208,0x0110,0x00e0,0x0000,0x0000,0x0000,0x00e0,0x0110,0x0208,0x0208,0x0208,0x0310,
    0x02e0,0x0200,0x0100,0x00f0,0x0000,0x0000,0x0000,0x0000,0x0000,0x0060,0x0060,0x0000,
    0x0000,0x0000,0x0060,0x0060,0x0000,0x0000,0x0000,0x0000,0x0000,0x0000,0x0060,0x0060,
    0x0000,0x0000,0x0000,0x0060,0x0060,0x0030,0x0000,0x0000,0x0000,0x0000,0x0000,0x0000,
    0x0000,0x07fc,0x0000,0x0000,0x07fc,0x0000,0x0000,0x0000,0x0000,0x0000,0x00e0,0x0110,
    0x0208,0x0200,0x0100,0x0080,0x0040,0x0040,0x0000,0x0040,0x0040,0x0000,0x0000,0x01e0,
    0x0218,0x04c8,0x0524,0x0524,0x0524,0x0524,0x03c8,0x0018,0x00e0,0x0000,0x0000,0x0000,
    0x0040,0x0040,0x00a0,0x00a0,0x0110,0x0110,0x03f8,0x0208,0x0404,0x0404,0x0000,0x0000,
    0x0000,0x01f8,0x0208,0x0208,0x0208,0x01f8,0x0208,0x0408,0x0408,0x0208,0x01f8,0x0000,
    0x0000,0x0000,0x03e0,0x0410,0x0008,0x0008,0x0008,0x0008,0x0008,0x0008,0x0410,0x03e0,
    0x0000,0x0000,0x0000,0x00f8,0x0308,0x0208,0x0408,0x0408,0x0408,0x0408,0x0208,0x0308,
    0x00f8,0x0000,0x0000,0x0000,0x03f8,0x0008,0x0008,0x0008,0x01f8,0x0008,0x0008,0x0008,
    0x0008,0x03f8,0x0000,0x0000,0x0000,0x03f8,0x0008,0x0008,0x0008,0x01f8,0x0008,0x0008,
    0x0008,0x0008,0x0008,0x0000,0x0000,0x0000,0x03e0,0x0410,0x0008,0x0008,0x0788,0x0408,
    0x0408,0x0408,0x0610,0x05e0,0x0000,0x0000,0x0000,0x0408,0x0408,0x0408,0x0408,0x07f8,
    0x0408,0x0408,0x0408,0x0408,0x0408,0x0000,0x0000,0x0000,0x0040,0x0040,0x0040,0x0040,
    0x0040,0x0040,0x0040,0x0040,0x0040,0x0040,0x0000,0x0000,0x0000,0x0100,0x0100,0x0100,
    0x0100,0x0100,0x0104,0x0104,0x0104,0x0088,0x0070,0x0000,0x0000,0x0000,0x0208,0x0108,
    0x0088,0x0048,0x0028,0x0058,0x0088,0x0108,0x0208,0x0408,0x0000,0x0000,0x0000,0x0008,
    0x0008,0x0008,0x0008,0x0008,0x0008,0x0008,0x0008,0x0008,0x03f8,0x0000,0x0000,0x0000,
    0x0404,0x060c,0x0514,0x04a4,0x0444,0x0404,0x0404,0x0404,0x0404,0x0404,0x0000,0x0000,
    0x0000,0x0208,0x0218,0x0228,0x0248,0x0288,0x0308,0x0208,0x0208,0x0208,0x0208,0x0000,
    0x0000,0x0000,0x01e0,0x0210,0x0408,0x0408,0x0408,0x0408,0x0408,0x0408,0x0210,0x01e0,
    0x0000,0x0000,0x0000,0x00f8,0x0108,0x0208,0x0208,0x0108,0x00f8,0x0008,0x0008,0x0008,
    0x0008,0x0000,0x0000,0x0000,0x01e0,0x0210,0x0408,0x0408,0x0408,0x0408,0x0408,0x0408,
    0x0210,0x01e0,0x0080,0x0700,0x0000,0x00f8,0x0108,0x0208,0x0208,0x0108,0x00f8,0x0108,
    0x0108,0x0208,0x0208,0x0000,0x0000,0x0000,0x01e0,0x0210,0x0408,0x0010,0x01e0,0x0200,
    0x0400,0x0408,0x0210,0x01e0,0x0000,0x0000,0x0000,0x07fc,0x0040,0x0040,0x0040,0x0040,
    0x0040,0x0040,0x0040,0x0040,0x0040,0x0000,0x0000,0x0000,0x0208,0x0208,0x0208,0x0208,
    0x0208,0x0208,0x0208,0x0208,0x0110,0x00e0,0x0000,0x0000,0x0000,0x0208,0x0208,0x0208,
    0x0110,0x0110,0x0110,0x00a0,0x00a0,0x0040,0x0040,0x0000,0x0000,0x0000,0x0444,0x0444,
    0x0444,0x0444,0x02a8,0x02a8,0x02a8,0x0110,0x0110,0x0110,0x0000,0x0000,0x0000,0x0208,
    0x0208,0x0110,0x00a0,0x0040,0x0040,0x00a0,0x0110,0x0208,0x0208,0x0000,0x0000,0x0000,
    0x0208,0x0208,0x0110,0x0110,0x00a0,0x00a0,0x0040,0x0040,0x0040,0x0040,0x0000,0x0000,
    0x0000,0x03f8,0x0200,0x0100,0x0080,0x0040,0x0020,0x0010,0x0008,0x0008,0x03f8,0x0000,
    0x0000,0x0000,0x0002,0x0004,0x0008,0x0010,0x0020,0x0040,0x0080,0x0100,0x0200,0x0400,
    0x0800,0x0000,0x0000,0x0000,0x0000,0x0000,0x0000,0x0000,0x0000,0x0000,0x0000,0x0000,
    0x0000,0x1ffe,0x0000,0x0000,0x0000,0x0000,0x0000,0x01e0,0x0200,0x03c0,0x0230,0x0210,
    0x0310,0x02e0,0x0000,0x0000,0x0000,0x0010,0x0010,0x0010,0x00d0,0x0130,0x0210,0x0210,
    0x0210,0x0130,0x00d0,0x0000,0x0000,0x0000,0x0000,0x0000,0x0000,0x01c0,0x0220,0x0010,
    0x0010,0x0010,0x0220,0x01c0,0x0000,0x0000,0x0000,0x0200,0x0200,0x0200,0x02c0,0x0320,
    0x0210,0x0210,0x0210,0x0320,0x02c0,0x0000,0x0000,0x0000,0x0000,0x0000,0x0000,0x00c0,
    0x0120,0x0210,0x03f0,0x0010,0x0220,0x01c0,0x0000,0x0000,0x0000,0x0380,0x0040,0x0040,
    0x0040,0x03f0,0x0040,0x0040,0x0040,0x0040,0x0040,0x0000,0x0000,0x0000,0x0000,0x0000,
    0x0000,0x02c0,0x0320,0x0210,0x0210,0x0320,0x02c0,0x0200,0x0100,0x00e0,0x0000,0x0010,
    0x0010,0x0010,0x00d0,0x0130,0x0210,0x0210,0x0210,0x0210,0x0210,0x0000,0x0000,0x0000,
    0x0040,0x0040,0x0000,0x0000,0x0040,0x0040,0x0040,0x0040,0x0040,0x0040,0x0000,0x0000,
    0x0000,0x0080,0x0080,0x0000,0x0000,0x0080,0x0080,0x0080,0x0080,0x0080,0x0080,0x0040,
    0x0038,0x0000,0x0010,0x0010,0x0010,0x0210,0x0110,0x0090,0x0050,0x0090,0x0110,0x0210,
    0x0000,0x0000,0x0000,0x0040,0x0040,0x0040,0x0040,0x0040,0x0040,0x0040,0x0040,0x0040,
    0x0040,0x0000,0x0000,0x0000,0x0000,0x0000,0x0000,0x0334,0x04cc,0x0444,0x0444,0x0444,
    0x0444,0x0444,0x0000,0x0000,0x0000,0x0000,0x0000,0x0000,0x01d0,0x0230,0x0210,0x0210,
    0x0210,0x0210,0x0210,0x0000,0x0000,0x0000,0x0000,0x0000,0x0000,0x00e0,0x0110,0x0208,
    0x0208,0x0208,0x0110,0x00e0,0x0000,0x0000,0x0000,0x0000,0x0000,0x0000,0x00d0,0x0130,
    0x0210,0x0210,0x0210,0x0130,0x00d0,0x0010,0x0010,0x0000,0x0000,0x0000,0x0000,0x02c0,
    0x0320,0x0210,0x0210,0x0210,0x0320,0x02c0,0x0200,0x0200,0x0000,0x0000,0x0000,0x0000,
    0x00d0,0x0130,0x0010,0x0010,0x0010,0x0010,0x0010,0x0000,0x0000,0x0000,0x0000,0x0000,
    0x0000,0x01e0,0x0210,0x0010,0x01e0,0x0200,0x0210,0x01e0,0x0000,0x0000,0x0000,0x0020,
    0x0020,0x0020,0x01f8,0x0020,0x0020,0x0020,0x0020,0x0220,0x01c0,0x0000,0x0000,0x0000,
    0x0000,0x0000,0x0000,0x0210,0x0210,0x0210,0x0210,0x0210,0x0310,0x02e0,0x0000,0x0000,
    0x0000,0x0000,0x0000,0x0000,0x0208,0x0208,0x0110,0x0110,0x00a0,0x00a0,0x0040,0x0000,
    0x0000,0x0000,0x0000,0x0000,0x0000,0x0444,0x0444,0x0444,0x02a8,0x02a8,0x0110,0x0110,
    0x0000,0x0000,0x0000,0x0000,0x0000,0x0000,0x0208,0x0110,0x00a0,0x0040,0x00a0,0x0110,
    0x0208,0x0000,0x0000,0x0000,0x0000,0x0000,0x0000,0x0210,0x0210,0x0220,0x0120,0x0140,
    0x0080,0x0080,0x0040,0x0030,0x0000,0x0000,0x0000,0x0000,0x03f0,0x0100,0x0080,0x0040,
    0x0020,0x0010,0x03f0,0x0000,0x0000,0x0600,0x0100,0x0100,0x0100,0x0100,0x0100,0x00c0,
    0x0100,0x0100,0x0100,0x0100,0x0100,0x0600,0x0040,0x0040,0x0040,0x0040,0x0040,0x0040,
    0x0040,0x0040,0x0040,0x0040,0x0040,0x0040,0x0040,0x000c,0x0010,0x0010,0x0010,0x0010,
    0x0010,0x0060,0x0010,0x0010,0x0010,0x0010,0x0010,0x000c,0x0000,0x0000,0x0000,0x0000,
    0x0000,0x0038,0x0444,0x0380,0x0000,0x0000,0x0000,0x0000,0x0000,
};

static const uint8_t ascii_bitmap[ASCII_COUNT * ASCII_GLYPH_ROWS] = {
    0x00,0x00,0x00,0x00,0x00,0x00,0x00,0x00,0x00,0x00,0x00,0x00,0x00,0x00,0x00,0x00,
    0x02,0x02,0x02,0x02,0x02,0x02,0x02,0x00,0x02,0x00,0x00,0x00,0x00,0x0a,0x0a,0x0a,
    0x0a,0x00,0x00,0x00,0x00,0x00,0x00,0x00,0x00,0x00,0x00,0x00,0x12,0x12,0x3f,0x12,
    0x12,0x12,0x3f,0x12,0x12,0x00,0x00,0x00,0x00,0x08,0x1e,0x29,0x09,0x09,0x1e,0x24,
    0x24,0x25,0x1e,0x04,0x00,0x00,0x00,0x00,0x06,0x49,0x29,0x16,0x08,0x34,0x4a,0x49,
    0x30,0x00,0x00,0x00,0x00,0x00,0x0e,0x11,0x11,0x0a,0x26,0x29,0x11,0x11,0x2e,0x00,
    0x00,0x00,0x00,0x02,0x02,0x02,0x02,0x00,0x00,0x00,0x00,0x00,0x00,0x00,0x00,0x00,
    0x00,0x08,0x04,0x04,0x02,0x02,0x02,0x02,0x02,0x04,0x04,0x08,0x00,0x00,0x00,0x02,
    0x04,0x04,0x08,0x08,0x08,0x08,0x08,0x04,0x04,0x02,0x00,0x00,0x00,0x00,0x04,0x15,
    0x0e,0x04,0x0e,0x15,0x04,0x00,0x00,0x00,0x00,0x00,0x00,0x00,0x00,0x08,0x08,0x08,
    0x7f,0x08,0x08,0x08,0x00,0x00,0x00,0x00,0x00,0x00,0x00,0x00,0x00,0x00,0x00,0x00,
    0x00,0x00,0x02,0x02,0x01,0x00,0x00,0x00,0x00,0x00,0x00,0x00,0x3f,0x00,0x00,0x00,
    0x00,0x00,0x00,0x00,0x00,0x00,0x00,0x00,0x00,0x00,0x00,0x00,0x00,0x00,0x02,0x00,
    0x00,0x00,0x00,0x00,0x20,0x20,0x10,0x10,0x08,0x08,0x04,0x04,0x02,0x02,0x00,0x00,
    0x00,0x00,0x1c,0x22,0x22,0x22,0x22,0x22,0x22,0x22,0x1c,0x00,0x00,0x00,0x00,0x00,
    0x08,0x0c,0x0a,0x08,0x08,0x08,0x08,0x08,0x08,0x00,0x00,0x00,0x00,0x00,0x1c,0x22,
    0x22,0x20,0x10,0x08,0x04,0x02,0x3e,0x00,0x00,0x00,0x00,0x00,0x3e,0x20,0x10,0x08,
    0x1c,0x20,0x20,0x22,0x1c,0x00,0x00,0x00,0x00,0x00,0x18,0x18,0x14,0x14,0x12,0x12,
    0x3f,0x10,0x10,0x00,0x00,0x00,0x00,0x00,0x3e,0x02,0x02,0x1e,0x20,0x20,0x22,0x22,
    0x1c,0x00,0x00,0x00,0x00,0x00,0x18,0x04,0x02,0x1e,0x22,0x22,0x22,0x22,0x1c,0x00,
    0x00,0x00,0x00,0x00,0x3e,0x20,0x20,0x10,0x10,0x08,0x08,0x04,0x04,0x00,0x00,0x00,
    0x00,0x00,0x1c,0x22,0x22,0x22,0x1c,0x22,0x22,0x22,0x1c,0x00,0x00,0x00,0x00,0x00,
    0x1c,0x22,0x22,0x22,0x22,0x3c,0x20,0x10,0x0c,0x00,0x00,0x00,0x00,0x00,0x00,0x00,
    0x00,0x02,0x00,0x00,0x00,0x00,0x02,0x00,0x00,0x00,0x00,0x00,0x00,0x00,0x00,0x02,
    0x00,0x00,0x00,0x00,0x02,0x02,0x01,0x00,0x00,0x00,0x20,0x10,0x08,0x04,0x02,0x04,
    0x08,0x10,0x20,0x00,0x00,0x00,0x00,0x00,0x00,0x00,0x00,0x3f,0x00,0x3f,0x00,0x00,
    0x00,0x00,0x00,0x00,0x00,0x00,0x02,0x04,0x08,0x10,0x20,0x10,0x08,0x04,0x02,0x00,
    0x00,0x00,0x00,0x00,0x1e,0x21,0x21,0x10,0x08,0x04,0x04,0x00,0x04,0x00,0x00,0x00,
    0x00,0x00,0x3c,0x42,0x79,0x45,0x45,0x45,0x39,0x02,0x3c,0x00,0x00,0x00,0x00,0x00,
    0x08,0x08,0x14,0x14,0x22,0x22,0x3e,0x41,0x41,0x00,0x00,0x00,0x00,0x00,0x1f,0x21,
    0x21,0x21,0x1f,0x21,0x21,0x21,0x1f,0x00,0x00,0x00,0x00,0x00,0x1c,0x22,0x01,0x01,
    0x01,0x01,0x01,0x22,0x1c,0x00,0x00,0x00,0x00,0x00,0x1f,0x21,0x41,0x41,0x41,0x41,
    0x41,0x21,0x1f,0x00,0x00,0x00,0x00,0x00,0x3f,0x01,0x01,0x01,0x1f,0x01,0x01,0x01,
    0x3f,0x00,0x00,0x00,0x00,0x00,0x3f,0x01,0x01,0x01,0x1f,0x01,0x01,0x01,0x01,0x00,
    0x00,0x00,0x00,0x00,0x3c,0x42,0x01,0x01,0x71,0x41,0x41,0x62,0x5c,0x00,0x00,0x00,
    0x00,0x00,0x41,0x41,0x41,0x41,0x7f,0x41,0x41,0x41,0x41,0x00,0x00,0x00,0x00,0x00,
    0x02,0x02,0x02,0x02,0x02,0x02,0x02,0x02,0x02,0x00,0x00,0x00,0x00,0x00,0x20,0x20,
    0x20,0x20,0x20,0x20,0x21,0x11,0x0e,0x00,0x00,0x00,0x00,0x00,0x21,0x11,0x09,0x05,
    0x03,0x05,0x09,0x11,0x21,0x00,0x00,0x00,0x00,0x00,0x01,0x01,0x01,0x01,0x01,0x01,
    0x01,0x01,0x3f,0x00,0x00,0x00,0x00,0x00,0x81,0xc3,0xa5,0x99,0x81,0x81,0x81,0x81,
    0x81,0x00,0x00,0x00,0x00,0x00,0x41,0x43,0x45,0x49,0x51,0x61,0x41,0x41,0x41,0x00,
    0x00,0x00,0x00,0x00,0x1c,0x22,0x41,0x41,0x41,0x41,0x41,0x22,0x1c,0x00,0x00,0x00,
    0x00,0x00,0x1f,0x21,0x21,0x21,0x1f,0x01,0x01,0x01,0x01,0x00,0x00,0x00,0x00,0x00,
    0x1c,0x22,0x41,0x41,0x41,0x41,0x41,0x22,0x1c,0x10,0x60,0x00,0x00,0x00,0x1f,0x21,
    0x21,0x21,0x1f,0x05,0x09,0x11,0x21,0x00,0x00,0x00,0x00,0x00,0x1e,0x21,0x01,0x01,
    0x1e,0x20,0x20,0x21,0x1e,0x00,0x00,0x00,0x00,0x00,0x7f,0x08,0x08,0x08,0x08,0x08,
    0x08,0x08,0x08,0x00,0x00,0x00,0x00,0x00,0x41,0x41,0x41,0x41,0x41,0x41,0x41,0x22,
    0x1c,0x00,0x00,0x00,0x00,0x00,0x41,0x41,0x22,0x22,0x22,0x14,0x14,0x08,0x08,0x00,
    0x00,0x00,0x00,0x00,0x41,0x41,0x41,0x49,0x49,0x55,0x55,0x22,0x22,0x00,0x00,0x00,
    0x00,0x00,0x21,0x21,0x12,0x12,0x0c,0x12,0x12,0x21,0x21,0x00,0x00,0x00,0x00,0x00,
    0x41,0x41,0x22,0x22,0x14,0x08,0x08,0x08,0x08,0x00,0x00,0x00,0x00,0x00,0x3f,0x20,
    0x10,0x08,0x04,0x02,0x01,0x01,0x3f,0x00,0x00,0x00,0x00,0x0e,0x02,0x02,0x02,0x02,
    0x02,0x02,0x02,0x02,0x02,0x0e,0x00,0x00,0x00,0x00,0x02,0x02,0x04,0x04,0x08,0x08,
    0x10,0x10,0x20,0x20,0x00,0x00,0x00,0x0e,0x08,0x08,0x08,0x08,0x08,0x08,0x08,0x08,
    0x08,0x0e,0x00,0x00,0x00,0x04,0x0a,0x11,0x00,0x00,0x00,0x00,0x00,0x00,0x00,0x00,
    0x00,0x00,0x00,0x00,0x00,0x00,0x00,0x00,0x00,0x00,0x00,0x00,0x00,0x3f,0x00,0x00,
    0x00,0x00,0x01,0x02,0x00,0x00,0x00,0x00,0x00,0x00,0x00,0x00,0x00,0x00,0x00,0x00,
    0x00,0x00,0x00,0x0e,0x10,0x1e,0x11,0x11,0x1e,0x00,0x00,0x00,0x00,0x00,0x01,0x01,
    0x01,0x0f,0x11,0x11,0x11,0x11,0x0f,0x00,0x00,0x00,0x00,0x00,0x00,0x00,0x00,0x0e,
    0x11,0x01,0x01,0x11,0x0e,0x00,0x00,0x00,0x00,0x00,0x10,0x10,0x10,0x1e,0x11,0x11,
    0x11,0x11,0x1e,0x00,0x00,0x00,0x00,0x00,0x00,0x00,0x00,0x0e,0x11,0x1f,0x01,0x11,
    0x0e,0x00,0x00,0x00,0x00,0x00,0x18,0x04,0x04,0x1f,0x04,0x04,0x04,0x04,0x04,0x00,
    0x00,0x00,0x00,0x00,0x00,0x00,0x00,0x1e,0x11,0x11,0x11,0x11,0x1e,0x10,0x11,0x0e,
    0x00,0x00,0x01,0x01,0x01,0x0d,0x13,0x11,0x11,0x11,0x11,0x00,0x00,0x00,0x00,0x00,
    0x02,0x00,0x00,0x02,0x02,0x02,0x02,0x02,0x02,0x00,0x00,0x00,0x00,0x00,0x02,0x00,
    0x00,0x02,0x02,0x02,0x02,0x02,0x02,0x02,0x01,0x00,0x00,0x00,0x01,0x01,0x01,0x09,
    0x05,0x03,0x05,0x09,0x11,0x00,0x00,0x00,0x00,0x02,0x02,0x02,0x02,0x02,0x02,0x02,
    0x02,0x02,0x02,0x00,0x00,0x00,0x00,0x00,0x00,0x00,0x00,0x3f,0x49,0x49,0x49,0x49,
    0x49,0x00,0x00,0x00,0x00,0x00,0x00,0x00,0x00,0x0d,0x13,0x11,0x11,0x11,0x11,0x00,
    0x00,0x00,0x00,0x00,0x00,0x00,0x00,0x0e,0x11,0x11,0x11,0x11,0x0e,0x00,0x00,0x00,
    0x00,0x00,0x00,0x00,0x00,0x0f,0x11,0x11,0x11,0x11,0x0f,0x01,0x01,0x01,0x00,0x00,
    0x00,0x00,0x00,0x1e,0x11,0x11,0x11,0x11,0x1e,0x10,0x10,0x10,0x00,0x00,0x00,0x00,
    0x00,0x0d,0x03,0x01,0x01,0x01,0x01,0x00,0x00,0x00,0x00,0x00,0x00,0x00,0x00,0x0e,
    0x01,0x0e,0x10,0x11,0x0e,0x00,0x00,0x00,0x00,0x00,0x02,0x02,0x02,0x0f,0x02,0x02,
    0x02,0x02,0x0c,0x00,0x00,0x00,0x00,0x00,0x00,0x00,0x00,0x11,0x11,0x11,0x11,0x19,
    0x16,0x00,0x00,0x00,0x00,0x00,0x00,0x00,0x00,0x11,0x11,0x0a,0x0a,0x04,0x04,0x00,
    0x00,0x00,0x00,0x00,0x00,0x00,0x00,0x41,0x41,0x49,0x55,0x55,0x22,0x00,0x00,0x00,
    0x00,0x00,0x00,0x00,0x00,0x11,0x0a,0x04,0x04,0x0a,0x11,0x00,0x00,0x00,0x00,0x00,
    0x00,0x00,0x00,0x11,0x11,0x11,0x11,0x11,0x1e,0x10,0x11,0x0e,0x00,0x00,0x00,0x00,
    0x00,0x1f,0x08,0x04,0x02,0x01,0x1f,0x00,0x00,0x00,0x00,0x30,0x08,0x08,0x08,0x08,
    0x06,0x08,0x08,0x08,0x08,0x30,0x00,0x00,0x00,0x04,0x04,0x04,0x04,0x04,0x04,0x04,
    0x04,0x04,0x04,0x04,0x00,0x00,0x00,0x06,0x08,0x08,0x08,0x08,0x30,0x08,0x08,0x08,
    0x08,0x06,0x00,0x00,0x00,0x00,0x00,0x00,0x00,0x00,0x26,0x19,0x00,0x00,0x00,0x00,
    0x00,0x00,
};
